Source,Target,Type,Id,Label,Weight
1568303753115144194,1638320544788406273,Directed,0,,247
1568303753115144194,1186590420626804737,Directed,1,,75
1568303753115144194,1478147158859788290,Directed,2,,180
1568303753115144194,1242287686095794176,Directed,3,,22
1568303753115144194,1638372580464685056,Directed,4,,230
1568303753115144194,1636462225794670601,Directed,5,,27
1568303753115144194,2960042892,Directed,6,,177
1568303753115144194,50635701,Directed,7,,93
1568303753115144194,703814694667198464,Directed,8,,39
1568303753115144194,772457957829316608,Directed,9,,60
1568303753115144194,1643605068921421825,Directed,10,,44
1568303753115144194,994276795192086528,Directed,11,,71
1568303753115144194,1012427773678366721,Directed,12,,4
1568303753115144194,1043631398366654464,Directed,13,,174
1568303753115144194,1107179341421707264,Directed,14,,32
1568303753115144194,1338550576599195655,Directed,15,,12
1568303753115144194,1577715113679020032,Directed,16,,45
1568303753115144194,1524700831345373184,Directed,17,,12
1568303753115144194,1554905423886548992,Directed,18,,45
1568303753115144194,1573982906988503041,Directed,19,,1
1568303753115144194,38154763,Directed,20,,79
1568303753115144194,1251475704803405826,Directed,21,,92
1568303753115144194,2330215110,Directed,22,,1
1568303753115144194,785860478069342209,Directed,23,,5
1568303753115144194,1469776398265069571,Directed,24,,6
1568303753115144194,48187231,Directed,25,,44
1568303753115144194,1580960286978236416,Directed,26,,4
1568303753115144194,1384818140706652161,Directed,27,,1
1568303753115144194,1394066133922156546,Directed,28,,62
1568303753115144194,1640904775276326913,Directed,29,,3
1568303753115144194,972611156,Directed,30,,109
1568303753115144194,1681455609118326784,Directed,31,,102
1568303753115144194,1189752218,Directed,32,,19
1568303753115144194,1573393725568557057,Directed,33,,11
1568303753115144194,1558756902309355520,Directed,34,,90
1568303753115144194,75861029,Directed,35,,28
1568303753115144194,1497800562162737152,Directed,36,,1
1568303753115144194,1053580015986765824,Directed,37,,44
1568303753115144194,1583212500232933377,Directed,38,,45
1568303753115144194,1588433792645177345,Directed,39,,2
1568303753115144194,1616954341851648000,Directed,40,,51
1568303753115144194,1576019107329282048,Directed,41,,66
1568303753115144194,1638272105161842688,Directed,42,,18
1568303753115144194,1623426853410164742,Directed,43,,1
1568303753115144194,1218640877419188224,Directed,44,,32
1568303753115144194,1416725066,Directed,45,,6
1568303753115144194,1603767524406984706,Directed,46,,1
1568303753115144194,1041985034964672512,Directed,47,,21
1568303753115144194,1029210461684867072,Directed,48,,4
1568303753115144194,1646743874092638211,Directed,49,,11
1568303753115144194,1647639066450735104,Directed,50,,17
1568303753115144194,1645751225701347328,Directed,51,,17
1568303753115144194,1574497778436300801,Directed,52,,11
1568303753115144194,226928166,Directed,53,,4
1568303753115144194,1617271743206268929,Directed,54,,1
1568303753115144194,1080647556,Directed,55,,38
1568303753115144194,1572570659712110593,Directed,56,,90
1568303753115144194,1199816676675670016,Directed,57,,111
1568303753115144194,1511738725050449920,Directed,58,,7
1568303753115144194,1261807960885321729,Directed,59,,1
1568303753115144194,1032558697,Directed,60,,16
1568303753115144194,1640970275826089987,Directed,61,,1
1568303753115144194,53341507,Directed,62,,2
1568303753115144194,1292732052354355201,Directed,63,,20
1568303753115144194,1490267822072729601,Directed,64,,44
1568303753115144194,1574693752077275139,Directed,65,,10
1568303753115144194,1112025263850901506,Directed,66,,4
1568303753115144194,1572512750030438400,Directed,67,,98
1568303753115144194,1621577788045275136,Directed,68,,1
1568303753115144194,1582733191672385536,Directed,69,,5
1568303753115144194,1598049486282047488,Directed,70,,18
1568303753115144194,1249146360584114177,Directed,71,,30
1568303753115144194,1573617862446563330,Directed,72,,86
1568303753115144194,1316871821317361670,Directed,73,,1
1568303753115144194,1500298026530877451,Directed,74,,66
1568303753115144194,1163760331002392577,Directed,75,,1
1568303753115144194,1573212677983313922,Directed,76,,4
1568303753115144194,946961836003401734,Directed,77,,43
1568303753115144194,888966422893928449,Directed,78,,1
1568303753115144194,975494625095028737,Directed,79,,8
1568303753115144194,1643833711614410752,Directed,80,,72
1568303753115144194,1593364889019498497,Directed,81,,1
1568303753115144194,1638895382137651202,Directed,82,,7
1568303753115144194,1706719411711696896,Directed,83,,37
1568303753115144194,1169476002222940162,Directed,84,,4
1568303753115144194,1371110373961646083,Directed,85,,36
1568303753115144194,1473356476580352005,Directed,86,,3
1568303753115144194,1296922437800677381,Directed,87,,39
1568303753115144194,1574488552250933250,Directed,88,,1
1568303753115144194,1573221924926373889,Directed,89,,2
1568303753115144194,1490080950365085696,Directed,90,,6
1568303753115144194,1582882166597246977,Directed,91,,1
1568303753115144194,1573615156713689088,Directed,92,,1
1568303753115144194,1612537175328825359,Directed,93,,1
1568303753115144194,1346149931023798274,Directed,94,,9
1568303753115144194,1392985949382995977,Directed,95,,1
1568303753115144194,1646741342444302337,Directed,96,,2
1568303753115144194,1558783775584182272,Directed,97,,6
1568303753115144194,1652864429791510528,Directed,98,,1
1568303753115144194,1370279648970555392,Directed,99,,61
1568303753115144194,1040968883144990725,Directed,100,,23
1568303753115144194,1252192266443272196,Directed,101,,82
1568303753115144194,1645357369298153475,Directed,102,,27
1568303753115144194,1416128503,Directed,103,,5
1568303753115144194,1574521584743768072,Directed,104,,34
1568303753115144194,1509254564469428231,Directed,105,,32
1568303753115144194,1574114490869862401,Directed,106,,215
1568303753115144194,1550936600397447169,Directed,107,,1
1568303753115144194,1654318410497392642,Directed,108,,2
1568303753115144194,1541318977367973888,Directed,109,,8
1568303753115144194,1570519055554969600,Directed,110,,8
1568303753115144194,1643525583140270081,Directed,111,,73
1568303753115144194,1531082260027281408,Directed,112,,4
1568303753115144194,62855930,Directed,113,,2
1568303753115144194,219819371,Directed,114,,5
1568303753115144194,748584200014536704,Directed,115,,16
1568303753115144194,1660049202569773056,Directed,116,,40
1568303753115144194,1248350208225878016,Directed,117,,8
1568303753115144194,1578172231573700608,Directed,118,,2
1568303753115144194,1526823888906231809,Directed,119,,10
1568303753115144194,1525153468675137536,Directed,120,,1
1568303753115144194,476691303,Directed,121,,15
1568303753115144194,2894661244,Directed,122,,32
1568303753115144194,1518885707321905154,Directed,123,,1
1568303753115144194,1640093268317724672,Directed,124,,3
1568303753115144194,2916680884,Directed,125,,2
1568303753115144194,894177293710610434,Directed,126,,1
1568303753115144194,1647623661480984576,Directed,127,,4
1568303753115144194,1707217411080925184,Directed,128,,4
1568303753115144194,1420812686934302721,Directed,129,,4
1568303753115144194,1551602714517307393,Directed,130,,1
1568303753115144194,945886639603310592,Directed,131,,5
1568303753115144194,1612207845642047492,Directed,132,,4
1568303753115144194,1288793297721290754,Directed,133,,6
1568303753115144194,1707855532881809408,Directed,134,,4
1568303753115144194,1488835812112441345,Directed,135,,21
1568303753115144194,38220732,Directed,136,,9
1568303753115144194,875599848761737216,Directed,137,,5
1568303753115144194,1557772247930212352,Directed,138,,2
1568303753115144194,1573619336597626881,Directed,139,,2
1568303753115144194,1518680960946130946,Directed,140,,5
1568303753115144194,1651156435588329474,Directed,141,,10
1568303753115144194,1419883110225698816,Directed,142,,14
1568303753115144194,1534307095314681867,Directed,143,,19
1568303753115144194,1266443918981255169,Directed,144,,2
1568303753115144194,1562418652032684034,Directed,145,,24
1568303753115144194,1638232589533061136,Directed,146,,1
1568303753115144194,1008062167172644864,Directed,147,,24
1568303753115144194,1656624502397100032,Directed,148,,1
1568303753115144194,1576935438039793665,Directed,149,,2
1568303753115144194,1291259527938093057,Directed,150,,3
1568303753115144194,1571734612153634817,Directed,151,,1
1568303753115144194,1393479363132379139,Directed,152,,14
1568303753115144194,1676213344062021632,Directed,153,,25
1568303753115144194,1512735323687727104,Directed,154,,24
1568303753115144194,1619126103968456705,Directed,155,,1
1568303753115144194,1326087377136267264,Directed,156,,1
1568303753115144194,1578153202305974273,Directed,157,,1
1568303753115144194,1596117986200506368,Directed,158,,1
1568303753115144194,1683983896713601024,Directed,159,,3
1568303753115144194,1386076323286814724,Directed,160,,4
1568303753115144194,1472758506902204423,Directed,161,,1
1568303753115144194,878301870468608000,Directed,162,,3
1568303753115144194,1638570663047725057,Directed,163,,35
1568303753115144194,1443926663243440139,Directed,164,,2
1568303753115144194,1196864822,Directed,165,,1
1568303753115144194,3164924710,Directed,166,,1
1568303753115144194,1238564924508516353,Directed,167,,3
1568303753115144194,1574837076884951043,Directed,168,,1
1568303753115144194,1315559520727437312,Directed,169,,4
1568303753115144194,47536841,Directed,170,,5
1568303753115144194,1485311883271933956,Directed,171,,6
1568303753115144194,1636689500586876931,Directed,172,,71
1568303753115144194,1626241462126972928,Directed,173,,1
1568303753115144194,1573869416218996741,Directed,174,,71
1568303753115144194,1329710757865459712,Directed,175,,7
1568303753115144194,947626817493585920,Directed,176,,30
1568303753115144194,1040326301285052418,Directed,177,,3
1568303753115144194,1616731570668290050,Directed,178,,3
1568303753115144194,1631288716328161283,Directed,179,,36
1568303753115144194,47481067,Directed,180,,1
1568303753115144194,1379391392,Directed,181,,1
1568303753115144194,1324725705532448769,Directed,182,,12
1568303753115144194,1596154813082763264,Directed,183,,14
1568303753115144194,1270789421756026881,Directed,184,,17
1568303753115144194,1655964835664756738,Directed,185,,1
1568303753115144194,1680518972037292037,Directed,186,,1
1568303753115144194,1569804670805352448,Directed,187,,1
1568303753115144194,1638469421197848579,Directed,188,,7
1568303753115144194,1700769788765589504,Directed,189,,1
1568303753115144194,849819334293803013,Directed,190,,2
1568303753115144194,1605464791161741312,Directed,191,,8
1568303753115144194,1636979523693473799,Directed,192,,4
1568303753115144194,1323908457624424448,Directed,193,,1
1568303753115144194,1704949913971314689,Directed,194,,9
1568303753115144194,947322816990298112,Directed,195,,1
1568303753115144194,1156625716655599617,Directed,196,,9
1568303753115144194,1519714962754523142,Directed,197,,1
1568303753115144194,1578399264274882560,Directed,198,,17
1568303753115144194,1362436556481581060,Directed,199,,1
1568303753115144194,1525051315801542659,Directed,200,,12
1568303753115144194,2149491403,Directed,201,,1
1568303753115144194,1610979512249982978,Directed,202,,1
1568303753115144194,1623218354289876993,Directed,203,,10
1568303753115144194,1511744013988241411,Directed,204,,2
1568303753115144194,893757772025798656,Directed,205,,1
1568303753115144194,1352042017665265666,Directed,206,,10
1568303753115144194,998618523483156480,Directed,207,,5
1568303753115144194,896665728463638528,Directed,208,,1
1568303753115144194,1106789874701619200,Directed,209,,7
1568303753115144194,1416018828182556672,Directed,210,,1
1568303753115144194,1242363361,Directed,211,,2
1568303753115144194,1489383149838733312,Directed,212,,5
1568303753115144194,1526334954837143553,Directed,213,,3
1568303753115144194,1641741208266342401,Directed,214,,1
1568303753115144194,1608512145569751042,Directed,215,,1
1568303753115144194,1216997801189691392,Directed,216,,1
1568303753115144194,1706335075,Directed,217,,1
1568303753115144194,808471274255220737,Directed,218,,4
1568303753115144194,1492783710,Directed,219,,4
1568303753115144194,557396412,Directed,220,,6
1568303753115144194,1390743022422401024,Directed,221,,2
1568303753115144194,2762279140,Directed,222,,1
1568303753115144194,1710803437548367872,Directed,223,,1
1568303753115144194,851214088793448450,Directed,224,,10
1568303753115144194,1599809875126751234,Directed,225,,1
1568303753115144194,96951983,Directed,226,,2
1568303753115144194,1239655549,Directed,227,,3
1568303753115144194,1602922377419292672,Directed,228,,2
1568303753115144194,1488075796782751753,Directed,229,,2
1568303753115144194,1583076982442663937,Directed,230,,1
1568303753115144194,1611577290135142402,Directed,231,,3
1568303753115144194,1453987492068212736,Directed,232,,3
1568303753115144194,1506110026993348615,Directed,233,,2
1568303753115144194,1511738306836504581,Directed,234,,3
1568303753115144194,1323765584455192578,Directed,235,,6
1568303753115144194,1345663888789020677,Directed,236,,2
1568303753115144194,1631220001653784576,Directed,237,,60
1568303753115144194,1585282599395758083,Directed,238,,5
1568303753115144194,1591250748754518017,Directed,239,,27
1568303753115144194,1561118056306335744,Directed,240,,1
1568303753115144194,1572563296305426433,Directed,241,,36
1568303753115144194,1578071628491137026,Directed,242,,1
1568303753115144194,1260530095841783809,Directed,243,,9
1568303753115144194,1222773302441148416,Directed,244,,4
1568303753115144194,1589170320241565697,Directed,245,,1
1568303753115144194,746817874002579457,Directed,246,,6
1568303753115144194,1620800608205783041,Directed,247,,1
1568303753115144194,1625234228488159237,Directed,248,,2
1568303753115144194,1598395469868040192,Directed,249,,2
1568303753115144194,1022955628686401536,Directed,250,,2
1568303753115144194,1696062547533684736,Directed,251,,10
1568303753115144194,1298583867801174016,Directed,252,,2
1568303753115144194,1461216523515621376,Directed,253,,1
1568303753115144194,1400883208292610051,Directed,254,,1
1568303753115144194,1585388439087849473,Directed,255,,1
1568303753115144194,2269814823,Directed,256,,7
1568303753115144194,1480423559004672003,Directed,257,,1
1568303753115144194,1044874735811735552,Directed,258,,1
1568303753115144194,874330245037527040,Directed,259,,15
1568303753115144194,1645695880702603266,Directed,260,,1
1568303753115144194,1596897029720096768,Directed,261,,1
1568303753115144194,1690861584510259200,Directed,262,,13
1568303753115144194,1584869744913547267,Directed,263,,1
1568303753115144194,1573790642634989569,Directed,264,,1
1568303753115144194,1603123931627520000,Directed,265,,1
1568303753115144194,1216146263428751361,Directed,266,,11
1568303753115144194,1411423943580389378,Directed,267,,1
1568303753115144194,1666399385016467456,Directed,268,,18
1568303753115144194,1643081243561713670,Directed,269,,1
1568303753115144194,1541356074246209537,Directed,270,,7
1568303753115144194,1284068387103166464,Directed,271,,8
1568303753115144194,1619331066145214466,Directed,272,,1
1568303753115144194,1613674746008174593,Directed,273,,1
1568303753115144194,1643754455354028035,Directed,274,,2
1568303753115144194,1557075393240125443,Directed,275,,3
1568303753115144194,1670611469761925120,Directed,276,,1
1568303753115144194,1662469694962515968,Directed,277,,1
1568303753115144194,1708871023737593856,Directed,278,,1
1568303753115144194,1376505811313254403,Directed,279,,23
1568303753115144194,1504067647335510018,Directed,280,,2
1568303753115144194,1408774528445128707,Directed,281,,12
1568303753115144194,1352269044330721282,Directed,282,,6
1568303753115144194,1589302884100882433,Directed,283,,2
1568303753115144194,1441729982816948230,Directed,284,,3
1568303753115144194,4105891150,Directed,285,,3
1568303753115144194,2555010592,Directed,286,,3
1568303753115144194,958274012081217536,Directed,287,,1
1568303753115144194,1640089515938414592,Directed,288,,2
1568303753115144194,1354380643568922626,Directed,289,,2
1568303753115144194,1220928529090666496,Directed,290,,6
1568303753115144194,1637836225846321155,Directed,291,,1
1568303753115144194,1697196053064261632,Directed,292,,1
1568303753115144194,1727070892839030785,Directed,293,,3
1568303753115144194,1583145612266070016,Directed,294,,4
1568303753115144194,596050685,Directed,295,,1
1568303753115144194,1120377028979462147,Directed,296,,1
1568303753115144194,1404046472908247048,Directed,297,,2
1568303753115144194,1688135722081894400,Directed,298,,2
1568303753115144194,1585938082213367808,Directed,299,,1
1568303753115144194,1570378242493943810,Directed,300,,1
1568303753115144194,1498761925353779200,Directed,301,,1
1568303753115144194,1268983666711171072,Directed,302,,2
1568303753115144194,317177251,Directed,303,,2
1568303753115144194,1721580885923741697,Directed,304,,1
1568303753115144194,1421856984534556689,Directed,305,,1
1568303753115144194,1191466789269471232,Directed,306,,4
1568303753115144194,1435634995,Directed,307,,1
1568303753115144194,1649652938858536961,Directed,308,,1
1568303753115144194,1570945344409665541,Directed,309,,1
1568303753115144194,1591897237638070272,Directed,310,,1
1568303753115144194,1389984802829438976,Directed,311,,1
1568303753115144194,936411354214178816,Directed,312,,3
1568303753115144194,1592818045138997253,Directed,313,,1
1568303753115144194,1186805594285576193,Directed,314,,40
1568303753115144194,1445444813143216140,Directed,315,,70
1568303753115144194,1601499135487754241,Directed,316,,8
1568303753115144194,1639733491611959296,Directed,317,,8
1568303753115144194,1243088479224913921,Directed,318,,3
1568303753115144194,50516018,Directed,319,,2
1568303753115144194,1573188352471625728,Directed,320,,2
1568303753115144194,1540120671338041345,Directed,321,,1
1568303753115144194,1574768749714051073,Directed,322,,2
1568303753115144194,950766802329518080,Directed,323,,1
1568303753115144194,1052660106637266945,Directed,324,,1
1568303753115144194,1653570238225555456,Directed,325,,1
1568303753115144194,1592938318869716995,Directed,326,,2
1568303753115144194,1585024494174969869,Directed,327,,1
1568303753115144194,1439001331361013766,Directed,328,,6
1568303753115144194,1502152758887022593,Directed,329,,1
1568303753115144194,1690345573516275712,Directed,330,,1
1568303753115144194,1027792538512633857,Directed,331,,3
1568303753115144194,1470272320803844097,Directed,332,,1
1568303753115144194,1625079279208878080,Directed,333,,5
1568303753115144194,1498372401989664769,Directed,334,,2
1568303753115144194,1216224241479114752,Directed,335,,1
1568303753115144194,83733620,Directed,336,,1
1568303753115144194,880801993039761408,Directed,337,,1
1568303753115144194,982872801026760704,Directed,338,,1
1568303753115144194,1682882603848806400,Directed,339,,1
1568303753115144194,1603747790773002240,Directed,340,,1
1568303753115144194,1070248436837072896,Directed,341,,1
1568303753115144194,1087816271582937090,Directed,342,,8
1568303753115144194,1337975805109035008,Directed,343,,1
1568303753115144194,1728654283254513664,Directed,344,,1
1568303753115144194,1640829929544720386,Directed,345,,1
1568303753115144194,1396462558673055745,Directed,346,,1
1568303753115144194,1371728288524210177,Directed,347,,1
1568303753115144194,1564600735790415874,Directed,348,,2
1568303753115144194,1721033259646074880,Directed,349,,1
1568303753115144194,947066796342956032,Directed,350,,1
1568303753115144194,1573840959976230912,Directed,351,,1
1568303753115144194,1714409247642136576,Directed,352,,7
1568303753115144194,1574592070651625473,Directed,353,,2
1568303753115144194,1698107533431394304,Directed,354,,51
1568303753115144194,1468341134053330947,Directed,355,,2
1568303753115144194,1573626394545881088,Directed,356,,5
1568303753115144194,1646044995676168193,Directed,357,,1
1568303753115144194,1405756958225813504,Directed,358,,1
1568303753115144194,1546124879593934856,Directed,359,,1
1568303753115144194,171200086,Directed,360,,1
1568303753115144194,1021124789044490240,Directed,361,,4
1568303753115144194,1287101616198504448,Directed,362,,1
1568303753115144194,47399105,Directed,363,,1
1568303753115144194,982979291884474369,Directed,364,,1
1568303753115144194,1302855722829570050,Directed,365,,3
1568303753115144194,1351943381853868032,Directed,366,,3
1568303753115144194,704387476794830848,Directed,367,,1
1568303753115144194,1725266918255341568,Directed,368,,1
1568303753115144194,1574008411360043008,Directed,369,,20
1568303753115144194,20668842,Directed,370,,1
1568303753115144194,1589945343315251200,Directed,371,,7
1568303753115144194,1405276496936280068,Directed,372,,3
1568303753115144194,1638895498785443840,Directed,373,,3
1568303753115144194,1678403219980967942,Directed,374,,2
1568303753115144194,1486269461476818950,Directed,375,,1
1568303753115144194,1613903983030026240,Directed,376,,23
1568303753115144194,1583428526635880449,Directed,377,,6
1568303753115144194,1639869332225155074,Directed,378,,1
1568303753115144194,1113100093,Directed,379,,1
1568303753115144194,1651310710104760322,Directed,380,,1
1568303753115144194,1647263738792116225,Directed,381,,1
1568303753115144194,946806590249848842,Directed,382,,1
1568303753115144194,1499079859397615619,Directed,383,,5
1568303753115144194,40501660,Directed,384,,1
1568303753115144194,949759277224419328,Directed,385,,1
1568303753115144194,1578107616525488143,Directed,386,,1
1568303753115144194,1176506435800313856,Directed,387,,3
1568303753115144194,1648800637029580802,Directed,388,,1
1568303753115144194,1707050903063392256,Directed,389,,3
1568303753115144194,3301947536,Directed,390,,7
1568303753115144194,1695913196366819328,Directed,391,,1
1568303753115144194,338949202,Directed,392,,4
1568303753115144194,1582464406403022848,Directed,393,,1
1568303753115144194,1503836775290224642,Directed,394,,2
1568303753115144194,1588457977983356928,Directed,395,,10
1568303753115144194,1686354204971966465,Directed,396,,2
1568303753115144194,1585810610356461568,Directed,397,,2
1568303753115144194,773230604133564416,Directed,398,,1
1568303753115144194,1514905483597037573,Directed,399,,4
1568303753115144194,1622902731999703040,Directed,400,,3
1568303753115144194,1573867874430623745,Directed,401,,3
1568303753115144194,1705499530379120640,Directed,402,,1
1568303753115144194,754996830774161408,Directed,403,,1
1568303753115144194,1600978011477549056,Directed,404,,1
1568303753115144194,1494350119881388039,Directed,405,,7
1568303753115144194,1658882421696102407,Directed,406,,26
1568303753115144194,1458869065506865155,Directed,407,,1
1568303753115144194,1459731239301169153,Directed,408,,1
1568303753115144194,860332880,Directed,409,,12
1568303753115144194,2592412147,Directed,410,,3
1568303753115144194,1539842508569600001,Directed,411,,1
1568303753115144194,829733919499100160,Directed,412,,6
1568303753115144194,1579687453023211521,Directed,413,,1
1568303753115144194,1416368658574680067,Directed,414,,1
1568303753115144194,1578650348692070402,Directed,415,,8
1568303753115144194,3189754680,Directed,416,,3
1568303753115144194,2804605933,Directed,417,,1
1568303753115144194,1558391889681842181,Directed,418,,1
1568303753115144194,1600181381220507651,Directed,419,,12
1568303753115144194,2233404235,Directed,420,,2
1568303753115144194,1649854083006709766,Directed,421,,2
1568303753115144194,1241983992909443084,Directed,422,,2
1568303753115144194,1736869691283357696,Directed,423,,11
1568303753115144194,1598284922481000454,Directed,424,,1
1568303753115144194,1452988352345612292,Directed,425,,4
1568303753115144194,770969457682329600,Directed,426,,1
1568303753115144194,1656383363605843968,Directed,427,,9
1568303753115144194,799352435034771456,Directed,428,,2
1568303753115144194,1571428477236137987,Directed,429,,6
1568303753115144194,2934403896,Directed,430,,3
1568303753115144194,723720232720838657,Directed,431,,1
1568303753115144194,1734336665613668352,Directed,432,,1
1568303753115144194,1357941918353793025,Directed,433,,1
1568303753115144194,2300535848,Directed,434,,1
1568303753115144194,1468914874726203393,Directed,435,,1
1568303753115144194,928712499804827648,Directed,436,,1
1568303753115144194,1573452109814661120,Directed,437,,4
1568303753115144194,1616136377124388865,Directed,438,,1
1568303753115144194,1705422608768835584,Directed,439,,3
1568303753115144194,2435148192,Directed,440,,5
1568303753115144194,1709670290274344962,Directed,441,,1
1568303753115144194,1560247010304860161,Directed,442,,1
1568303753115144194,1616347429389078528,Directed,443,,3
1568303753115144194,1727075143686475776,Directed,444,,1
1568303753115144194,1472241014026952708,Directed,445,,1
1568303753115144194,1530063351799091202,Directed,446,,2
1568303753115144194,1595059660452601856,Directed,447,,16
1568303753115144194,1339908124417863680,Directed,448,,1
1568303753115144194,1724342779361329152,Directed,449,,8
1568303753115144194,1707641725294985216,Directed,450,,5
1568303753115144194,1616812867642347522,Directed,451,,1
1568303753115144194,1345627777182138369,Directed,452,,2
1568303753115144194,1559057553933225985,Directed,453,,1
1568303753115144194,1572088828155887618,Directed,454,,2
1568303753115144194,1575389838685224962,Directed,455,,6
1568303753115144194,951741779581329408,Directed,456,,1
1568303753115144194,1225903431333924864,Directed,457,,1
1568303753115144194,1687682266162405376,Directed,458,,3
1568303753115144194,2383455180,Directed,459,,1
1568303753115144194,1451665939800416256,Directed,460,,1
1568303753115144194,1560341138283937797,Directed,461,,2
1568303753115144194,1748730669671370752,Directed,462,,13
1568303753115144194,1582151491812528131,Directed,463,,1
1568303753115144194,1661737253553733638,Directed,464,,1
1568303753115144194,1531634591555002368,Directed,465,,3
1568303753115144194,1372750355918856201,Directed,466,,1
1568303753115144194,1736457101155651584,Directed,467,,2
1568303753115144194,1122035021844496384,Directed,468,,1
1568303753115144194,1350028591438974976,Directed,469,,1
1568303753115144194,1706352987441074176,Directed,470,,1
1568303753115144194,1458710321439199235,Directed,471,,1
1568303753115144194,993183721460260868,Directed,472,,1
1568303753115144194,1447570457964781570,Directed,473,,1
1568303753115144194,1556720657634889728,Directed,474,,1
1568303753115144194,1075893643272224768,Directed,475,,1
1568303753115144194,1412019498748723206,Directed,476,,1
1568303753115144194,25033880,Directed,477,,1
1568303753115144194,1710383664402485248,Directed,478,,1
1568303753115144194,1628821501431390209,Directed,479,,2
1568303753115144194,1390618040618954754,Directed,480,,1
1568303753115144194,1492065752580599809,Directed,481,,3
1568303753115144194,1523736596654215173,Directed,482,,1
1568303753115144194,47731642,Directed,483,,1
1568303753115144194,1262498994347036672,Directed,484,,3
1568303753115144194,1577305477788188674,Directed,485,,1
1568303753115144194,1750110426296156160,Directed,486,,18
1568303753115144194,1584591115692511232,Directed,487,,1
1568303753115144194,945912853197864960,Directed,488,,1
1568303753115144194,1216319834436308992,Directed,489,,1
1568303753115144194,1462164421824946182,Directed,490,,1
1568303753115144194,49426717,Directed,491,,1
1568303753115144194,1571556836121391104,Directed,492,,4
1568303753115144194,1580681279896522753,Directed,493,,1
1568303753115144194,875364810,Directed,494,,1
1568303753115144194,1639038177641103362,Directed,495,,5
1568303753115144194,1586417570772647943,Directed,496,,1
1568303753115144194,1594474722804244482,Directed,497,,4
1568303753115144194,1739317408639115264,Directed,498,,1
1568303753115144194,1305543467452440576,Directed,499,,1
1568303753115144194,1477975732907388929,Directed,500,,1
1568303753115144194,1735585756364591104,Directed,501,,3
1568303753115144194,1443669752577134601,Directed,502,,3
1568303753115144194,1453386596313669636,Directed,503,,1
1568303753115144194,1057741438878920704,Directed,504,,1
1568303753115144194,1088586629525180421,Directed,505,,1
1568303753115144194,1404118656733360137,Directed,506,,3
1568303753115144194,1742701726308724736,Directed,507,,2
1568303753115144194,1706909483690000385,Directed,508,,1
1568303753115144194,1073964891977986048,Directed,509,,1
1568303753115144194,1584478266252922880,Directed,510,,1
1568303753115144194,1325156511451021313,Directed,511,,2
1568303753115144194,1640990526169120772,Directed,512,,3
1568303753115144194,1401998060025266182,Directed,513,,1
1568303753115144194,1616717831168475137,Directed,514,,1
1568303753115144194,1679790290998112256,Directed,515,,1
1568303753115144194,1587884785560592390,Directed,516,,3
1568303753115144194,1674038181002375169,Directed,517,,1
1568303753115144194,1203372312298426369,Directed,518,,2
1568303753115144194,1312282910565826560,Directed,519,,1
1568303753115144194,1572673424572440576,Directed,520,,1
1568303753115144194,1717709678782644224,Directed,521,,2
1568303753115144194,1577818069942108161,Directed,522,,1
1568303753115144194,1092008549344002049,Directed,523,,1
1568303753115144194,1747199742843510784,Directed,524,,2
1568303753115144194,1559508190110404609,Directed,525,,1
1568303753115144194,1600101526458040320,Directed,526,,1
1568303753115144194,1588324962737262592,Directed,527,,2
1568303753115144194,1713530208114896896,Directed,528,,4
1568303753115144194,1757072289344962561,Directed,529,,9
1568303753115144194,1057972711446716416,Directed,530,,1
1568303753115144194,1552734571178983425,Directed,531,,2
1568303753115144194,1706992274532401152,Directed,532,,1
1568303753115144194,255073754,Directed,533,,1
1568303753115144194,54631666,Directed,534,,1
1568303753115144194,1640376844917563392,Directed,535,,1
1568303753115144194,1661497921836023808,Directed,536,,1
1568303753115144194,2293023016,Directed,537,,1
1568303753115144194,1672714891084406790,Directed,538,,4
1568303753115144194,760618514797436928,Directed,539,,1
1568303753115144194,1291494496354566144,Directed,540,,15
1568303753115144194,1390746117286019080,Directed,541,,1
1568303753115144194,812299621527588864,Directed,542,,3
1568303753115144194,1346766381614850048,Directed,543,,1
1568303753115144194,1588905411444461569,Directed,544,,12
1568303753115144194,1288966651208237056,Directed,545,,6
1568303753115144194,1684625172287098880,Directed,546,,2
1568303753115144194,1241379174079590400,Directed,547,,1
1568303753115144194,1746558343093657600,Directed,548,,1
1568303753115144194,1314641961614299138,Directed,549,,6
1568303753115144194,1698688416404168704,Directed,550,,1
1568303753115144194,1680520222669963266,Directed,551,,1
1568303753115144194,586053229,Directed,552,,1
1568303753115144194,1631868328435232771,Directed,553,,1
1568303753115144194,1404812545270157322,Directed,554,,4
1568303753115144194,1130573358687543297,Directed,555,,1
1568303753115144194,1588138345296646145,Directed,556,,1
1568303753115144194,1577669291637440513,Directed,557,,3
1568303753115144194,1251234815493496836,Directed,558,,1
1568303753115144194,1572916044485824515,Directed,559,,1
1568303753115144194,1719392781070635008,Directed,560,,1
1568303753115144194,1154546295555710977,Directed,561,,1
1568303753115144194,1400766722332938240,Directed,562,,1
1568303753115144194,1729673064131051520,Directed,563,,1
1568303753115144194,1463813363130150921,Directed,564,,1
1568303753115144194,1571959574298607617,Directed,565,,1
1568303753115144194,1514242653424177156,Directed,566,,1
1568303753115144194,1556235233674121216,Directed,567,,2
1568303753115144194,920590762294816769,Directed,568,,1
1568303753115144194,1638665833240035330,Directed,569,,1
1568303753115144194,1353957578,Directed,570,,1
1568303753115144194,1598739088785510406,Directed,571,,2
1568303753115144194,1745791816144703488,Directed,572,,4
1568303753115144194,1757094380492484608,Directed,573,,6
1568303753115144194,1728230319781031936,Directed,574,,1
1568303753115144194,1574057049465520128,Directed,575,,2
1568303753115144194,1350440736467124227,Directed,576,,1
1568303753115144194,1323572124,Directed,577,,1
1568303753115144194,1479372902151639043,Directed,578,,1
1568303753115144194,1675979674827075585,Directed,579,,6
1568303753115144194,1682228795196190720,Directed,580,,1
1568303753115144194,1763535092276686848,Directed,581,,6
1568303753115144194,1767405320022700033,Directed,582,,7
1568303753115144194,1568303753115144194,Directed,583,,43
1568303753115144194,1572926558393745409,Directed,584,,1
1568303753115144194,1647332709327355905,Directed,585,,2
1568303753115144194,1670637007067049985,Directed,586,,2
1568303753115144194,1546114239324045312,Directed,587,,3
1568303753115144194,1622661998247911432,Directed,588,,1
1568303753115144194,1773982376827187200,Directed,589,,4
1568303753115144194,1709251038975344640,Directed,590,,1
1568303753115144194,1252203214377824256,Directed,591,,1
1568303753115144194,1369735432318181378,Directed,592,,3
1568303753115144194,1823332595394113536,Directed,593,,2
1568303753115144194,1575586879118147585,Directed,594,,2
1568303753115144194,1817628312069439489,Directed,595,,2
1568303753115144194,1601881008957276160,Directed,596,,1
1568303753115144194,1810765787847872513,Directed,597,,1
1568303753115144194,1154738022497378304,Directed,598,,1
1568303753115144194,1539194693350834177,Directed,599,,1
1568303753115144194,1502022951377457160,Directed,600,,5
1568303753115144194,1286543637417988096,Directed,601,,2
1568303753115144194,1823272616720826368,Directed,602,,5
1568303753115144194,1743513189600391168,Directed,603,,4
1568303753115144194,1792650848998195201,Directed,604,,4
1568303753115144194,1699476251734429697,Directed,605,,1
1568303753115144194,2448586596,Directed,606,,3
1568303753115144194,1481385718614093824,Directed,607,,1
1568303753115144194,1773642111474139136,Directed,608,,2
1568303753115144194,1641061644729036800,Directed,609,,2
1568303753115144194,1509136805504987144,Directed,610,,3
1568303753115144194,1295875527123836931,Directed,611,,1
1568303753115144194,1226899205895139334,Directed,612,,1
1568303753115144194,1776590026714832896,Directed,613,,4
1568303753115144194,1978200242,Directed,614,,1
1568303753115144194,1718250682338168832,Directed,615,,5
1568303753115144194,1059151582841970689,Directed,616,,1
1568303753115144194,1576980152751308803,Directed,617,,1
1568303753115144194,1572011425161420800,Directed,618,,1
1568303753115144194,1720526912148197377,Directed,619,,1
1568303753115144194,1573755083296309256,Directed,620,,3
1568303753115144194,1573000519391518721,Directed,621,,1
1568303753115144194,18300931,Directed,622,,1
1568303753115144194,1572233570403360769,Directed,623,,4
1568303753115144194,1326027540,Directed,624,,1
1568303753115144194,1703279165154217984,Directed,625,,1
1568303753115144194,1524716910318919681,Directed,626,,2
1568303753115144194,1602137585693982721,Directed,627,,2
1568303753115144194,231653036,Directed,628,,1
1568303753115144194,1629243528969695232,Directed,629,,1
1568303753115144194,1222488702045302786,Directed,630,,1
1568303753115144194,1639587337683501057,Directed,631,,1
1568303753115144194,1702059165617659904,Directed,632,,1
1568303753115144194,1638875844914425859,Directed,633,,1
1568303753115144194,1266804354058784769,Directed,634,,1
1568303753115144194,1747303454060490753,Directed,635,,1
1568303753115144194,1526610471310094338,Directed,636,,1
1568303753115144194,1183847830059917314,Directed,637,,1
1568303753115144194,1694887719317422080,Directed,638,,3
1568303753115144194,1620754179756068864,Directed,639,,1
1568303753115144194,1766249770698276865,Directed,640,,1
1568303753115144194,1533438492298166272,Directed,641,,1
1568303753115144194,1427639046545809408,Directed,642,,1
1568303753115144194,1717595119333818368,Directed,643,,2
1568303753115144194,49050185,Directed,644,,1
1568303753115144194,1529466719332446208,Directed,645,,1
1568303753115144194,1282921215259144193,Directed,646,,1
1568303753115144194,1797885633190629376,Directed,647,,1
1568303753115144194,1685292634707755008,Directed,648,,1
1568303753115144194,47776285,Directed,649,,2
1568303753115144194,52787936,Directed,650,,1
1568303753115144194,1548417328861237250,Directed,651,,1
1568303753115144194,1745675927558696960,Directed,652,,1
1568303753115144194,1805612783976730624,Directed,653,,1
1568303753115144194,1769667263194365952,Directed,654,,2
1568303753115144194,1760182151491035136,Directed,655,,1
1568303753115144194,1126471400188010497,Directed,656,,1
1568303753115144194,1646561546997202957,Directed,657,,1
1568303753115144194,1744419333344821248,Directed,658,,2
1568303753115144194,1744326840699781120,Directed,659,,1
1568303753115144194,1572047101202206722,Directed,660,,1
1568303753115144194,1216361622551384065,Directed,661,,1
1568303753115144194,1040647294532702208,Directed,662,,1
1568303753115144194,1788239792162893824,Directed,663,,1
1568303753115144194,1673159541327015936,Directed,664,,1
1568303753115144194,1573481287951601664,Directed,665,,1
1568303753115144194,1549565007272222720,Directed,666,,1
1568303753115144194,1821214017979039744,Directed,667,,1
1568303753115144194,1597531199831932929,Directed,668,,1
1568303753115144194,1390659332304379908,Directed,669,,1
1568303753115144194,1614081022425022465,Directed,670,,1
1568303753115144194,949756970109517824,Directed,671,,1
1568303753115144194,1752602984142274560,Directed,672,,1
1568303753115144194,282324916,Directed,673,,1
1568303753115144194,1590078539524628481,Directed,674,,1
1568303753115144194,829772284550328324,Directed,675,,1
1568303753115144194,1509974674431782916,Directed,676,,1
1568303753115144194,1576783468453036033,Directed,677,,1
1568303753115144194,1392820108150509571,Directed,678,,1
1568303753115144194,1850229792,Directed,679,,1
1568303753115144194,1643174831108620291,Directed,680,,1
1568303753115144194,1709230436428152832,Directed,681,,1
1568303753115144194,1639541767795011586,Directed,682,,1
1568303753115144194,1820881850409349121,Directed,683,,1
719596352,2193495339,Directed,684,,1
719596352,3823943241,Directed,685,,5
719596352,1496784658524258311,Directed,686,,1
719596352,2950042619,Directed,687,,4
719596352,1147279258831773696,Directed,688,,17
719596352,738333428,Directed,689,,4
719596352,1471433509151592460,Directed,690,,1
719596352,3616678939,Directed,691,,1
719596352,921793308715823105,Directed,692,,3
719596352,724709308445917184,Directed,693,,2
719596352,1605505702809796608,Directed,694,,3
719596352,719596352,Directed,695,,69
719596352,66475556,Directed,696,,1
719596352,2356041844,Directed,697,,1
719596352,1198691072769249281,Directed,698,,17
719596352,1636709061935734785,Directed,699,,1
719596352,1448799366,Directed,700,,2
719596352,714366422806171648,Directed,701,,1
719596352,1445374618919911431,Directed,702,,1
719596352,1621005630801690626,Directed,703,,14
719596352,46628064,Directed,704,,1
719596352,1613899373972422659,Directed,705,,1
719596352,46287159,Directed,706,,3
719596352,1293866930244395014,Directed,707,,2
719596352,1668550825617022977,Directed,708,,2
719596352,1635703232021372933,Directed,709,,1
719596352,1181046985471746050,Directed,710,,1
719596352,1576702235152732161,Directed,711,,1
719596352,1896699619,Directed,712,,5
719596352,1486731271157870601,Directed,713,,18
719596352,3297594548,Directed,714,,4
719596352,1682332356420485121,Directed,715,,2
719596352,1063489842,Directed,716,,1
719596352,1157128312877006850,Directed,717,,1
719596352,1865344082,Directed,718,,1
719596352,1483830741771472899,Directed,719,,1
719596352,876852749765181445,Directed,720,,2
719596352,1444092138044723203,Directed,721,,1
719596352,1535012336670498835,Directed,722,,5
719596352,2955611162,Directed,723,,1
719596352,1068977654764879874,Directed,724,,1
719596352,307063886,Directed,725,,7
719596352,1681500568844369920,Directed,726,,1
719596352,769194300991234048,Directed,727,,1
719596352,867126568451280896,Directed,728,,9
719596352,1009843913832718336,Directed,729,,1
719596352,2930114046,Directed,730,,4
719596352,51484630,Directed,731,,2
719596352,2473622660,Directed,732,,1
719596352,888120721783742467,Directed,733,,1
719596352,872397577009934336,Directed,734,,1
719596352,984887272393904128,Directed,735,,1
719596352,962387325845164032,Directed,736,,3
719596352,1520886420109512704,Directed,737,,2
719596352,873302941020688384,Directed,738,,1
719596352,47133511,Directed,739,,1
719596352,954653399970086913,Directed,740,,5
719596352,759913021,Directed,741,,1
719596352,1317832037735321600,Directed,742,,1
719596352,1221084831334797312,Directed,743,,2
719596352,334161563,Directed,744,,8
719596352,1011684640627810304,Directed,745,,14
719596352,37241514,Directed,746,,2
719596352,2447969488,Directed,747,,1
719596352,1487117686001868806,Directed,748,,4
719596352,1496919051624398854,Directed,749,,6
719596352,2850594323,Directed,750,,1
719596352,1606479710812340226,Directed,751,,2
719596352,1538134424608460801,Directed,752,,1
719596352,947914487692234752,Directed,753,,1
719596352,1643125531569958913,Directed,754,,1
719596352,846046192370880512,Directed,755,,1
719596352,1346149931023798274,Directed,756,,9
719596352,1298583867801174016,Directed,757,,3
719596352,1071846551822184449,Directed,758,,4
719596352,2937142730,Directed,759,,1
719596352,1587390851700981761,Directed,760,,6
719596352,1238155401612361738,Directed,761,,1
719596352,1404226129842540546,Directed,762,,4
719596352,1434152757750026242,Directed,763,,5
719596352,1013964115092443136,Directed,764,,5
719596352,1709314240345960448,Directed,765,,27
719596352,1556223142498111488,Directed,766,,1
719596352,990479944374505472,Directed,767,,1
719596352,741464348099371008,Directed,768,,1
719596352,1455566016013012998,Directed,769,,7
719596352,583634818,Directed,770,,3
719596352,4776838734,Directed,771,,4
719596352,1522725277368999943,Directed,772,,1
719596352,1327959581960658945,Directed,773,,10
719596352,1084271022,Directed,774,,1
719596352,1655845648531443713,Directed,775,,1
719596352,1630862134795022337,Directed,776,,1
719596352,1319247125612474368,Directed,777,,1
719596352,1284847451388739584,Directed,778,,1
719596352,1440806264255045638,Directed,779,,2
719596352,1678669020617375745,Directed,780,,1
719596352,2198382318,Directed,781,,1
719596352,872447296499314689,Directed,782,,1
719596352,1288186261639921664,Directed,783,,3
719596352,570737752,Directed,784,,1
719596352,1499051924649295877,Directed,785,,1
719596352,1596294391,Directed,786,,2
719596352,46482865,Directed,787,,4
719596352,872000721893371904,Directed,788,,3
719596352,876750583037927429,Directed,789,,1
719596352,1589506487155671047,Directed,790,,1
719596352,1582330170869948417,Directed,791,,1
719596352,1666154912353222681,Directed,792,,1
719596352,2744823798,Directed,793,,2
719596352,1230142907136593920,Directed,794,,1
719596352,1650502816492838912,Directed,795,,1
719596352,1628139513972199462,Directed,796,,1
719596352,1478508458416787458,Directed,797,,1
719596352,1149224532361850881,Directed,798,,1
719596352,1321810944306122752,Directed,799,,1
719596352,1213701347775664129,Directed,800,,8
719596352,1640024353826824192,Directed,801,,1
719596352,815188996297003008,Directed,802,,3
719596352,1295604543875670016,Directed,803,,4
719596352,1471914680021139472,Directed,804,,1
719596352,1311480547,Directed,805,,1
719596352,3161558040,Directed,806,,1
719596352,35678871,Directed,807,,2
719596352,1491938321358073856,Directed,808,,2
719596352,1578858951533264902,Directed,809,,1
719596352,1498290464579063808,Directed,810,,2
719596352,1562125109984362498,Directed,811,,1
719596352,3309035576,Directed,812,,1
719596352,1637607325073645569,Directed,813,,1
719596352,1668509461676273664,Directed,814,,1
719596352,908765636108709888,Directed,815,,1
719596352,1150724925210157057,Directed,816,,2
719596352,1362743107100565505,Directed,817,,2
719596352,1395667127806353410,Directed,818,,5
719596352,1407007740262768642,Directed,819,,2
719596352,1346766381614850048,Directed,820,,6
719596352,1441755172451934213,Directed,821,,1
719596352,1336180271415226369,Directed,822,,2
719596352,48765219,Directed,823,,1
719596352,396148839,Directed,824,,1
719596352,47828347,Directed,825,,1
719596352,1675230942581932032,Directed,826,,2
719596352,1282594960160825347,Directed,827,,1
719596352,1699951948307345408,Directed,828,,2
719596352,1249443053988769792,Directed,829,,1
719596352,2177326935,Directed,830,,1
719596352,2313967902,Directed,831,,3
719596352,1430646758909136897,Directed,832,,1
719596352,1131870649440526336,Directed,833,,1
719596352,908580919132459008,Directed,834,,2
719596352,1425999992674824199,Directed,835,,4
719596352,2613396403,Directed,836,,1
719596352,1008840549565063168,Directed,837,,1
719596352,1459278980972892162,Directed,838,,1
719596352,1282133040831950849,Directed,839,,1
719596352,884148547267985412,Directed,840,,1
719596352,1288625870442311680,Directed,841,,2
719596352,1526329814348619776,Directed,842,,2
719596352,1465046595095965700,Directed,843,,1
719596352,1074594327979003904,Directed,844,,2
719596352,1074665434442596352,Directed,845,,2
719596352,2744064398,Directed,846,,7
719596352,1637217505688051712,Directed,847,,1
719596352,1521456975233622016,Directed,848,,3
719596352,1574202196731756544,Directed,849,,7
719596352,740833886,Directed,850,,2
719596352,58271532,Directed,851,,1
719596352,749551939483004928,Directed,852,,2
719596352,1364203317228953604,Directed,853,,1
719596352,292852230,Directed,854,,1
719596352,1051208754102964224,Directed,855,,1
719596352,815193696152985601,Directed,856,,1
719596352,751764121876475905,Directed,857,,1
719596352,837738968523341825,Directed,858,,1
719596352,1630154323161128961,Directed,859,,1
719596352,1612794343911297025,Directed,860,,4
719596352,1588740471546847238,Directed,861,,4
719596352,478899745,Directed,862,,3
719596352,940847601921986562,Directed,863,,1
719596352,1089110280179761153,Directed,864,,1
719596352,1587451015338541058,Directed,865,,1
719596352,838643211736211456,Directed,866,,3
719596352,1466143810845560832,Directed,867,,1
719596352,1058264231118692354,Directed,868,,1
719596352,918412532,Directed,869,,1
719596352,1522558616166973442,Directed,870,,1
719596352,872762088632004612,Directed,871,,1
719596352,218813393,Directed,872,,1
719596352,869987821649625088,Directed,873,,1
719596352,1407320651174711297,Directed,874,,2
719596352,1582367376078766080,Directed,875,,1
719596352,1571959255393091585,Directed,876,,1
719596352,1618885584067432448,Directed,877,,3
719596352,1435167699538223104,Directed,878,,1
719596352,2254982313,Directed,879,,1
719596352,1224943771860770816,Directed,880,,3
719596352,935701736051920896,Directed,881,,2
719596352,3136288799,Directed,882,,1
719596352,372113766,Directed,883,,1
719596352,1650749468759687168,Directed,884,,1
719596352,1662423766931058692,Directed,885,,2
719596352,1265169006564016130,Directed,886,,1
719596352,1211138037624631296,Directed,887,,1
719596352,821995795243270145,Directed,888,,1
719596352,1271021929785368581,Directed,889,,1
719596352,1016226437886509056,Directed,890,,1
719596352,1618542067948425218,Directed,891,,1
719596352,1240457875,Directed,892,,1
719596352,1186029754010492928,Directed,893,,1
719596352,1062336497737699328,Directed,894,,1
719596352,494247906,Directed,895,,1
719596352,3236635215,Directed,896,,1
719596352,1584066241,Directed,897,,3
719596352,868099066516975617,Directed,898,,1
719596352,1648649102786281474,Directed,899,,1
719596352,2831333656,Directed,900,,1
719596352,5941722,Directed,901,,1
719596352,717349448523902976,Directed,902,,1
719596352,1648719602,Directed,903,,1
719596352,329600358,Directed,904,,1
719596352,1622332712618000387,Directed,905,,1
719596352,2615173525,Directed,906,,1
719596352,1676213344062021632,Directed,907,,1
719596352,1422774634139684868,Directed,908,,1
719596352,3134651737,Directed,909,,1
719596352,1541766308513062912,Directed,910,,1
719596352,1645803780641001480,Directed,911,,1
719596352,1407280154087407618,Directed,912,,1
719596352,731066315897626625,Directed,913,,1
719596352,1350755437214380037,Directed,914,,1
719596352,1573418357042331648,Directed,915,,1
719596352,1639587337683501057,Directed,916,,1
719596352,947924373029171200,Directed,917,,1
719596352,1079462649690238977,Directed,918,,1
719596352,1857556140,Directed,919,,2
719596352,1577496868094976000,Directed,920,,1
719596352,3352622686,Directed,921,,1
719596352,628139384,Directed,922,,5
719596352,864438647076081669,Directed,923,,1
719596352,1528104978,Directed,924,,1
719596352,1170038752753979393,Directed,925,,1
719596352,2182332444,Directed,926,,2
719596352,716220554362150912,Directed,927,,1
719596352,1407074913383555077,Directed,928,,1
719596352,1201045933,Directed,929,,1
719596352,50599149,Directed,930,,1
719596352,730129892877049857,Directed,931,,1
719596352,989801651333722112,Directed,932,,1
719596352,964998500,Directed,933,,2
719596352,50415433,Directed,934,,2
719596352,3279246488,Directed,935,,1
719596352,943502519992573952,Directed,936,,1
719596352,87474763,Directed,937,,1
719596352,867126692321656832,Directed,938,,1
719596352,1408312021,Directed,939,,1
719596352,4847086839,Directed,940,,11
719596352,919725913469747200,Directed,941,,1
719596352,1216838812673900546,Directed,942,,1
719596352,523746267,Directed,943,,1
719596352,1415606338378403842,Directed,944,,1
719596352,1460678185050386442,Directed,945,,1
719596352,472774081,Directed,946,,1
719596352,1416725066,Directed,947,,1
719596352,989653387359776773,Directed,948,,2
719596352,907606627880198145,Directed,949,,1
719596352,2601628980,Directed,950,,1
719596352,909512912,Directed,951,,1
719596352,1005185803172106241,Directed,952,,1
719596352,905916780119547904,Directed,953,,1
719596352,208488600,Directed,954,,1
719596352,1704920945662869504,Directed,955,,1
719596352,1072149465748922368,Directed,956,,2
719596352,2322846787,Directed,957,,1
719596352,1201904378,Directed,958,,1
719596352,945669101237751808,Directed,959,,1
719596352,1574856289427296256,Directed,960,,1
719596352,709799258422173697,Directed,961,,1
719596352,1675957763568988160,Directed,962,,1
719596352,1703739594775343104,Directed,963,,1
719596352,2598011401,Directed,964,,1
719596352,1591396206797881344,Directed,965,,1
719596352,1112853145657335808,Directed,966,,1
719596352,1955124895,Directed,967,,5
719596352,1370279648970555392,Directed,968,,1
719596352,1228770929079193600,Directed,969,,1
719596352,1236448339937419266,Directed,970,,1
719596352,764537,Directed,971,,1
719596352,45227065,Directed,972,,1
719596352,1580681279896522753,Directed,973,,2
719596352,142772512,Directed,974,,1
719596352,16912915,Directed,975,,3
719596352,1090313893015179265,Directed,976,,1
719596352,76172541,Directed,977,,2
719596352,1671427907355287553,Directed,978,,1
719596352,802011472964546560,Directed,979,,1
719596352,307548068,Directed,980,,1
719596352,1650030644448075777,Directed,981,,1
719596352,993630523,Directed,982,,1
719596352,1612118604207497217,Directed,983,,1
719596352,48209591,Directed,984,,1
719596352,38385927,Directed,985,,1
719596352,949022730065797120,Directed,986,,1
719596352,1630456951741005824,Directed,987,,1
719596352,1243539768404738052,Directed,988,,1
719596352,1435902033148715008,Directed,989,,3
719596352,822347309979672577,Directed,990,,1
719596352,1602916310312173569,Directed,991,,1
719596352,2224624381,Directed,992,,1
719596352,1563081643916533760,Directed,993,,1
719596352,756576901481783296,Directed,994,,1
719596352,891346400386134016,Directed,995,,2
719596352,1152200890079678464,Directed,996,,1
719596352,866352530321801216,Directed,997,,1
719596352,868904778042134528,Directed,998,,1
719596352,1135284150460719104,Directed,999,,1
719596352,3421599215,Directed,1000,,1
719596352,1533593562755043328,Directed,1001,,1
719596352,1010212973128843265,Directed,1002,,1
719596352,1181895419347050497,Directed,1003,,7
719596352,1220230342533095424,Directed,1004,,1
719596352,1705254830162223104,Directed,1005,,1
719596352,905359031694491648,Directed,1006,,1
719596352,1574640419748679680,Directed,1007,,1
719596352,1599500065332084739,Directed,1008,,1
719596352,904044099040403457,Directed,1009,,1
719596352,1364291608896827394,Directed,1010,,1
719596352,1408558266,Directed,1011,,5
719596352,1638243839725957127,Directed,1012,,1
719596352,1511044478349594624,Directed,1013,,1
719596352,1589767478347026433,Directed,1014,,1
719596352,711163935383273474,Directed,1015,,1
719596352,1364261723377700868,Directed,1016,,1
719596352,753128432,Directed,1017,,1
719596352,1478312420976304135,Directed,1018,,1
719596352,596413983,Directed,1019,,1
719596352,53830530,Directed,1020,,1
719596352,49315363,Directed,1021,,1
719596352,1273357923595554827,Directed,1022,,1
719596352,1797254909970030592,Directed,1023,,4
719596352,1763980581581266944,Directed,1024,,1
719596352,1232537827096846338,Directed,1025,,1
719596352,3355536909,Directed,1026,,1
719596352,822392395555708928,Directed,1027,,1
719596352,1048546242719100929,Directed,1028,,1
719596352,1458337727536144386,Directed,1029,,2
719596352,849543493970259968,Directed,1030,,1
719596352,35067843,Directed,1031,,1
719596352,1612108812130963465,Directed,1032,,2
719596352,1778753470046040065,Directed,1033,,1
719596352,1586845491437903882,Directed,1034,,1
719596352,1215385541442768916,Directed,1035,,1
719596352,1591777740902080512,Directed,1036,,1
719596352,950080458439774208,Directed,1037,,1
719596352,306132454,Directed,1038,,1
719596352,1535530856919572480,Directed,1039,,2
719596352,1317106087825473537,Directed,1040,,1
719596352,1494236991550115847,Directed,1041,,1
719596352,1502022951377457160,Directed,1042,,1
719596352,431867570,Directed,1043,,1
719596352,1628180746677501953,Directed,1044,,1
719596352,728252911675944961,Directed,1045,,3
719596352,1660317928644902914,Directed,1046,,1
719596352,1660702389282787328,Directed,1047,,1
719596352,1671176830496194561,Directed,1048,,2
719596352,1572607148235886599,Directed,1049,,1
719596352,2435620488,Directed,1050,,1
719596352,419714770,Directed,1051,,1
719596352,857988025191682048,Directed,1052,,1
719596352,1442872950064037889,Directed,1053,,1
719596352,755142367,Directed,1054,,1
719596352,480737104,Directed,1055,,1
719596352,1660495514364780545,Directed,1056,,1
719596352,775333387909431296,Directed,1057,,1
719596352,910018914213662721,Directed,1058,,2
719596352,555234735,Directed,1059,,1
719596352,1650756027111882753,Directed,1060,,1
719596352,2951277580,Directed,1061,,1
719596352,1316122268020420609,Directed,1062,,1
719596352,543032047,Directed,1063,,1
719596352,868108839987630080,Directed,1064,,1
1618897435199213568,142772512,Directed,1065,,1
1618897435199213568,928712499804827648,Directed,1066,,1
1618897435199213568,1587390851700981761,Directed,1067,,1
1618897435199213568,113480647,Directed,1068,,1
1618897435199213568,1487306527690362880,Directed,1069,,6
1618897435199213568,1639587337683501057,Directed,1070,,4
1618897435199213568,1166975397000613888,Directed,1071,,2
1618897435199213568,311724429,Directed,1072,,1
1618897435199213568,1065717383514341376,Directed,1073,,3
1618897435199213568,993941740552892416,Directed,1074,,1
1618897435199213568,1074480192,Directed,1075,,1
1618897435199213568,833673914,Directed,1076,,1
1618897435199213568,1580960286978236416,Directed,1077,,2
1618897435199213568,968650362,Directed,1078,,1
1618897435199213568,1490794465308590088,Directed,1079,,1
1618897435199213568,890061634181373952,Directed,1080,,1
1618897435199213568,1654197109501972499,Directed,1081,,2
1618897435199213568,1101499633631670272,Directed,1082,,1
1618897435199213568,853237472150659072,Directed,1083,,1
1618897435199213568,406527960,Directed,1084,,1
1618897435199213568,477934944,Directed,1085,,1
1618897435199213568,23446898,Directed,1086,,1
1618897435199213568,775067343349288960,Directed,1087,,1
1618897435199213568,991646194958000128,Directed,1088,,1
1618897435199213568,1574794216802230272,Directed,1089,,1
1618897435199213568,1618897435199213568,Directed,1090,,1
1618897435199213568,1656415868337926145,Directed,1091,,1
1618897435199213568,1591964800216612866,Directed,1092,,1
1618897435199213568,1552795969959636992,Directed,1093,,1
1618897435199213568,1448799366,Directed,1094,,1
1618897435199213568,1572101650164363264,Directed,1095,,1
1618897435199213568,1624066229660000257,Directed,1096,,1
1618897435199213568,116579971,Directed,1097,,2
1618897435199213568,1638951842271862791,Directed,1098,,2
1618897435199213568,855481986290524160,Directed,1099,,1
1618897435199213568,1575507667820462080,Directed,1100,,1
1618897435199213568,1713053359899656192,Directed,1101,,2
1618897435199213568,801203059359678464,Directed,1102,,4
1618897435199213568,28299819,Directed,1103,,1
1618897435199213568,903154908039348224,Directed,1104,,1
1618897435199213568,1246231730555686917,Directed,1105,,1
1618897435199213568,774174489458331649,Directed,1106,,2
1618897435199213568,292929271,Directed,1107,,1
1618897435199213568,1163760331002392577,Directed,1108,,2
1618897435199213568,1147279258831773696,Directed,1109,,1
1618897435199213568,1548744459243982851,Directed,1110,,3
1618897435199213568,881242741166022659,Directed,1111,,1
1618897435199213568,754718787237281792,Directed,1112,,2
1618897435199213568,1428151334218387472,Directed,1113,,1
1618897435199213568,1050478262009262080,Directed,1114,,1
1618897435199213568,1188329290162675713,Directed,1115,,1
1618897435199213568,802994025695510529,Directed,1116,,1
1618897435199213568,758155303238176772,Directed,1117,,3
1618897435199213568,226928166,Directed,1118,,1
1618897435199213568,984887272393904128,Directed,1119,,3
1618897435199213568,62855930,Directed,1120,,2
1618897435199213568,815188996297003008,Directed,1121,,1
1618897435199213568,1370279648970555392,Directed,1122,,1
1618897435199213568,1686270312,Directed,1123,,1
1618897435199213568,48252327,Directed,1124,,1
1618897435199213568,748962728333553668,Directed,1125,,1
1618897435199213568,3397477355,Directed,1126,,1
1618897435199213568,893757772025798656,Directed,1127,,1
1618897435199213568,2377612094,Directed,1128,,1
1618897435199213568,1234312195627941890,Directed,1129,,3
1618897435199213568,1476638230892232713,Directed,1130,,1
1618897435199213568,4420207816,Directed,1131,,1
1618897435199213568,927513257946083329,Directed,1132,,2
1618897435199213568,979547029675368449,Directed,1133,,1
1618897435199213568,407476218,Directed,1134,,1
1618897435199213568,25033880,Directed,1135,,1
1618897435199213568,1041626746410295297,Directed,1136,,1
1618897435199213568,994707367966191621,Directed,1137,,1
1618897435199213568,988791808615383041,Directed,1138,,1
1618897435199213568,1604871555770482688,Directed,1139,,1
1618897435199213568,181198159,Directed,1140,,1
1618897435199213568,2203267723,Directed,1141,,2
1618897435199213568,18576537,Directed,1142,,1
1618897435199213568,999484750955012098,Directed,1143,,3
1618897435199213568,214908555,Directed,1144,,1
1618897435199213568,1072149465748922368,Directed,1145,,1
1618897435199213568,48187231,Directed,1146,,1
1618897435199213568,797159363811147776,Directed,1147,,3
1618897435199213568,1905636216,Directed,1148,,1
1618897435199213568,947242675350228992,Directed,1149,,1
1618897435199213568,1295604543875670016,Directed,1150,,1
1618897435199213568,1360378196731047941,Directed,1151,,1
1618897435199213568,1638372580464685056,Directed,1152,,1
1618897435199213568,1650590341106479104,Directed,1153,,1
1618897435199213568,1094463562997731329,Directed,1154,,1
1618897435199213568,1198691072769249281,Directed,1155,,1
1618897435199213568,878896900937789440,Directed,1156,,1
1618897435199213568,1040441302930935809,Directed,1157,,1
1618897435199213568,1605505702809796608,Directed,1158,,1
1618897435199213568,814864263189843968,Directed,1159,,2
1618897435199213568,1638895382137651202,Directed,1160,,1
1618897435199213568,596050685,Directed,1161,,2
1618897435199213568,1110999955999580160,Directed,1162,,1
1618897435199213568,1346766381614850048,Directed,1163,,1
1618897435199213568,3237741079,Directed,1164,,1
1618897435199213568,22703645,Directed,1165,,1
1618897435199213568,2871004738,Directed,1166,,1
1618897435199213568,1490453120106868737,Directed,1167,,1
1618897435199213568,770969457682329600,Directed,1168,,1
1618897435199213568,1641741208266342401,Directed,1169,,1
1618897435199213568,1350755437214380037,Directed,1170,,2
1618897435199213568,1535012336670498835,Directed,1171,,1
1618897435199213568,1022435485371781120,Directed,1172,,1
1618897435199213568,982872801026760704,Directed,1173,,1
1618897435199213568,60066557,Directed,1174,,1
1618897435199213568,1113100093,Directed,1175,,1
1618897435199213568,2161051908,Directed,1176,,1
1618897435199213568,1655992083939721239,Directed,1177,,1
1618897435199213568,1589986640587640834,Directed,1178,,1
1618897435199213568,2934403896,Directed,1179,,1
1618897435199213568,1533593562755043328,Directed,1180,,2
1618897435199213568,1220928529090666496,Directed,1181,,1
1618897435199213568,945886639603310592,Directed,1182,,4
1618897435199213568,1525051315801542659,Directed,1183,,1
1618897435199213568,928581456,Directed,1184,,1
1618897435199213568,1090158040026963968,Directed,1185,,1
1618897435199213568,1492007194388279333,Directed,1186,,1
1618897435199213568,1908627954,Directed,1187,,1
1618897435199213568,4914384040,Directed,1188,,1
1618897435199213568,1026725826459521024,Directed,1189,,1
1618897435199213568,1720399000518410240,Directed,1190,,2
1618897435199213568,950267536003747840,Directed,1191,,1
1618897435199213568,1336340638929879040,Directed,1192,,1
1618897435199213568,1247111964276527104,Directed,1193,,2
1618897435199213568,596413983,Directed,1194,,1
1618897435199213568,34367582,Directed,1195,,2
1618897435199213568,3823943241,Directed,1196,,1
1618897435199213568,946806590249848842,Directed,1197,,1
1618897435199213568,1243088479224913921,Directed,1198,,1
1618897435199213568,814103950404239360,Directed,1199,,1
1618897435199213568,990532165850095617,Directed,1200,,1
1618897435199213568,150750678,Directed,1201,,1
1473294329804324870,886197630753280000,Directed,1202,,1
1473294329804324870,1549463435796447232,Directed,1203,,1
1473294329804324870,1224943771860770816,Directed,1204,,2
1473294329804324870,1142157279543910402,Directed,1205,,3
1473294329804324870,1665584567346921472,Directed,1206,,4
1473294329804324870,867126568451280896,Directed,1207,,1
1473294329804324870,1637823851035000832,Directed,1208,,1
1473294329804324870,1484817563293036548,Directed,1209,,2
1473294329804324870,52660746,Directed,1210,,1
1473294329804324870,2744064398,Directed,1211,,3
1473294329804324870,226928166,Directed,1212,,2
1473294329804324870,1473294329804324870,Directed,1213,,14
1473294329804324870,1367036412823035905,Directed,1214,,1
1473294329804324870,1289965335039422470,Directed,1215,,1
1473294329804324870,1576330210844237825,Directed,1216,,2
1473294329804324870,1003969706691321857,Directed,1217,,1
1473294329804324870,1199168954721349634,Directed,1218,,1
1473294329804324870,3616678939,Directed,1219,,1
1473294329804324870,3369967613,Directed,1220,,1
1473294329804324870,396148839,Directed,1221,,3
1473294329804324870,1699802214120730624,Directed,1222,,1
1473294329804324870,1627355701755490315,Directed,1223,,4
1473294329804324870,2529834984,Directed,1224,,1
1473294329804324870,1222773302441148416,Directed,1225,,1
1473294329804324870,1079776144524754944,Directed,1226,,1
1473294329804324870,206427431,Directed,1227,,15
1473294329804324870,61047667,Directed,1228,,2
1473294329804324870,1327959581960658945,Directed,1229,,25
1473294329804324870,877998693202485250,Directed,1230,,1
1473294329804324870,1558567178345005056,Directed,1231,,5
1473294329804324870,1682990617926795264,Directed,1232,,1
1473294329804324870,1581052251623284738,Directed,1233,,1
1473294329804324870,3845454017,Directed,1234,,1
1473294329804324870,3391179035,Directed,1235,,1
1473294329804324870,1611496006847266819,Directed,1236,,1
1473294329804324870,1399977170529931267,Directed,1237,,1
1473294329804324870,801203059359678464,Directed,1238,,1
1473294329804324870,4159973201,Directed,1239,,1
1473294329804324870,1330421762425843714,Directed,1240,,1
1473294329804324870,1483830741771472899,Directed,1241,,1
1473294329804324870,1450845340610015246,Directed,1242,,2
1473294329804324870,1381396787110498305,Directed,1243,,5
1473294329804324870,1155068297290932226,Directed,1244,,1
1473294329804324870,2423038272,Directed,1245,,1
1473294329804324870,1548744459243982851,Directed,1246,,2
1473294329804324870,1308658925873446918,Directed,1247,,1
1473294329804324870,1295604543875670016,Directed,1248,,3
1473294329804324870,3823943241,Directed,1249,,5
1473294329804324870,406666451,Directed,1250,,5
1473294329804324870,1321973072786792448,Directed,1251,,1
1473294329804324870,1655845648531443713,Directed,1252,,1
1473294329804324870,2901846037,Directed,1253,,1
1473294329804324870,1669721903039127556,Directed,1254,,1
1473294329804324870,1448718795204284440,Directed,1255,,1
1473294329804324870,1534891907440050176,Directed,1256,,1
1473294329804324870,1557764542821765121,Directed,1257,,1
1473294329804324870,2161051908,Directed,1258,,1
1473294329804324870,2459966323,Directed,1259,,1
1473294329804324870,892203732657504257,Directed,1260,,2
1473294329804324870,1316995857242378240,Directed,1261,,1
1473294329804324870,1726522282107908097,Directed,1262,,1
1473294329804324870,1265605528434159616,Directed,1263,,1
1473294329804324870,1578937857045061634,Directed,1264,,2
1473294329804324870,909065211059036160,Directed,1265,,1
1473294329804324870,1575979893556404224,Directed,1266,,1
1473294329804324870,25073877,Directed,1267,,1
1473294329804324870,65473297,Directed,1268,,1
1473294329804324870,1264709649800052736,Directed,1269,,1
1473294329804324870,198324192,Directed,1270,,1
1473294329804324870,984887272393904128,Directed,1271,,1
1473294329804324870,1062710517821857794,Directed,1272,,1
1473294329804324870,1033111267639222272,Directed,1273,,2
1473294329804324870,978606266040938496,Directed,1274,,1
1473294329804324870,1238038895570321410,Directed,1275,,1
1473294329804324870,1686026636095832064,Directed,1276,,1
1473294329804324870,1166975397000613888,Directed,1277,,1
1473294329804324870,1492677599390322689,Directed,1278,,1
1473294329804324870,1471414739880189955,Directed,1279,,1
1473294329804324870,780787484,Directed,1280,,1
1473294329804324870,1027067758276751360,Directed,1281,,1
1473294329804324870,973471717937967104,Directed,1282,,1
1473294329804324870,1614248702780080132,Directed,1283,,1
1473294329804324870,4799185575,Directed,1284,,1
1473294329804324870,1644063650045480973,Directed,1285,,1
1473294329804324870,50487904,Directed,1286,,2
1473294329804324870,1008371760293609473,Directed,1287,,1
893757772025798656,893757772025798656,Directed,1288,,140
893757772025798656,896665728463638528,Directed,1289,,33
893757772025798656,807182914651877381,Directed,1290,,1
893757772025798656,1009104801815236608,Directed,1291,,1
893757772025798656,991910028213972992,Directed,1292,,1
893757772025798656,960279607286132736,Directed,1293,,1
893757772025798656,928585225566699520,Directed,1294,,1
893757772025798656,1080647556,Directed,1295,,4
893757772025798656,1471433509151592460,Directed,1296,,2
893757772025798656,1591897237638070272,Directed,1297,,3
893757772025798656,1243088479224913921,Directed,1298,,44
893757772025798656,1432455008084189186,Directed,1299,,2
893757772025798656,410718052,Directed,1300,,2
893757772025798656,1588138345296646145,Directed,1301,,1
893757772025798656,1072149465748922368,Directed,1302,,1
893757772025798656,1640904775276326913,Directed,1303,,2
893757772025798656,226928166,Directed,1304,,8
893757772025798656,989887176803528704,Directed,1305,,1
893757772025798656,1163760331002392577,Directed,1306,,8
893757772025798656,1199816676675670016,Directed,1307,,3
893757772025798656,18576537,Directed,1308,,1
893757772025798656,1482815094828453890,Directed,1309,,1
893757772025798656,171200086,Directed,1310,,24
893757772025798656,1002149552974106624,Directed,1311,,6
893757772025798656,4129090039,Directed,1312,,1
893757772025798656,38154763,Directed,1313,,10
893757772025798656,47448563,Directed,1314,,1
893757772025798656,2613396403,Directed,1315,,22
893757772025798656,1175625128950095873,Directed,1316,,3
893757772025798656,1346149931023798274,Directed,1317,,9
893757772025798656,1574856289427296256,Directed,1318,,7
893757772025798656,774174489458331649,Directed,1319,,1
893757772025798656,797159363811147776,Directed,1320,,2
893757772025798656,1170087800,Directed,1321,,1
893757772025798656,1580960286978236416,Directed,1322,,9
893757772025798656,1696389869688549376,Directed,1323,,1
893757772025798656,2880366888,Directed,1324,,1
893757772025798656,1573617862446563330,Directed,1325,,3
893757772025798656,1490267822072729601,Directed,1326,,2
893757772025798656,2387672676,Directed,1327,,1
893757772025798656,1370279648970555392,Directed,1328,,6
893757772025798656,1222773302441148416,Directed,1329,,9
893757772025798656,873302941020688384,Directed,1330,,4
893757772025798656,96951983,Directed,1331,,1
893757772025798656,34209496,Directed,1332,,1
893757772025798656,915384490796748800,Directed,1333,,1
893757772025798656,1638272105161842688,Directed,1334,,1
893757772025798656,17061263,Directed,1335,,1
893757772025798656,1051876850258124800,Directed,1336,,1
893757772025798656,881098225092087808,Directed,1337,,1
893757772025798656,1638243839725957127,Directed,1338,,1
893757772025798656,1521829657754144770,Directed,1339,,1
893757772025798656,1577715113679020032,Directed,1340,,3
893757772025798656,945886639603310592,Directed,1341,,5
893757772025798656,1116856792124813314,Directed,1342,,1
893757772025798656,2871004738,Directed,1343,,3
893757772025798656,1249146360584114177,Directed,1344,,2
893757772025798656,97323571,Directed,1345,,2
893757772025798656,18336608,Directed,1346,,3
893757772025798656,797894729946038276,Directed,1347,,1
893757772025798656,1542093223450902529,Directed,1348,,2
893757772025798656,1351371042,Directed,1349,,5
893757772025798656,947107471985926145,Directed,1350,,1
893757772025798656,1644781158176116738,Directed,1351,,5
893757772025798656,1295604543875670016,Directed,1352,,3
893757772025798656,3164924710,Directed,1353,,1
893757772025798656,1186590420626804737,Directed,1354,,4
893757772025798656,1487306527690362880,Directed,1355,,21
893757772025798656,1538134424608460801,Directed,1356,,2
893757772025798656,947914487692234752,Directed,1357,,2
893757772025798656,1439001331361013766,Directed,1358,,4
893757772025798656,1216838812673900546,Directed,1359,,1
893757772025798656,1638372580464685056,Directed,1360,,4
893757772025798656,1684625172287098880,Directed,1361,,2
893757772025798656,963878358026211330,Directed,1362,,1
893757772025798656,1198691072769249281,Directed,1363,,1
893757772025798656,1002047432950104070,Directed,1364,,2
893757772025798656,2960042892,Directed,1365,,2
893757772025798656,2942360981,Directed,1366,,1
893757772025798656,1720399000518410240,Directed,1367,,4
893757772025798656,1074568633970540544,Directed,1368,,1
893757772025798656,1333852979284348930,Directed,1369,,1
893757772025798656,1643605068921421825,Directed,1370,,1
893757772025798656,858410836796338177,Directed,1371,,1
893757772025798656,1656624502397100032,Directed,1372,,1
893757772025798656,986604828066541569,Directed,1373,,1
893757772025798656,1530063351799091202,Directed,1374,,2
893757772025798656,994707367966191621,Directed,1375,,2
893757772025798656,809557260145807360,Directed,1376,,1
893757772025798656,1090158040026963968,Directed,1377,,4
893757772025798656,1647332709327355905,Directed,1378,,1
893757772025798656,1693756337849540608,Directed,1379,,1
893757772025798656,1455399386503077891,Directed,1380,,1
893757772025798656,1130573358687543297,Directed,1381,,1
893757772025798656,1239088173344571392,Directed,1382,,3
893757772025798656,950657206399176704,Directed,1383,,1
893757772025798656,1525051315801542659,Directed,1384,,4
893757772025798656,1261564837470953472,Directed,1385,,11
893757772025798656,1358404515226136584,Directed,1386,,1
893757772025798656,456965969,Directed,1387,,1
893757772025798656,993539066363826176,Directed,1388,,1
893757772025798656,1676213344062021632,Directed,1389,,2
893757772025798656,872000721893371904,Directed,1390,,1
893757772025798656,1678670558416760832,Directed,1391,,2
893757772025798656,228855988,Directed,1392,,4
893757772025798656,1404812545270157322,Directed,1393,,1
893757772025798656,911978250813009921,Directed,1394,,2
893757772025798656,2880839427,Directed,1395,,1
893757772025798656,38220732,Directed,1396,,1
893757772025798656,1067468128806989824,Directed,1397,,1
893757772025798656,470213087,Directed,1398,,2
893757772025798656,1572512750030438400,Directed,1399,,1
893757772025798656,1642646312012206081,Directed,1400,,2
893757772025798656,1510009080429088777,Directed,1401,,1
893757772025798656,1600181381220507651,Directed,1402,,1
893757772025798656,1138878994525413376,Directed,1403,,1
893757772025798656,1573206335470145536,Directed,1404,,1
893757772025798656,928581456,Directed,1405,,1
893757772025798656,1437577781437739013,Directed,1406,,1
893757772025798656,1454479575015165958,Directed,1407,,1
893757772025798656,737387991820296192,Directed,1408,,1
893757772025798656,1679484670302646275,Directed,1409,,1
893757772025798656,1539834209128161280,Directed,1410,,1
893757772025798656,1416368658574680067,Directed,1411,,1
893757772025798656,748962728333553668,Directed,1412,,1
893757772025798656,1490080950365085696,Directed,1413,,1
893757772025798656,1416128503,Directed,1414,,1
893757772025798656,1533683606463430657,Directed,1415,,1
893757772025798656,766564329122594816,Directed,1416,,2
893757772025798656,4420207816,Directed,1417,,2
893757772025798656,1576297375970525184,Directed,1418,,1
893757772025798656,540140962,Directed,1419,,1
893757772025798656,905153715245637634,Directed,1420,,1
893757772025798656,1591892127784607745,Directed,1421,,1
893757772025798656,950267536003747840,Directed,1422,,1
893757772025798656,1594577098286530561,Directed,1423,,1
893757772025798656,1538749308169859072,Directed,1424,,1
893757772025798656,1507492955174670338,Directed,1425,,4
893757772025798656,331339782,Directed,1426,,1
893757772025798656,1704949913971314689,Directed,1427,,1
893757772025798656,1638320544788406273,Directed,1428,,1
893757772025798656,1373720898,Directed,1429,,1
893757772025798656,1531784376882761730,Directed,1430,,2
893757772025798656,3278531995,Directed,1431,,1
893757772025798656,803104613629104128,Directed,1432,,1
893757772025798656,1639597797673402368,Directed,1433,,1
893757772025798656,909512912,Directed,1434,,1
893757772025798656,1591027073593778177,Directed,1435,,1
893757772025798656,1654806921591783424,Directed,1436,,1
893757772025798656,47536841,Directed,1437,,1
893757772025798656,2581408111,Directed,1438,,1
893757772025798656,1263614720877133825,Directed,1439,,1
893757772025798656,187615843,Directed,1440,,1
893757772025798656,1572543871179018241,Directed,1441,,1
893757772025798656,1573840959976230912,Directed,1442,,1
893757772025798656,1446656419567001605,Directed,1443,,1
893757772025798656,1281076316066869251,Directed,1444,,1
893757772025798656,1534818450501246977,Directed,1445,,1
893757772025798656,204930520,Directed,1446,,1
893757772025798656,1226899205895139334,Directed,1447,,1
893757772025798656,1702059165617659904,Directed,1448,,1
893757772025798656,760474628682838016,Directed,1449,,1
893757772025798656,1209802369325776896,Directed,1450,,1
893757772025798656,740550489490743296,Directed,1451,,1
893757772025798656,1718768416553623552,Directed,1452,,1
893757772025798656,709799258422173697,Directed,1453,,1
893757772025798656,1698107533431394304,Directed,1454,,1
893757772025798656,862372323562848263,Directed,1455,,1
893757772025798656,975494625095028737,Directed,1456,,1
893757772025798656,1654197109501972499,Directed,1457,,1
893757772025798656,143373762,Directed,1458,,1
893757772025798656,334581700,Directed,1459,,1
893757772025798656,1574258119961677824,Directed,1460,,1
893757772025798656,1123291947572060160,Directed,1461,,1
893757772025798656,1744326840699781120,Directed,1462,,1
893757772025798656,1603604458768072705,Directed,1463,,1
893757772025798656,1240672056,Directed,1464,,1
1589767478347026433,334161563,Directed,1465,,97
1589767478347026433,97320648,Directed,1466,,1
1589767478347026433,3823943241,Directed,1467,,27
1589767478347026433,1617492298950135810,Directed,1468,,28
1589767478347026433,1408312021,Directed,1469,,109
1589767478347026433,1865344082,Directed,1470,,34
1589767478347026433,1627427223115276291,Directed,1471,,1
1589767478347026433,1601424957988548608,Directed,1472,,3
1589767478347026433,2942614180,Directed,1473,,4
1589767478347026433,1662999168892432385,Directed,1474,,3
1589767478347026433,48209591,Directed,1475,,45
1589767478347026433,47448563,Directed,1476,,4
1589767478347026433,1090158040026963968,Directed,1477,,35
1589767478347026433,2865656340,Directed,1478,,17
1589767478347026433,947924373029171200,Directed,1479,,101
1589767478347026433,1215948376753233921,Directed,1480,,3
1589767478347026433,384481891,Directed,1481,,2
1589767478347026433,1507852646501142532,Directed,1482,,1
1589767478347026433,1420670138152636416,Directed,1483,,58
1589767478347026433,25667195,Directed,1484,,1
1589767478347026433,1440806264255045638,Directed,1485,,122
1589767478347026433,1582042967350681602,Directed,1486,,4
1589767478347026433,1043181897088729088,Directed,1487,,3
1589767478347026433,1654692959089209345,Directed,1488,,1
1589767478347026433,1896699619,Directed,1489,,6
1589767478347026433,1256864700647845888,Directed,1490,,75
1589767478347026433,628139384,Directed,1491,,35
1589767478347026433,1261397632112570371,Directed,1492,,12
1589767478347026433,2584412810,Directed,1493,,54
1589767478347026433,1551860304291692545,Directed,1494,,33
1589767478347026433,2193495339,Directed,1495,,13
1589767478347026433,1575586442201296897,Directed,1496,,4
1589767478347026433,1520488035808428034,Directed,1497,,6
1589767478347026433,1671611891506970624,Directed,1498,,1
1589767478347026433,1535012336670498835,Directed,1499,,103
1589767478347026433,1630456951741005824,Directed,1500,,30
1589767478347026433,867126568451280896,Directed,1501,,121
1589767478347026433,3297594548,Directed,1502,,1
1589767478347026433,1589767478347026433,Directed,1503,,35
1589767478347026433,1630608225383985153,Directed,1504,,1
1589767478347026433,2744064398,Directed,1505,,5
1589767478347026433,1680631610,Directed,1506,,1
1589767478347026433,756576901481783296,Directed,1507,,49
1589767478347026433,1194418597730213888,Directed,1508,,14
1589767478347026433,1572212877162848262,Directed,1509,,2
1589767478347026433,1307272409016233984,Directed,1510,,1
1589767478347026433,621407062,Directed,1511,,48
1589767478347026433,1439863028393119748,Directed,1512,,25
1589767478347026433,1016226437886509056,Directed,1513,,9
1589767478347026433,1364291608896827394,Directed,1514,,161
1589767478347026433,477934944,Directed,1515,,38
1589767478347026433,1378970222,Directed,1516,,6
1589767478347026433,1908627954,Directed,1517,,112
1589767478347026433,1572420259730038785,Directed,1518,,2
1589767478347026433,1643754455354028035,Directed,1519,,4
1589767478347026433,1694365510475915265,Directed,1520,,1
1589767478347026433,1088926637469646848,Directed,1521,,17
1589767478347026433,1668642969807884289,Directed,1522,,2
1589767478347026433,1684825191011008513,Directed,1523,,8
1589767478347026433,22434517,Directed,1524,,29
1589767478347026433,4204440580,Directed,1525,,1
1589767478347026433,52444859,Directed,1526,,5
1589767478347026433,48257148,Directed,1527,,2
1589767478347026433,1526329814348619776,Directed,1528,,3
1589767478347026433,825629504072617984,Directed,1529,,2
1589767478347026433,1637907966828630016,Directed,1530,,1
1589767478347026433,1573091225200197633,Directed,1531,,4
1589767478347026433,318653354,Directed,1532,,93
1589767478347026433,87818409,Directed,1533,,2
1589767478347026433,1572506447761575936,Directed,1534,,1
1589767478347026433,461478172,Directed,1535,,3
1589767478347026433,909512912,Directed,1536,,46
1589767478347026433,619323823,Directed,1537,,1
1589767478347026433,989653387359776773,Directed,1538,,2
1589767478347026433,1628298353413918723,Directed,1539,,3
1589767478347026433,2387672676,Directed,1540,,1
1589767478347026433,2856787757,Directed,1541,,5
1589767478347026433,1620153418710147072,Directed,1542,,4
1589767478347026433,83435676,Directed,1543,,5
1589767478347026433,1355637989213396993,Directed,1544,,3
1589767478347026433,307063886,Directed,1545,,46
1589767478347026433,1682332356420485121,Directed,1546,,1
1589767478347026433,788524,Directed,1547,,3
1589767478347026433,2650464768,Directed,1548,,1
1589767478347026433,1584379317965856769,Directed,1549,,1
1589767478347026433,1346873610875654147,Directed,1550,,2
1589767478347026433,1026937415288676354,Directed,1551,,4
1589767478347026433,1639988582050832384,Directed,1552,,7
1589767478347026433,1002149552974106624,Directed,1553,,1
1589767478347026433,1011684640627810304,Directed,1554,,45
1589767478347026433,226928166,Directed,1555,,1
1589767478347026433,943502519992573952,Directed,1556,,11
1589767478347026433,1575680697020268545,Directed,1557,,1
1589767478347026433,1586845491437903882,Directed,1558,,9
1589767478347026433,1686311954946867200,Directed,1559,,1
1589767478347026433,167307876,Directed,1560,,1
1589767478347026433,1664010688702849026,Directed,1561,,1
1589767478347026433,1612794343911297025,Directed,1562,,16
1589767478347026433,4691437897,Directed,1563,,7
1589767478347026433,1455106669009121281,Directed,1564,,6
1589767478347026433,1434152757750026242,Directed,1565,,52
1589767478347026433,1290089153451843584,Directed,1566,,13
1589767478347026433,1520886420109512704,Directed,1567,,26
1589767478347026433,1480172511035891717,Directed,1568,,2
1589767478347026433,1458778569912561668,Directed,1569,,1
1589767478347026433,52660746,Directed,1570,,1
1589767478347026433,1437967645,Directed,1571,,1
1589767478347026433,112684779,Directed,1572,,1
1589767478347026433,1712185579226513408,Directed,1573,,2
1589767478347026433,908580919132459008,Directed,1574,,48
1589767478347026433,950267536003747840,Directed,1575,,1
1589767478347026433,1015748838135681024,Directed,1576,,4
1589767478347026433,48113576,Directed,1577,,37
1589767478347026433,874629444224376833,Directed,1578,,3
1589767478347026433,216299334,Directed,1579,,3
1589767478347026433,1976143068,Directed,1580,,1
1589767478347026433,1222773302441148416,Directed,1581,,25
1589767478347026433,1028770525160660993,Directed,1582,,48
1589767478347026433,1677617658915610625,Directed,1583,,4
1589767478347026433,1276522782327791616,Directed,1584,,1
1589767478347026433,1646685096,Directed,1585,,1
1589767478347026433,41084386,Directed,1586,,15
1589767478347026433,1656468047194890243,Directed,1587,,1
1589767478347026433,1631868328435232771,Directed,1588,,3
1589767478347026433,1672918930900369411,Directed,1589,,1
1589767478347026433,1591396206797881344,Directed,1590,,23
1589767478347026433,1458195278973046784,Directed,1591,,23
1589767478347026433,1648649102786281474,Directed,1592,,4
1589767478347026433,2704421318,Directed,1593,,1
1589767478347026433,569352569,Directed,1594,,20
1589767478347026433,1574375381305806849,Directed,1595,,1
1589767478347026433,801203059359678464,Directed,1596,,10
1589767478347026433,1438539246130827269,Directed,1597,,3
1589767478347026433,488772327,Directed,1598,,9
1589767478347026433,1040160799208161280,Directed,1599,,12
1589767478347026433,737494902481657858,Directed,1600,,1
1589767478347026433,2950042619,Directed,1601,,5
1589767478347026433,728252911675944961,Directed,1602,,36
1589767478347026433,199325291,Directed,1603,,17
1589767478347026433,708026257,Directed,1604,,4
1589767478347026433,1680984618755842048,Directed,1605,,1
1589767478347026433,419520517,Directed,1606,,1
1589767478347026433,1646983793016750080,Directed,1607,,8
1589767478347026433,1573356576135696385,Directed,1608,,1
1589767478347026433,2417586104,Directed,1609,,1
1589767478347026433,1955124895,Directed,1610,,35
1589767478347026433,1574647769175887873,Directed,1611,,6
1589767478347026433,142772512,Directed,1612,,8
1589767478347026433,1667531040636690442,Directed,1613,,14
1589767478347026433,915384490796748800,Directed,1614,,13
1589767478347026433,19017675,Directed,1615,,1
1589767478347026433,1573418357042331648,Directed,1616,,2
1589767478347026433,2364164407,Directed,1617,,68
1589767478347026433,1465843476780695561,Directed,1618,,8
1589767478347026433,1679871070524829697,Directed,1619,,7
1589767478347026433,1370279648970555392,Directed,1620,,7
1589767478347026433,847301196465414145,Directed,1621,,14
1589767478347026433,1656624502397100032,Directed,1622,,1
1589767478347026433,1093058258372194304,Directed,1623,,20
1589767478347026433,1547235127343734789,Directed,1624,,6
1589767478347026433,49384084,Directed,1625,,18
1589767478347026433,520879927,Directed,1626,,28
1589767478347026433,1009104801815236608,Directed,1627,,7
1589767478347026433,311724429,Directed,1628,,17
1589767478347026433,1327959581960658945,Directed,1629,,47
1589767478347026433,49127938,Directed,1630,,13
1589767478347026433,1673403147534868499,Directed,1631,,1
1589767478347026433,1686270312,Directed,1632,,2
1589767478347026433,2463622908,Directed,1633,,5
1589767478347026433,1458337727536144386,Directed,1634,,12
1589767478347026433,1660317928644902914,Directed,1635,,18
1589767478347026433,353536835,Directed,1636,,4
1589767478347026433,848620374153715717,Directed,1637,,4
1589767478347026433,876750583037927429,Directed,1638,,43
1589767478347026433,714366422806171648,Directed,1639,,10
1589767478347026433,1316150730,Directed,1640,,1
1589767478347026433,817735020043505667,Directed,1641,,1
1589767478347026433,1587390851700981761,Directed,1642,,17
1589767478347026433,1602916310312173569,Directed,1643,,11
1589767478347026433,255386398,Directed,1644,,1
1589767478347026433,1613202339376005122,Directed,1645,,2
1589767478347026433,1638243839725957127,Directed,1646,,18
1589767478347026433,50599149,Directed,1647,,10
1589767478347026433,1588740471546847238,Directed,1648,,7
1589767478347026433,1721521108959051776,Directed,1649,,1
1589767478347026433,1247111964276527104,Directed,1650,,1
1589767478347026433,845414205654286336,Directed,1651,,1
1589767478347026433,1535530856919572480,Directed,1652,,4
1589767478347026433,849543493970259968,Directed,1653,,1
1589767478347026433,1273698355,Directed,1654,,15
1589767478347026433,1523576001590083584,Directed,1655,,23
1589767478347026433,967325689472053249,Directed,1656,,2
1589767478347026433,1583173771099541504,Directed,1657,,1
1589767478347026433,1487306527690362880,Directed,1658,,1
1589767478347026433,1242908290016739330,Directed,1659,,5
1589767478347026433,1113140035547791360,Directed,1660,,5
1589767478347026433,1647536982086524928,Directed,1661,,8
1589767478347026433,2427113856,Directed,1662,,8
1589767478347026433,1672165748469555200,Directed,1663,,8
1589767478347026433,1578441560399699968,Directed,1664,,35
1589767478347026433,1515956552,Directed,1665,,14
1589767478347026433,431867570,Directed,1666,,33
1589767478347026433,1715204034578030592,Directed,1667,,32
1589767478347026433,1395667127806353410,Directed,1668,,23
1589767478347026433,1597118108455559169,Directed,1669,,17
1589767478347026433,1675230942581932032,Directed,1670,,31
1589767478347026433,1472273718890139656,Directed,1671,,15
1589767478347026433,2971069279,Directed,1672,,2
1589767478347026433,1013964115092443136,Directed,1673,,16
1589767478347026433,1640024353826824192,Directed,1674,,4
1589767478347026433,1575805035501735936,Directed,1675,,1
1589767478347026433,1288955277262430208,Directed,1676,,1
1589767478347026433,540458181,Directed,1677,,1
1589767478347026433,186037135,Directed,1678,,2
1589767478347026433,734703626099232768,Directed,1679,,1
1589767478347026433,1580681279896522753,Directed,1680,,9
1589767478347026433,1603976487111389186,Directed,1681,,5
1589767478347026433,710745766827061248,Directed,1682,,1
1589767478347026433,1699951948307345408,Directed,1683,,8
1589767478347026433,1355264251636678657,Directed,1684,,61
1589767478347026433,1575348089879252992,Directed,1685,,3
1589767478347026433,299180876,Directed,1686,,16
1589767478347026433,1668888408213667840,Directed,1687,,3
1589767478347026433,222187991,Directed,1688,,10
1589767478347026433,3296026530,Directed,1689,,15
1589767478347026433,1684187402523250688,Directed,1690,,1
1589767478347026433,4776838734,Directed,1691,,1
1589767478347026433,1445329297917501440,Directed,1692,,4
1589767478347026433,713386067785809924,Directed,1693,,1
1589767478347026433,45243719,Directed,1694,,14
1589767478347026433,1720399000518410240,Directed,1695,,1
1589767478347026433,1582330170869948417,Directed,1696,,2
1589767478347026433,1640052707754143744,Directed,1697,,7
1589767478347026433,3070942499,Directed,1698,,6
1589767478347026433,978606266040938496,Directed,1699,,33
1589767478347026433,1686861426114101248,Directed,1700,,1
1589767478347026433,47749263,Directed,1701,,1
1589767478347026433,1093331497212362753,Directed,1702,,1
1589767478347026433,714077350904913920,Directed,1703,,3
1589767478347026433,755076367558074370,Directed,1704,,1
1589767478347026433,2182332444,Directed,1705,,14
1589767478347026433,1665585729320398849,Directed,1706,,24
1589767478347026433,75343905,Directed,1707,,1
1589767478347026433,1457867047334031360,Directed,1708,,29
1589767478347026433,1236396423786135556,Directed,1709,,1
1589767478347026433,1191843903458205696,Directed,1710,,1
1589767478347026433,1620384385106051072,Directed,1711,,1
1589767478347026433,35051819,Directed,1712,,13
1589767478347026433,48865797,Directed,1713,,3
1589767478347026433,1300743930712121345,Directed,1714,,1
1589767478347026433,1606013292589219840,Directed,1715,,2
1589767478347026433,46287159,Directed,1716,,5
1589767478347026433,878301870468608000,Directed,1717,,3
1589767478347026433,836037739397033984,Directed,1718,,1
1589767478347026433,1504537505084977156,Directed,1719,,2
1589767478347026433,1724463450,Directed,1720,,2
1589767478347026433,1435902033148715008,Directed,1721,,1
1589767478347026433,1575616764636864512,Directed,1722,,7
1589767478347026433,1576667405710917632,Directed,1723,,1
1589767478347026433,44196397,Directed,1724,,2
1589767478347026433,231069949,Directed,1725,,3
1589767478347026433,1169476002222940162,Directed,1726,,2
1589767478347026433,4904979732,Directed,1727,,9
1589767478347026433,722757627877335040,Directed,1728,,13
1589767478347026433,592122714,Directed,1729,,13
1589767478347026433,1245234538424360962,Directed,1730,,18
1589767478347026433,1712535792852283393,Directed,1731,,1
1589767478347026433,1579432854307627009,Directed,1732,,12
1589767478347026433,1147279258831773696,Directed,1733,,32
1589767478347026433,1295604543875670016,Directed,1734,,5
1589767478347026433,1259292835569979398,Directed,1735,,1
1589767478347026433,1857556140,Directed,1736,,2
1589767478347026433,1573524842825060356,Directed,1737,,14
1589767478347026433,1571864502647259136,Directed,1738,,17
1589767478347026433,1685461198764990465,Directed,1739,,1
1589767478347026433,1592369249791664136,Directed,1740,,1
1589767478347026433,1573869416218996741,Directed,1741,,6
1589767478347026433,254086746,Directed,1742,,6
1589767478347026433,1572644449318215682,Directed,1743,,2
1589767478347026433,54700101,Directed,1744,,12
1589767478347026433,1666154912353222681,Directed,1745,,8
1589767478347026433,15143478,Directed,1746,,2
1589767478347026433,1573268877051576323,Directed,1747,,1
1589767478347026433,1575757122025197569,Directed,1748,,1
1589767478347026433,1685964600594911232,Directed,1749,,1
1589767478347026433,2887580215,Directed,1750,,1
1589767478347026433,93249858,Directed,1751,,2
1589767478347026433,1362743107100565505,Directed,1752,,3
1589767478347026433,1578763441044656128,Directed,1753,,1
1589767478347026433,1668550825617022977,Directed,1754,,17
1589767478347026433,116502194,Directed,1755,,1
1589767478347026433,2572588962,Directed,1756,,4
1589767478347026433,1678670558416760832,Directed,1757,,8
1589767478347026433,46919036,Directed,1758,,5
1589767478347026433,740833886,Directed,1759,,50
1589767478347026433,48643614,Directed,1760,,3
1589767478347026433,1721033259646074880,Directed,1761,,1
1589767478347026433,1656166799954649089,Directed,1762,,4
1589767478347026433,884525585501966336,Directed,1763,,2
1589767478347026433,1049616746804629504,Directed,1764,,9
1589767478347026433,986604828066541569,Directed,1765,,1
1589767478347026433,1213701347775664129,Directed,1766,,7
1589767478347026433,1309951076628672514,Directed,1767,,5
1589767478347026433,48252327,Directed,1768,,8
1589767478347026433,255123190,Directed,1769,,1
1589767478347026433,1533593562755043328,Directed,1770,,10
1589767478347026433,1665115771440119808,Directed,1771,,14
1589767478347026433,1572379149083312130,Directed,1772,,1
1589767478347026433,818837224003289088,Directed,1773,,3
1589767478347026433,8161232,Directed,1774,,1
1589767478347026433,1643525583140270081,Directed,1775,,8
1589767478347026433,962387325845164032,Directed,1776,,7
1589767478347026433,338949202,Directed,1777,,1
1589767478347026433,1491938321358073856,Directed,1778,,4
1589767478347026433,1187077926648459265,Directed,1779,,1
1589767478347026433,1198691072769249281,Directed,1780,,2
1589767478347026433,1455566016013012998,Directed,1781,,16
1589767478347026433,828566340365643776,Directed,1782,,9
1589767478347026433,1460678185050386442,Directed,1783,,5
1589767478347026433,342181234,Directed,1784,,1
1589767478347026433,832035949,Directed,1785,,3
1589767478347026433,28066831,Directed,1786,,1
1589767478347026433,1612537175328825359,Directed,1787,,2
1589767478347026433,2442235959,Directed,1788,,1
1589767478347026433,702078420843278336,Directed,1789,,1
1589767478347026433,1215885555956944896,Directed,1790,,1
1589767478347026433,1584518898015260673,Directed,1791,,1
1589767478347026433,1574354084731228161,Directed,1792,,10
1589767478347026433,822523445275717633,Directed,1793,,1
1589767478347026433,3118720037,Directed,1794,,12
1589767478347026433,1137370225903640576,Directed,1795,,1
1589767478347026433,1629243528969695232,Directed,1796,,6
1589767478347026433,1074665434442596352,Directed,1797,,3
1589767478347026433,46482865,Directed,1798,,6
1589767478347026433,2199020853,Directed,1799,,1
1589767478347026433,1606257278,Directed,1800,,1
1589767478347026433,3414505683,Directed,1801,,2
1589767478347026433,1429400366819512323,Directed,1802,,1
1589767478347026433,47421258,Directed,1803,,2
1589767478347026433,1575992168002502657,Directed,1804,,1
1589767478347026433,1311631176998760453,Directed,1805,,15
1589767478347026433,764537,Directed,1806,,1
1589767478347026433,1078355119920562176,Directed,1807,,1
1589767478347026433,986232040021549056,Directed,1808,,2
1589767478347026433,797201048490430465,Directed,1809,,1
1589767478347026433,1701250039367012352,Directed,1810,,48
1589767478347026433,2782254822,Directed,1811,,3
1589767478347026433,2176448622,Directed,1812,,1
1589767478347026433,851763438,Directed,1813,,12
1589767478347026433,1648045714939707393,Directed,1814,,1
1589767478347026433,1309128794763132928,Directed,1815,,4
1589767478347026433,1448718795204284440,Directed,1816,,1
1589767478347026433,3167076164,Directed,1817,,1
1589767478347026433,34332516,Directed,1818,,3
1589767478347026433,1718768416553623552,Directed,1819,,1
1589767478347026433,806244423961104388,Directed,1820,,23
1589767478347026433,1538321027901661185,Directed,1821,,1
1589767478347026433,961645487022657537,Directed,1822,,1
1589767478347026433,1577891704132145152,Directed,1823,,4
1589767478347026433,1575806040779935744,Directed,1824,,1
1589767478347026433,1469707341419401223,Directed,1825,,1
1589767478347026433,964786948849242112,Directed,1826,,1
1589767478347026433,1691650643579318273,Directed,1827,,3
1589767478347026433,1649459985942806533,Directed,1828,,6
1589767478347026433,1121114158907428866,Directed,1829,,1
1589767478347026433,925299893681491968,Directed,1830,,1
1589767478347026433,37196329,Directed,1831,,3
1589767478347026433,1312028370088144896,Directed,1832,,1
1589767478347026433,2351909388,Directed,1833,,1
1589767478347026433,1243539768404738052,Directed,1834,,9
1589767478347026433,11744152,Directed,1835,,2
1589767478347026433,21866939,Directed,1836,,2
1589767478347026433,18409325,Directed,1837,,16
1589767478347026433,1240457875,Directed,1838,,9
1589767478347026433,773040422990049280,Directed,1839,,1
1589767478347026433,1683000928092188672,Directed,1840,,1
1589767478347026433,1560694796926259200,Directed,1841,,1
1589767478347026433,1709314240345960448,Directed,1842,,30
1589767478347026433,1967216306,Directed,1843,,1
1589767478347026433,91242401,Directed,1844,,3
1589767478347026433,1562125109984362498,Directed,1845,,6
1589767478347026433,135962891,Directed,1846,,21
1589767478347026433,724170852464496641,Directed,1847,,1
1589767478347026433,1603475895624339480,Directed,1848,,24
1589767478347026433,2271666241,Directed,1849,,1
1589767478347026433,57291646,Directed,1850,,1
1589767478347026433,2377612094,Directed,1851,,1
1589767478347026433,47635420,Directed,1852,,8
1589767478347026433,1048546242719100929,Directed,1853,,1
1589767478347026433,19863176,Directed,1854,,1
1589767478347026433,1584662934105497600,Directed,1855,,1
1589767478347026433,1058292545548140544,Directed,1856,,1
1589767478347026433,620393146,Directed,1857,,1
1589767478347026433,947931989587439616,Directed,1858,,1
1589767478347026433,774174489458331649,Directed,1859,,3
1589767478347026433,1573212576049242112,Directed,1860,,3
1589767478347026433,54301390,Directed,1861,,1
1589767478347026433,1283461568,Directed,1862,,1
1589767478347026433,1573412653392809984,Directed,1863,,9
1589767478347026433,3424728015,Directed,1864,,3
1589767478347026433,40535534,Directed,1865,,7
1589767478347026433,16912915,Directed,1866,,13
1589767478347026433,868904778042134528,Directed,1867,,9
1589767478347026433,43510607,Directed,1868,,2
1589767478347026433,1322420269,Directed,1869,,3
1589767478347026433,3397477355,Directed,1870,,1
1589767478347026433,1693756337849540608,Directed,1871,,3
1589767478347026433,1530479308157984768,Directed,1872,,4
1589767478347026433,2313967902,Directed,1873,,3
1589767478347026433,1586782957771132928,Directed,1874,,1
1589767478347026433,906578736467779584,Directed,1875,,1
1589767478347026433,1686026636095832064,Directed,1876,,9
1589767478347026433,1576832970727497728,Directed,1877,,12
1589767478347026433,1594577098286530561,Directed,1878,,2
1589767478347026433,2921501520,Directed,1879,,22
1589767478347026433,1573510705248075776,Directed,1880,,5
1589767478347026433,1212062497517137920,Directed,1881,,1
1589767478347026433,1678078591786000384,Directed,1882,,9
1589767478347026433,2829571723,Directed,1883,,1
1589767478347026433,867400983340568576,Directed,1884,,1
1589767478347026433,56782682,Directed,1885,,1
1589767478347026433,82576359,Directed,1886,,1
1589767478347026433,2177326935,Directed,1887,,3
1589767478347026433,1009357110,Directed,1888,,1
1589767478347026433,1351943381853868032,Directed,1889,,1
1589767478347026433,1535929216734310401,Directed,1890,,1
1589767478347026433,919725913469747200,Directed,1891,,8
1589767478347026433,1680026173797982209,Directed,1892,,57
1589767478347026433,1538749308169859072,Directed,1893,,1
1589767478347026433,1050478262009262080,Directed,1894,,1
1589767478347026433,1727054489587249152,Directed,1895,,1
1589767478347026433,1545635600702767104,Directed,1896,,5
1589767478347026433,1514897730899902466,Directed,1897,,1
1589767478347026433,1239088173344571392,Directed,1898,,2
1589767478347026433,2314094473,Directed,1899,,1
1589767478347026433,1298262093523648525,Directed,1900,,1
1589767478347026433,1088120132113760256,Directed,1901,,1
1589767478347026433,1416368658574680067,Directed,1902,,1
1589767478347026433,1273357923595554827,Directed,1903,,1
1589767478347026433,1521456975233622016,Directed,1904,,16
1589767478347026433,1505049788240257024,Directed,1905,,1
1589767478347026433,2468209243,Directed,1906,,3
1589767478347026433,1574481917088612374,Directed,1907,,1
1589767478347026433,748962728333553668,Directed,1908,,2
1589767478347026433,837738968523341825,Directed,1909,,2
1589767478347026433,1592598319456571392,Directed,1910,,1
1589767478347026433,1272279252499599360,Directed,1911,,1
1589767478347026433,1938485509,Directed,1912,,1
1589767478347026433,1199034655711866882,Directed,1913,,1
1589767478347026433,1712243355201978368,Directed,1914,,1
1589767478347026433,1626059502,Directed,1915,,1
1589767478347026433,1603217127053590530,Directed,1916,,1
1589767478347026433,1657770495939338241,Directed,1917,,2
1589767478347026433,1574202196731756544,Directed,1918,,9
1589767478347026433,1300384162940059648,Directed,1919,,2
1589767478347026433,1586142546085945345,Directed,1920,,2
1589767478347026433,845376539315204096,Directed,1921,,1
1589767478347026433,1160896363749675008,Directed,1922,,1
1589767478347026433,95521017,Directed,1923,,1
1589767478347026433,1486731271157870601,Directed,1924,,85
1589767478347026433,1004844064389378048,Directed,1925,,92
1589767478347026433,877618173280911360,Directed,1926,,1
1589767478347026433,1525371260330561537,Directed,1927,,3
1589767478347026433,1589251101504815106,Directed,1928,,1
1589767478347026433,27955781,Directed,1929,,1
1589767478347026433,1123291947572060160,Directed,1930,,1
1589767478347026433,1157128312877006850,Directed,1931,,1
1589767478347026433,1273515518444650496,Directed,1932,,1
1589767478347026433,1575627432073502720,Directed,1933,,7
1589767478347026433,181198159,Directed,1934,,3
1589767478347026433,25227444,Directed,1935,,1
1589767478347026433,1574725052461117440,Directed,1936,,1
1589767478347026433,16274802,Directed,1937,,5
1589767478347026433,1581651513881108480,Directed,1938,,3
1589767478347026433,1201045933,Directed,1939,,1
1589767478347026433,1201194426367979521,Directed,1940,,1
1589767478347026433,1589791380116631552,Directed,1941,,1
1589767478347026433,1404226129842540546,Directed,1942,,4
1589767478347026433,1221535572537286664,Directed,1943,,6
1589767478347026433,1425999992674824199,Directed,1944,,7
1589767478347026433,984979596343902208,Directed,1945,,2
1589767478347026433,1238155401612361738,Directed,1946,,1
1589767478347026433,1235665538292109312,Directed,1947,,1
1589767478347026433,2260688268,Directed,1948,,1
1589767478347026433,1514905483597037573,Directed,1949,,1
1589767478347026433,18213483,Directed,1950,,2
1589767478347026433,1414139080640770053,Directed,1951,,1
1589767478347026433,1445374618919911431,Directed,1952,,27
1589767478347026433,864099594841489409,Directed,1953,,1
1589767478347026433,1224943771860770816,Directed,1954,,10
1589767478347026433,1644296399087972352,Directed,1955,,2
1589767478347026433,785463520070606848,Directed,1956,,1
1589767478347026433,1496919051624398854,Directed,1957,,1
1589767478347026433,23231946,Directed,1958,,3
1589767478347026433,1334204987686129668,Directed,1959,,1
1589767478347026433,905563470707515394,Directed,1960,,1
1589767478347026433,1703310582709940224,Directed,1961,,1
1589767478347026433,1066392792715399171,Directed,1962,,1
1589767478347026433,1575792225271046145,Directed,1963,,1
1589767478347026433,2424418705,Directed,1964,,1
1589767478347026433,1437416932458762240,Directed,1965,,1
1589767478347026433,1362425776071577601,Directed,1966,,4
1589767478347026433,1578159420391165952,Directed,1967,,1
1589767478347026433,2233404235,Directed,1968,,1
1589767478347026433,927513257946083329,Directed,1969,,9
1589767478347026433,2414979296,Directed,1970,,1
1589767478347026433,790728,Directed,1971,,1
1589767478347026433,1407007740262768642,Directed,1972,,1
1589767478347026433,1577368887078830080,Directed,1973,,2
1589767478347026433,1634478748677574657,Directed,1974,,3
1589767478347026433,1649759281422520326,Directed,1975,,1
1589767478347026433,1662120765733445632,Directed,1976,,1
1589767478347026433,1601036098444005376,Directed,1977,,1
1589767478347026433,5941722,Directed,1978,,1
1589767478347026433,478899745,Directed,1979,,9
1589767478347026433,1336180271415226369,Directed,1980,,1
1589767478347026433,1337783228464320515,Directed,1981,,1
1589767478347026433,1586916003740585984,Directed,1982,,2
1589767478347026433,1703152818960404480,Directed,1983,,1
1589767478347026433,3391156168,Directed,1984,,1
1589767478347026433,1134770768276066304,Directed,1985,,4
1589767478347026433,1051212328065294336,Directed,1986,,2
1589767478347026433,74453123,Directed,1987,,1
1589767478347026433,1586415498371137537,Directed,1988,,2
1589767478347026433,1578110314104717317,Directed,1989,,2
1589767478347026433,1541766308513062912,Directed,1990,,9
1589767478347026433,1256047963945787398,Directed,1991,,1
1589767478347026433,1572610305355554816,Directed,1992,,1
1589767478347026433,1421916545605722115,Directed,1993,,12
1589767478347026433,1535223207707521024,Directed,1994,,4
1589767478347026433,14077382,Directed,1995,,1
1589767478347026433,1437577781437739013,Directed,1996,,1
1589767478347026433,872000721893371904,Directed,1997,,10
1589767478347026433,2236589471,Directed,1998,,1
1589767478347026433,1731567517796069376,Directed,1999,,2
1589767478347026433,2386350236,Directed,2000,,1
1589767478347026433,1661836411538907144,Directed,2001,,7
1589767478347026433,48010302,Directed,2002,,1
1589767478347026433,1078042598,Directed,2003,,15
1589767478347026433,1139302566788046848,Directed,2004,,3
1589767478347026433,1323728246,Directed,2005,,4
1589767478347026433,1114393125395619845,Directed,2006,,2
1589767478347026433,738333428,Directed,2007,,2
1589767478347026433,1705116523029807104,Directed,2008,,1
1589767478347026433,1211464637746532352,Directed,2009,,1
1589767478347026433,91416107,Directed,2010,,2
1589767478347026433,1667561812810780672,Directed,2011,,1
1589767478347026433,1217028738535301121,Directed,2012,,1
1589767478347026433,2714031800,Directed,2013,,4
1589767478347026433,1431016177,Directed,2014,,1
1589767478347026433,103065157,Directed,2015,,1
1589767478347026433,1619600180973805568,Directed,2016,,2
1589767478347026433,25033880,Directed,2017,,1
1589767478347026433,501942686,Directed,2018,,1
1589767478347026433,1692553895635992577,Directed,2019,,1
1589767478347026433,1445106406428921860,Directed,2020,,1
1589767478347026433,2244243253,Directed,2021,,1
1589767478347026433,1643719098839302145,Directed,2022,,19
1589767478347026433,1574008357576376321,Directed,2023,,1
1589767478347026433,104256824,Directed,2024,,2
1589767478347026433,1614396569163276289,Directed,2025,,1
1589767478347026433,1471556912328151045,Directed,2026,,18
1589767478347026433,1563081643916533760,Directed,2027,,38
1589767478347026433,822271080085622784,Directed,2028,,1
1589767478347026433,856691635,Directed,2029,,2
1589767478347026433,307548068,Directed,2030,,1
1589767478347026433,1261991879375089665,Directed,2031,,1
1589767478347026433,376412378,Directed,2032,,1
1589767478347026433,2214100350,Directed,2033,,3
1589767478347026433,37413528,Directed,2034,,1
1589767478347026433,18086120,Directed,2035,,2
1589767478347026433,1353040783562125317,Directed,2036,,1
1589767478347026433,1582351055102349313,Directed,2037,,2
1589767478347026433,1712724643616854016,Directed,2038,,1
1589767478347026433,1699712971927162880,Directed,2039,,1
1589767478347026433,1575135484673769473,Directed,2040,,2
1589767478347026433,1571959255393091585,Directed,2041,,1
1589767478347026433,131538331,Directed,2042,,1
1589767478347026433,947099292182990848,Directed,2043,,1
1589767478347026433,1333905593598439424,Directed,2044,,1
1589767478347026433,1472621453036109827,Directed,2045,,4
1589767478347026433,1351612304324870145,Directed,2046,,1
1589767478347026433,951222365878353922,Directed,2047,,1
1589767478347026433,249916079,Directed,2048,,1
1589767478347026433,4847086839,Directed,2049,,50
1589767478347026433,716220554362150912,Directed,2050,,6
1589767478347026433,1626215359920619522,Directed,2051,,1
1589767478347026433,961742450632069121,Directed,2052,,2
1589767478347026433,318492642,Directed,2053,,2
1589767478347026433,296021844,Directed,2054,,1
1589767478347026433,5402612,Directed,2055,,1
1589767478347026433,142230509,Directed,2056,,2
1589767478347026433,1162219997977960449,Directed,2057,,1
1589767478347026433,255073754,Directed,2058,,1
1589767478347026433,308991012,Directed,2059,,1
1589767478347026433,2322846787,Directed,2060,,30
1589767478347026433,3164924710,Directed,2061,,2
1589767478347026433,1644781158176116738,Directed,2062,,1
1589767478347026433,1585098887689388034,Directed,2063,,1
1589767478347026433,37729540,Directed,2064,,1
1589767478347026433,2831333656,Directed,2065,,2
1589767478347026433,913063519,Directed,2066,,3
1589767478347026433,2613396403,Directed,2067,,1
1589767478347026433,452493137,Directed,2068,,1
1589767478347026433,2951606220,Directed,2069,,1
1589767478347026433,2320519958,Directed,2070,,1
1589767478347026433,746767750635356160,Directed,2071,,4
1589767478347026433,1271021929785368581,Directed,2072,,1
1589767478347026433,1318211428227186694,Directed,2073,,1
1589767478347026433,1323855498370813953,Directed,2074,,7
1589767478347026433,1442496059989643265,Directed,2075,,1
1589767478347026433,30216513,Directed,2076,,2
1589767478347026433,1346766381614850048,Directed,2077,,1
1589767478347026433,1430120912146284545,Directed,2078,,1
1589767478347026433,1471433509151592460,Directed,2079,,1
1589767478347026433,20711586,Directed,2080,,1
1589767478347026433,1513871250652909569,Directed,2081,,2
1589767478347026433,1669187804461699072,Directed,2082,,1
1589767478347026433,1070230291,Directed,2083,,1
1589767478347026433,3298497218,Directed,2084,,1
1589767478347026433,1603240110757412864,Directed,2085,,2
1589767478347026433,518873688,Directed,2086,,1
1589767478347026433,1212783083272855552,Directed,2087,,5
1589767478347026433,1594932772438695938,Directed,2088,,1
1589767478347026433,1572607148235886599,Directed,2089,,2
1589767478347026433,769194300991234048,Directed,2090,,1
1589767478347026433,1611138873496637440,Directed,2091,,1
1589767478347026433,1612108812130963465,Directed,2092,,1
1589767478347026433,1573382513157980160,Directed,2093,,1
1589767478347026433,140051163,Directed,2094,,3
1589767478347026433,1644861138826321920,Directed,2095,,1
1589767478347026433,15745368,Directed,2096,,1
1589767478347026433,758155303238176772,Directed,2097,,1
1589767478347026433,1341758872453853185,Directed,2098,,9
1589767478347026433,994197734684024832,Directed,2099,,1
1589767478347026433,296625287,Directed,2100,,1
1589767478347026433,37241514,Directed,2101,,1
1589767478347026433,3429427779,Directed,2102,,1
1589767478347026433,1687682266162405376,Directed,2103,,2
1589767478347026433,1631375014867132416,Directed,2104,,1
1589767478347026433,1380448001945186305,Directed,2105,,2
1589767478347026433,1445444813143216140,Directed,2106,,2
1589767478347026433,1732362013555204096,Directed,2107,,2
1589767478347026433,1744326840699781120,Directed,2108,,1
1589767478347026433,1431834155302719493,Directed,2109,,2
1589767478347026433,1196590283967881216,Directed,2110,,1
1589767478347026433,1629291455775748098,Directed,2111,,5
1589767478347026433,398752046,Directed,2112,,1
1589767478347026433,1575720008793354240,Directed,2113,,1
1589767478347026433,1329410548044328960,Directed,2114,,1
1589767478347026433,22495731,Directed,2115,,1
1589767478347026433,1573547052247777280,Directed,2116,,3
1589767478347026433,1895316878,Directed,2117,,1
1589767478347026433,1599161136800301057,Directed,2118,,2
1589767478347026433,938050231454793728,Directed,2119,,2
1589767478347026433,231653036,Directed,2120,,1
1589767478347026433,1214319515128889344,Directed,2121,,1
1589767478347026433,1596053533,Directed,2122,,1
1589767478347026433,1614710690278670339,Directed,2123,,1
1589767478347026433,3302486951,Directed,2124,,1
1589767478347026433,869987821649625088,Directed,2125,,1
1589767478347026433,1482396686744002565,Directed,2126,,1
1589767478347026433,1347817576441769984,Directed,2127,,1
1589767478347026433,1308129526610907136,Directed,2128,,1
1589767478347026433,1708525912378028033,Directed,2129,,1
1589767478347026433,872506553911390208,Directed,2130,,1
1589767478347026433,1674598518026108928,Directed,2131,,2
1589767478347026433,1724825204663443456,Directed,2132,,1
1589767478347026433,1582367376078766080,Directed,2133,,2
1589767478347026433,279454590,Directed,2134,,1
1589767478347026433,200610477,Directed,2135,,3
1589767478347026433,1409863075805683714,Directed,2136,,1
1589767478347026433,1739043168513912833,Directed,2137,,1
1589767478347026433,1573386955198550017,Directed,2138,,2
1589767478347026433,1570110008221745153,Directed,2139,,1
1589767478347026433,66967746,Directed,2140,,1
1589767478347026433,1698605021384839168,Directed,2141,,1
1589767478347026433,56356173,Directed,2142,,1
1589767478347026433,3006348240,Directed,2143,,1
1589767478347026433,1596898408022921218,Directed,2144,,2
1589767478347026433,729966282188148736,Directed,2145,,1
1589767478347026433,118756393,Directed,2146,,2
1589767478347026433,883008422089826304,Directed,2147,,3
1589767478347026433,981134408,Directed,2148,,1
1589767478347026433,859052578969182210,Directed,2149,,1
1589767478347026433,900995846673649665,Directed,2150,,1
1589767478347026433,47214407,Directed,2151,,2
1589767478347026433,19489239,Directed,2152,,1
1589767478347026433,833673914,Directed,2153,,1
1589767478347026433,104228543,Directed,2154,,1
1589767478347026433,1376687676,Directed,2155,,1
1589767478347026433,18055418,Directed,2156,,1
1589767478347026433,1745128237485699073,Directed,2157,,3
1589767478347026433,948968653374017537,Directed,2158,,1
1589767478347026433,1138024085475266561,Directed,2159,,1
1589767478347026433,1188783195468251138,Directed,2160,,1
1589767478347026433,875742452270989312,Directed,2161,,2
1589767478347026433,1355904269677899776,Directed,2162,,1
1589767478347026433,1588338369540784129,Directed,2163,,1
1589767478347026433,1710772330878603264,Directed,2164,,1
1589767478347026433,1732774852354826240,Directed,2165,,2
1589767478347026433,1581406223504662530,Directed,2166,,3
1589767478347026433,49506513,Directed,2167,,1
1589767478347026433,37535548,Directed,2168,,5
1589767478347026433,1670929475691851778,Directed,2169,,1
1589767478347026433,1198659505430630407,Directed,2170,,1
1589767478347026433,1704033782540455936,Directed,2171,,2
1589767478347026433,1412929188227584000,Directed,2172,,1
1589767478347026433,1413224223032631314,Directed,2173,,1
1589767478347026433,2324997597,Directed,2174,,1
1589767478347026433,1008316359405637633,Directed,2175,,1
1589767478347026433,1722753969418625024,Directed,2176,,1
1589767478347026433,1253936998143811589,Directed,2177,,2
1589767478347026433,1742204989529858048,Directed,2178,,1
1589767478347026433,1912428248,Directed,2179,,5
1589767478347026433,1163760331002392577,Directed,2180,,1
1589767478347026433,3154244632,Directed,2181,,1
1589767478347026433,1587451015338541058,Directed,2182,,2
1589767478347026433,1084626783608102912,Directed,2183,,1
1589767478347026433,1087816271582937090,Directed,2184,,2
1589767478347026433,100798716,Directed,2185,,1
1589767478347026433,1702767076887109632,Directed,2186,,3
1589767478347026433,1149790135073947648,Directed,2187,,1
1589767478347026433,47891723,Directed,2188,,3
1589767478347026433,1244223261220704256,Directed,2189,,1
1589767478347026433,1031531188677173249,Directed,2190,,4
1589767478347026433,1600278877,Directed,2191,,1
1589767478347026433,1721287461140099072,Directed,2192,,1
1589767478347026433,1564205840881664001,Directed,2193,,1
1589767478347026433,6135642,Directed,2194,,1
1589767478347026433,1354522859754938368,Directed,2195,,1
1589767478347026433,1701942233694445568,Directed,2196,,1
1589767478347026433,1484176439729537042,Directed,2197,,3
1589767478347026433,16705767,Directed,2198,,1
1589767478347026433,1332353687415529472,Directed,2199,,2
1589767478347026433,47722134,Directed,2200,,2
1589767478347026433,1650502816492838912,Directed,2201,,1
1589767478347026433,263357100,Directed,2202,,2
1589767478347026433,1318666155775741955,Directed,2203,,2
1589767478347026433,1079651391562547200,Directed,2204,,1
1589767478347026433,1578858951533264902,Directed,2205,,1
1589767478347026433,774576972,Directed,2206,,1
1589767478347026433,256221937,Directed,2207,,1
1589767478347026433,7587032,Directed,2208,,1
1589767478347026433,1953522745,Directed,2209,,1
1589767478347026433,1552734571178983425,Directed,2210,,1
1589767478347026433,1271852322,Directed,2211,,4
1589767478347026433,1339166129110065152,Directed,2212,,1
1589767478347026433,1134119371780104192,Directed,2213,,3
1589767478347026433,1574593566260678656,Directed,2214,,9
1589767478347026433,406666451,Directed,2215,,1
1589767478347026433,1540007926156468224,Directed,2216,,1
1589767478347026433,1593213562050281475,Directed,2217,,1
1589767478347026433,1586450358339096578,Directed,2218,,3
1589767478347026433,1478327624657219587,Directed,2219,,1
1589767478347026433,3123016344,Directed,2220,,2
1589767478347026433,1720375967204470784,Directed,2221,,1
1589767478347026433,1696235206435295233,Directed,2222,,3
1589767478347026433,1680518972037292037,Directed,2223,,1
1589767478347026433,1351371042,Directed,2224,,1
1589767478347026433,1596422113686061059,Directed,2225,,2
1589767478347026433,1377491965927899137,Directed,2226,,1
1589767478347026433,1607707509380288513,Directed,2227,,4
1589767478347026433,3421599215,Directed,2228,,1
1589767478347026433,63273943,Directed,2229,,1
1589767478347026433,2997699345,Directed,2230,,1
1589767478347026433,1572309992535109633,Directed,2231,,2
1589767478347026433,1568457709581922304,Directed,2232,,4
1589767478347026433,1685321169816145920,Directed,2233,,4
1589767478347026433,1596294391,Directed,2234,,2
1589767478347026433,1683187130770632704,Directed,2235,,1
1589767478347026433,14569869,Directed,2236,,3
1589767478347026433,1283173964190298112,Directed,2237,,1
1589767478347026433,1572924883788505089,Directed,2238,,1
1589767478347026433,17062358,Directed,2239,,1
1589767478347026433,1574856289427296256,Directed,2240,,1
1589767478347026433,29016548,Directed,2241,,1
1589767478347026433,16192197,Directed,2242,,3
1589767478347026433,49592004,Directed,2243,,1
1589767478347026433,18760840,Directed,2244,,1
1589767478347026433,722960833853173760,Directed,2245,,1
1589767478347026433,933149324,Directed,2246,,1
1589767478347026433,1478088096574967808,Directed,2247,,1
1589767478347026433,835992487,Directed,2248,,1
1589767478347026433,1578295605243383809,Directed,2249,,2
1589767478347026433,1643346506,Directed,2250,,1
1589767478347026433,1252857842,Directed,2251,,1
1589767478347026433,949072114916777985,Directed,2252,,1
1589767478347026433,1712407211840851968,Directed,2253,,1
1589767478347026433,1654122637478760448,Directed,2254,,1
1589767478347026433,1408558266,Directed,2255,,1
1589767478347026433,1683850657927684096,Directed,2256,,1
1589767478347026433,793590097425887233,Directed,2257,,1
1589767478347026433,2348492714,Directed,2258,,2
1589767478347026433,3590077277,Directed,2259,,2
1589767478347026433,1569396042386358274,Directed,2260,,2
1589767478347026433,1057697633001709568,Directed,2261,,1
1589767478347026433,1435022557317640196,Directed,2262,,1
1589767478347026433,813404671079514112,Directed,2263,,1
1589767478347026433,1273546506012897281,Directed,2264,,1
1589767478347026433,847723061583372288,Directed,2265,,1
1589767478347026433,996029104267976704,Directed,2266,,1
1589767478347026433,351120282,Directed,2267,,1
1589767478347026433,1325583189545426944,Directed,2268,,1
1589767478347026433,1473588477652516872,Directed,2269,,4
1589767478347026433,1213444186420039680,Directed,2270,,1
1589767478347026433,968650362,Directed,2271,,1
1589767478347026433,1703761188264321024,Directed,2272,,1
1589767478347026433,926031038371061760,Directed,2273,,2
1589767478347026433,16523905,Directed,2274,,1
1589767478347026433,47696206,Directed,2275,,1
1589767478347026433,2831908699,Directed,2276,,2
1589767478347026433,449588356,Directed,2277,,2
1589767478347026433,97914276,Directed,2278,,1
1589767478347026433,57730041,Directed,2279,,1
1589767478347026433,1290374330640195584,Directed,2280,,1
1589767478347026433,1525236285291503619,Directed,2281,,1
1589767478347026433,47927277,Directed,2282,,1
1589767478347026433,1607203899403902977,Directed,2283,,3
1589767478347026433,1673355710321815552,Directed,2284,,1
1589767478347026433,1522120048382742528,Directed,2285,,3
1589767478347026433,1094742534348251136,Directed,2286,,1
1589767478347026433,476618879,Directed,2287,,1
1589767478347026433,2209340905,Directed,2288,,4
1589767478347026433,299416026,Directed,2289,,1
1589767478347026433,1572489095158407169,Directed,2290,,1
1589767478347026433,1769383089640214528,Directed,2291,,1
1589767478347026433,1538859363145814016,Directed,2292,,7
1589767478347026433,374712154,Directed,2293,,9
1589767478347026433,1792423369855676416,Directed,2294,,1
1589767478347026433,1592406136103129088,Directed,2295,,1
1589767478347026433,1212402841656016896,Directed,2296,,1
1589767478347026433,1080240353347813376,Directed,2297,,6
1589767478347026433,1487117686001868806,Directed,2298,,5
1589767478347026433,1750155332536471552,Directed,2299,,3
1589767478347026433,1794681516758278144,Directed,2300,,4
1589767478347026433,279032698,Directed,2301,,1
1589767478347026433,1163992520252153857,Directed,2302,,1
1589767478347026433,1607157175314681858,Directed,2303,,1
1589767478347026433,1531010899372384258,Directed,2304,,1
1589767478347026433,97054224,Directed,2305,,2
1589767478347026433,1624066229660000257,Directed,2306,,4
1589767478347026433,1768073787088510976,Directed,2307,,6
1589767478347026433,1777078405457993728,Directed,2308,,10
1589767478347026433,1715833939015692288,Directed,2309,,5
1589767478347026433,1036128301541191681,Directed,2310,,1
1589767478347026433,1181895419347050497,Directed,2311,,2
1589767478347026433,1763980581581266944,Directed,2312,,1
1589767478347026433,1409996087893524480,Directed,2313,,1
1589767478347026433,16314859,Directed,2314,,1
1589767478347026433,51484630,Directed,2315,,1
1589767478347026433,1032920346968707073,Directed,2316,,1
1589767478347026433,1572553626307928066,Directed,2317,,2
1589767478347026433,336662190,Directed,2318,,1
1589767478347026433,229966028,Directed,2319,,1
1589767478347026433,1660495514364780545,Directed,2320,,1
1589767478347026433,722528529716383744,Directed,2321,,1
1589767478347026433,2442464718,Directed,2322,,2
1589767478347026433,19341389,Directed,2323,,4
1589767478347026433,12,Directed,2324,,1
1589767478347026433,395303368,Directed,2325,,2
1589767478347026433,4782551,Directed,2326,,1
1589767478347026433,1582727532968923137,Directed,2327,,1
1589767478347026433,313890182,Directed,2328,,1
1589767478347026433,2435620488,Directed,2329,,2
1589767478347026433,14216661,Directed,2330,,1
1589767478347026433,41370439,Directed,2331,,2
1589767478347026433,3053731489,Directed,2332,,1
1589767478347026433,3347300099,Directed,2333,,2
1589767478347026433,1526986332,Directed,2334,,2
1589767478347026433,1786001687561342976,Directed,2335,,1
1589767478347026433,334036057,Directed,2336,,1
1589767478347026433,1575389063330537472,Directed,2337,,1
1589767478347026433,462103635,Directed,2338,,1
1589767478347026433,1621869015193747456,Directed,2339,,1
1589767478347026433,1597100235083464704,Directed,2340,,1
1589767478347026433,630578888,Directed,2341,,1
1589767478347026433,1671145426299535362,Directed,2342,,1
1589767478347026433,1575900763204861952,Directed,2343,,1
1589767478347026433,136607541,Directed,2344,,1
1589767478347026433,1578253157720809473,Directed,2345,,6
1589767478347026433,1386076323286814724,Directed,2346,,1
1589767478347026433,1757094380492484608,Directed,2347,,1
1589767478347026433,259772575,Directed,2348,,1
1589767478347026433,945923613420544000,Directed,2349,,1
1589767478347026433,1783563759685931008,Directed,2350,,1
1589767478347026433,2588429818,Directed,2351,,2
1589767478347026433,774362214,Directed,2352,,1
1589767478347026433,1638895382137651202,Directed,2353,,1
1589767478347026433,1574465105793896448,Directed,2354,,1
1589767478347026433,1477975732907388929,Directed,2355,,2
1589767478347026433,1573048354631729153,Directed,2356,,2
1589767478347026433,1573221924926373889,Directed,2357,,1
1589767478347026433,1369735432318181378,Directed,2358,,1
1589767478347026433,1638669060241076224,Directed,2359,,1
1589767478347026433,1759270130045931520,Directed,2360,,1
1589767478347026433,1626461202451759110,Directed,2361,,1
1589767478347026433,711920564386988032,Directed,2362,,1
1589767478347026433,1367531,Directed,2363,,2
1589767478347026433,724650385940557828,Directed,2364,,1
1589767478347026433,1072660589061791745,Directed,2365,,1
1589767478347026433,195853497,Directed,2366,,1
1589767478347026433,1241789012362309633,Directed,2367,,1
1589767478347026433,1459340247217717252,Directed,2368,,1
1589767478347026433,2194905277,Directed,2369,,1
1589767478347026433,455264233,Directed,2370,,1
1589767478347026433,1083808148534640640,Directed,2371,,1
1589767478347026433,406527960,Directed,2372,,1
1589767478347026433,1594281654159380480,Directed,2373,,1
1589767478347026433,1251752192417071104,Directed,2374,,1
1589767478347026433,1688429377552592896,Directed,2375,,2
1589767478347026433,1332569929263030275,Directed,2376,,1
1589767478347026433,814530850868043777,Directed,2377,,1
1589767478347026433,1596942321752358913,Directed,2378,,1
1589767478347026433,1594398960772423680,Directed,2379,,2
1589767478347026433,13382052,Directed,2380,,1
1589767478347026433,1288186261639921664,Directed,2381,,1
1589767478347026433,1718327808974364672,Directed,2382,,4
1112025263850901506,1408312021,Directed,2383,,5
1112025263850901506,226928166,Directed,2384,,8
1112025263850901506,1163760331002392577,Directed,2385,,2
1112025263850901506,1219666645964271616,Directed,2386,,1
1112025263850901506,728252911675944961,Directed,2387,,1
1112025263850901506,1643525583140270081,Directed,2388,,1
1112025263850901506,48187231,Directed,2389,,1
50599149,1586450358339096578,Directed,2390,,1
50599149,1465843476780695561,Directed,2391,,32
50599149,1672165748469555200,Directed,2392,,12
50599149,2193495339,Directed,2393,,18
50599149,740833886,Directed,2394,,77
50599149,619323823,Directed,2395,,5
50599149,1682990924547211265,Directed,2396,,2
50599149,1420670138152636416,Directed,2397,,22
50599149,19002586,Directed,2398,,1
50599149,1526329814348619776,Directed,2399,,43
50599149,478899745,Directed,2400,,2
50599149,1574647769175887873,Directed,2401,,6
50599149,1679871070524829697,Directed,2402,,22
50599149,50599149,Directed,2403,,41
50599149,353536835,Directed,2404,,3
50599149,1656166799954649089,Directed,2405,,11
50599149,1364291608896827394,Directed,2406,,9
50599149,847301196465414145,Directed,2407,,25
50599149,1573418357042331648,Directed,2408,,1
50599149,1243539768404738052,Directed,2409,,1
50599149,299180876,Directed,2410,,10
50599149,1643125531569958913,Directed,2411,,3
50599149,751858775045263360,Directed,2412,,3
50599149,40535534,Directed,2413,,5
50599149,1712185579226513408,Directed,2414,,4
50599149,1547235127343734789,Directed,2415,,21
50599149,1181895419347050497,Directed,2416,,5
50599149,1582042967350681602,Directed,2417,,4
50599149,947924373029171200,Directed,2418,,27
50599149,93249858,Directed,2419,,1
50599149,1662999168892432385,Directed,2420,,2
50599149,1589767478347026433,Directed,2421,,45
50599149,4904979732,Directed,2422,,16
50599149,1533593562755043328,Directed,2423,,1
50599149,1408312021,Directed,2424,,49
50599149,986232040021549056,Directed,2425,,1
50599149,1438539246130827269,Directed,2426,,1
50599149,952978023372017664,Directed,2427,,1
50599149,1011684640627810304,Directed,2428,,2
50599149,1538749308169859072,Directed,2429,,1
50599149,569352569,Directed,2430,,1
50599149,1575680697020268545,Directed,2431,,4
50599149,1580681279896522753,Directed,2432,,1
50599149,237695510,Directed,2433,,1
50599149,1520886420109512704,Directed,2434,,6
50599149,1650347267495174145,Directed,2435,,1
50599149,1715204034578030592,Directed,2436,,8
50599149,477934944,Directed,2437,,1
50599149,334161563,Directed,2438,,15
50599149,1865344082,Directed,2439,,11
50599149,1407827385806774273,Directed,2440,,1
50599149,1482192462303088640,Directed,2441,,1
50599149,1675230942581932032,Directed,2442,,78
50599149,254086746,Directed,2443,,4
50599149,1572512750030438400,Directed,2444,,1
50599149,1690323538501066752,Directed,2445,,1
50599149,1434152757750026242,Directed,2446,,3
50599149,318653354,Directed,2447,,14
50599149,1655365344540672001,Directed,2448,,1
50599149,1407007740262768642,Directed,2449,,1
50599149,1601754370986614784,Directed,2450,,12
50599149,1288186261639921664,Directed,2451,,3
50599149,722757627877335040,Directed,2452,,1
50599149,1621905147352813568,Directed,2453,,1
50599149,1327959581960658945,Directed,2454,,3
50599149,945886639603310592,Directed,2455,,1
50599149,1620153418710147072,Directed,2456,,1
50599149,1480172511035891717,Directed,2457,,16
50599149,876750583037927429,Directed,2458,,4
50599149,1074665434442596352,Directed,2459,,1
50599149,2182332444,Directed,2460,,5
50599149,1535012336670498835,Directed,2461,,24
50599149,1008840549565063168,Directed,2462,,4
50599149,2364164407,Directed,2463,,3
50599149,1594932772438695938,Directed,2464,,3
50599149,46287159,Directed,2465,,4
50599149,1669187804461699072,Directed,2466,,2
50599149,1709314240345960448,Directed,2467,,6
50599149,1573091225200197633,Directed,2468,,27
50599149,1582482448390115328,Directed,2469,,1
50599149,1601248435121930242,Directed,2470,,3
50599149,1661790834180919296,Directed,2471,,1
50599149,3118720037,Directed,2472,,2
50599149,2468209243,Directed,2473,,4
50599149,756576901481783296,Directed,2474,,1
50599149,1571245591543308290,Directed,2475,,1
50599149,1520488035808428034,Directed,2476,,1
50599149,1590233116765032448,Directed,2477,,1
50599149,1578441560399699968,Directed,2478,,11
50599149,1309951076628672514,Directed,2479,,4
50599149,34332516,Directed,2480,,1
50599149,1295604543875670016,Directed,2481,,1
50599149,943502519992573952,Directed,2482,,1
50599149,1471433509151592460,Directed,2483,,1
50599149,1587050009068941312,Directed,2484,,1
50599149,1213701347775664129,Directed,2485,,2
50599149,1311631176998760453,Directed,2486,,6
50599149,1041674345926389760,Directed,2487,,1
50599149,746767750635356160,Directed,2488,,1
50599149,908580919132459008,Directed,2489,,8
50599149,832035949,Directed,2490,,1
50599149,1657722854438232068,Directed,2491,,1
50599149,1049616746804629504,Directed,2492,,3
50599149,1671155011815100420,Directed,2493,,1
50599149,1355264251636678657,Directed,2494,,13
50599149,3424728015,Directed,2495,,1
50599149,1673680238268563462,Directed,2496,,1
50599149,1378970222,Directed,2497,,1
50599149,1691650643579318273,Directed,2498,,2
50599149,1112025263850901506,Directed,2499,,1
50599149,1573790732292440064,Directed,2500,,1
50599149,728252911675944961,Directed,2501,,4
50599149,1562125109984362498,Directed,2502,,1
50599149,936731383845834752,Directed,2503,,1
50599149,919725913469747200,Directed,2504,,20
50599149,1712243355201978368,Directed,2505,,3
50599149,1201049331802890240,Directed,2506,,3
50599149,1620708256086896640,Directed,2507,,1
50599149,1955124895,Directed,2508,,8
50599149,1581380724581879808,Directed,2509,,1
50599149,1416237137805025280,Directed,2510,,1
50599149,1460339257,Directed,2511,,8
50599149,1005185803172106241,Directed,2512,,1
50599149,1701250039367012352,Directed,2513,,4
50599149,1458195278973046784,Directed,2514,,1
50599149,1690529247528734720,Directed,2515,,2
50599149,1337460720930344968,Directed,2516,,2
50599149,868904778042134528,Directed,2517,,4
50599149,1693756337849540608,Directed,2518,,2
50599149,1486731271157870601,Directed,2519,,1
50599149,1684187402523250688,Directed,2520,,1
50599149,1347817576441769984,Directed,2521,,1
50599149,1537114095090016257,Directed,2522,,1
50599149,1292314647610167297,Directed,2523,,1
50599149,1037678661187641345,Directed,2524,,1
50599149,1621947853173133314,Directed,2525,,3
50599149,901410954071748608,Directed,2526,,1
50599149,967325689472053249,Directed,2527,,1
50599149,1639988582050832384,Directed,2528,,1
50599149,723878358,Directed,2529,,4
50599149,1589669680767242246,Directed,2530,,3
50599149,1316150730,Directed,2531,,1
50599149,1230142907136593920,Directed,2532,,1
50599149,1592598319456571392,Directed,2533,,1
50599149,1581651513881108480,Directed,2534,,1
50599149,1672918930900369411,Directed,2535,,1
50599149,1412929188227584000,Directed,2536,,5
50599149,3164609911,Directed,2537,,1
50599149,1728307431527055360,Directed,2538,,1
50599149,1558189812389117952,Directed,2539,,1
50599149,1587451015338541058,Directed,2540,,1
50599149,1704033782540455936,Directed,2541,,6
50599149,918198302742630401,Directed,2542,,1
50599149,1702767076887109632,Directed,2543,,8
50599149,1682692464623210497,Directed,2544,,1
50599149,56356173,Directed,2545,,1
50599149,829627156976242689,Directed,2546,,1
50599149,1580700104415186947,Directed,2547,,1
50599149,1425999992674824199,Directed,2548,,2
50599149,1614396569163276289,Directed,2549,,1
50599149,872000721893371904,Directed,2550,,1
50599149,1256864700647845888,Directed,2551,,2
50599149,905916780119547904,Directed,2552,,2
50599149,1572644449318215682,Directed,2553,,1
50599149,621407062,Directed,2554,,1
50599149,1445374618919911431,Directed,2555,,1
50599149,1574354084731228161,Directed,2556,,4
50599149,1261991879375089665,Directed,2557,,1
50599149,1530479308157984768,Directed,2558,,1
50599149,1535223207707521024,Directed,2559,,1
50599149,1577305477788188674,Directed,2560,,1
50599149,2423392771,Directed,2561,,1
50599149,1581406223504662530,Directed,2562,,1
50599149,1458337727536144386,Directed,2563,,1
50599149,1572420259730038785,Directed,2564,,4
50599149,1585073200186417154,Directed,2565,,2
50599149,1644861138826321920,Directed,2566,,5
50599149,2322846787,Directed,2567,,1
50599149,584376633,Directed,2568,,2
50599149,1582330170869948417,Directed,2569,,1
50599149,49127938,Directed,2570,,3
50599149,961742450632069121,Directed,2571,,1
50599149,1194418597730213888,Directed,2572,,6
50599149,1001931386293510145,Directed,2573,,1
50599149,1524849513252499457,Directed,2574,,1
50599149,1660317928644902914,Directed,2575,,5
50599149,1687662524915757056,Directed,2576,,1
50599149,1258494225458573313,Directed,2577,,1
50599149,1665585729320398849,Directed,2578,,2
50599149,1215948376753233921,Directed,2579,,1
50599149,1584444886979330049,Directed,2580,,1
50599149,196952741,Directed,2581,,1
50599149,1521456975233622016,Directed,2582,,2
50599149,1638243839725957127,Directed,2583,,2
50599149,1685721864079917056,Directed,2584,,3
50599149,1600610109490487296,Directed,2585,,1
50599149,1196590283967881216,Directed,2586,,2
50599149,1093058258372194304,Directed,2587,,1
50599149,1633155240303140865,Directed,2588,,1
50599149,135962891,Directed,2589,,1
50599149,2865656340,Directed,2590,,3
50599149,1603976487111389186,Directed,2591,,1
50599149,452493137,Directed,2592,,1
50599149,51244775,Directed,2593,,1
50599149,1745128237485699073,Directed,2594,,10
50599149,1087816271582937090,Directed,2595,,1
50599149,2378039176,Directed,2596,,1
50599149,1317875321610379266,Directed,2597,,1
50599149,226928166,Directed,2598,,1
50599149,1058823972450697217,Directed,2599,,1
50599149,1573510705248075776,Directed,2600,,1
50599149,948968653374017537,Directed,2601,,1
50599149,1624506379057651713,Directed,2602,,1
50599149,1072149465748922368,Directed,2603,,1
50599149,848620374153715717,Directed,2604,,1
50599149,1545635600702767104,Directed,2605,,2
50599149,1245234538424360962,Directed,2606,,1
50599149,1445329297917501440,Directed,2607,,1
50599149,48209591,Directed,2608,,2
50599149,1740481664168472576,Directed,2609,,1
50599149,1288625870442311680,Directed,2610,,1
50599149,1006533118692593669,Directed,2611,,2
50599149,1630608225383985153,Directed,2612,,1
50599149,962387325845164032,Directed,2613,,2
50599149,520879927,Directed,2614,,3
50599149,1679604927470108678,Directed,2615,,1
50599149,1638133577199104005,Directed,2616,,1
50599149,1212402841656016896,Directed,2617,,1
50599149,1640946855096852480,Directed,2618,,1
50599149,1435902033148715008,Directed,2619,,2
50599149,1574481917088612374,Directed,2620,,1
50599149,828566340365643776,Directed,2621,,1
50599149,1016226437886509056,Directed,2622,,1
50599149,1149790135073947648,Directed,2623,,2
50599149,3001858353,Directed,2624,,1
50599149,1544539187587825666,Directed,2625,,1
50599149,1753140471008813056,Directed,2626,,3
50599149,431867570,Directed,2627,,1
50599149,1246515349803106305,Directed,2628,,2
50599149,2260688268,Directed,2629,,1
50599149,1057697633001709568,Directed,2630,,1
50599149,1513871250652909569,Directed,2631,,1
50599149,2801472864,Directed,2632,,1
50599149,1585218448111828992,Directed,2633,,1
50599149,1703761188264321024,Directed,2634,,3
50599149,1249184800721772544,Directed,2635,,2
50599149,1430993414502420488,Directed,2636,,1
50599149,1065189303268065280,Directed,2637,,1
50599149,1147279258831773696,Directed,2638,,2
50599149,1346284191797788673,Directed,2639,,1
50599149,1499297465220190209,Directed,2640,,1
50599149,1099329582363275265,Directed,2641,,1
50599149,1612108812130963465,Directed,2642,,1
50599149,3296026530,Directed,2643,,1
50599149,1293866930244395014,Directed,2644,,1
1163760331002392577,945886639603310592,Directed,2645,,1
1163760331002392577,1163760331002392577,Directed,2646,,4
1163760331002392577,790728,Directed,2647,,1
1163760331002392577,817403221,Directed,2648,,1
1163760331002392577,47448563,Directed,2649,,1
1163760331002392577,251633354,Directed,2650,,1
874330245037527040,1200007669425352705,Directed,2651,,1
874330245037527040,874330245037527040,Directed,2652,,38
874330245037527040,38154763,Directed,2653,,40
874330245037527040,36992738,Directed,2654,,1
874330245037527040,2412738884,Directed,2655,,1
874330245037527040,1691230489086980096,Directed,2656,,1
874330245037527040,1638919662908895238,Directed,2657,,1
874330245037527040,1367531,Directed,2658,,1
874330245037527040,822188103360188416,Directed,2659,,1
874330245037527040,1582434046625423361,Directed,2660,,1
874330245037527040,1314641961614299138,Directed,2661,,2
874330245037527040,831525989616332801,Directed,2662,,4
874330245037527040,1201516981037551619,Directed,2663,,1
874330245037527040,1425469818669608964,Directed,2664,,1
874330245037527040,3301947536,Directed,2665,,2
874330245037527040,984193418694938625,Directed,2666,,2
874330245037527040,1103448882,Directed,2667,,1
874330245037527040,1243170788682936321,Directed,2668,,3
874330245037527040,18336608,Directed,2669,,2
874330245037527040,1542093223450902529,Directed,2670,,3
874330245037527040,1116856792124813314,Directed,2671,,1
874330245037527040,1252192266443272196,Directed,2672,,1
874330245037527040,928712499804827648,Directed,2673,,1
874330245037527040,580956087,Directed,2674,,1
874330245037527040,1720399000518410240,Directed,2675,,1
874330245037527040,963878358026211330,Directed,2676,,2
874330245037527040,1959507445,Directed,2677,,1
874330245037527040,1525051315801542659,Directed,2678,,3
874330245037527040,1616812867642347522,Directed,2679,,1
874330245037527040,945886639603310592,Directed,2680,,1
874330245037527040,1676213344062021632,Directed,2681,,1
874330245037527040,1718146874551455744,Directed,2682,,1
874330245037527040,809557260145807360,Directed,2683,,1
874330245037527040,1445444813143216140,Directed,2684,,2
874330245037527040,3145728307,Directed,2685,,1
874330245037527040,1573617862446563330,Directed,2686,,1
874330245037527040,1408774528445128707,Directed,2687,,1
874330245037527040,4356461356,Directed,2688,,1
874330245037527040,2172599869,Directed,2689,,1
874330245037527040,1577407760882626560,Directed,2690,,1
874330245037527040,1580681279896522753,Directed,2691,,1
874330245037527040,1452988352345612292,Directed,2692,,1
874330245037527040,1226899205895139334,Directed,2693,,1
874330245037527040,1396462558673055745,Directed,2694,,1
874330245037527040,1154833589109972995,Directed,2695,,1
874330245037527040,1107179341421707264,Directed,2696,,1
1271892865082368004,1298583867801174016,Directed,2697,,2
1271892865082368004,1001931386293510145,Directed,2698,,70
1271892865082368004,947985297287122945,Directed,2699,,1
1271892865082368004,1292314647610167297,Directed,2700,,36
1271892865082368004,1598459384560078848,Directed,2701,,15
1271892865082368004,1668553727928664071,Directed,2702,,34
1271892865082368004,3164609911,Directed,2703,,35
1271892865082368004,1482396686744002565,Directed,2704,,22
1271892865082368004,1407007740262768642,Directed,2705,,33
1271892865082368004,519732224,Directed,2706,,18
1271892865082368004,1323057172717121537,Directed,2707,,23
1271892865082368004,1553965265917923328,Directed,2708,,44
1271892865082368004,1215948376753233921,Directed,2709,,25
1271892865082368004,1013964115092443136,Directed,2710,,30
1271892865082368004,1216083515802079232,Directed,2711,,1
1271892865082368004,1573360580895047683,Directed,2712,,7
1271892865082368004,1558231456119390209,Directed,2713,,1
1271892865082368004,1013868078701137921,Directed,2714,,1
1271892865082368004,46287159,Directed,2715,,33
1271892865082368004,1090888948006744064,Directed,2716,,1
1271892865082368004,1684187402523250688,Directed,2717,,84
1271892865082368004,1394235244849598465,Directed,2718,,6
1271892865082368004,1243202212689522690,Directed,2719,,72
1271892865082368004,52444859,Directed,2720,,6
1271892865082368004,1381139295281483776,Directed,2721,,4
1271892865082368004,1547235127343734789,Directed,2722,,63
1271892865082368004,3397477355,Directed,2723,,90
1271892865082368004,991596211437277184,Directed,2724,,1
1271892865082368004,1009843913832718336,Directed,2725,,13
1271892865082368004,2950042619,Directed,2726,,10
1271892865082368004,2177326935,Directed,2727,,5
1271892865082368004,817403221,Directed,2728,,1
1271892865082368004,1478868545752776710,Directed,2729,,1
1271892865082368004,520879927,Directed,2730,,7
1271892865082368004,815832079233478656,Directed,2731,,7
1271892865082368004,1572185275362590726,Directed,2732,,2
1271892865082368004,18055418,Directed,2733,,24
1271892865082368004,1074665434442596352,Directed,2734,,35
1271892865082368004,2529834984,Directed,2735,,12
1271892865082368004,1640024353826824192,Directed,2736,,19
1271892865082368004,1657783538169643008,Directed,2737,,1
1271892865082368004,1482192462303088640,Directed,2738,,11
1271892865082368004,720675761825456132,Directed,2739,,1
1271892865082368004,2792649947,Directed,2740,,1
1271892865082368004,1542952381062598656,Directed,2741,,1
1271892865082368004,76288120,Directed,2742,,4
1271892865082368004,1434152757750026242,Directed,2743,,8
1271892865082368004,1694365510475915265,Directed,2744,,2
1271892865082368004,1147279258831773696,Directed,2745,,21
1271892865082368004,1216564046184505344,Directed,2746,,6
1271892865082368004,1955124895,Directed,2747,,55
1271892865082368004,1492782894045179910,Directed,2748,,32
1271892865082368004,1628880391598637056,Directed,2749,,1
1271892865082368004,1112853145657335808,Directed,2750,,3
1271892865082368004,1865344082,Directed,2751,,18
1271892865082368004,1215952054692302848,Directed,2752,,1
1271892865082368004,1251530881858224128,Directed,2753,,2
1271892865082368004,1579527039031320578,Directed,2754,,1
1271892865082368004,1601507567917727744,Directed,2755,,2
1271892865082368004,1535577050299437056,Directed,2756,,10
1271892865082368004,1346766381614850048,Directed,2757,,28
1271892865082368004,307063886,Directed,2758,,12
1271892865082368004,51483738,Directed,2759,,10
1271892865082368004,1439001331361013766,Directed,2760,,4
1271892865082368004,867126568451280896,Directed,2761,,109
1271892865082368004,1701156534082850816,Directed,2762,,1
1271892865082368004,1378970222,Directed,2763,,3
1271892865082368004,18409325,Directed,2764,,17
1271892865082368004,947924373029171200,Directed,2765,,12
1271892865082368004,4005388937,Directed,2766,,1
1271892865082368004,893443960793952260,Directed,2767,,12
1271892865082368004,1535012336670498835,Directed,2768,,54
1271892865082368004,477934944,Directed,2769,,1
1271892865082368004,1328739821158854657,Directed,2770,,1
1271892865082368004,1630456951741005824,Directed,2771,,2
1271892865082368004,1049616746804629504,Directed,2772,,8
1271892865082368004,1650347267495174145,Directed,2773,,1
1271892865082368004,1408312021,Directed,2774,,5
1271892865082368004,1214319515128889344,Directed,2775,,5
1271892865082368004,1445329297917501440,Directed,2776,,16
1271892865082368004,1323855498370813953,Directed,2777,,1
1271892865082368004,746767750635356160,Directed,2778,,3
1271892865082368004,872506553911390208,Directed,2779,,20
1271892865082368004,3070942499,Directed,2780,,4
1271892865082368004,1243539768404738052,Directed,2781,,4
1271892865082368004,1353987610725801985,Directed,2782,,4
1271892865082368004,542347917,Directed,2783,,19
1271892865082368004,1496919051624398854,Directed,2784,,68
1271892865082368004,876750583037927429,Directed,2785,,52
1271892865082368004,1655365344540672001,Directed,2786,,8
1271892865082368004,1228644082341249025,Directed,2787,,30
1271892865082368004,1395667127806353410,Directed,2788,,4
1271892865082368004,353536835,Directed,2789,,9
1271892865082368004,1611659195866308608,Directed,2790,,19
1271892865082368004,1276613019406082048,Directed,2791,,13
1271892865082368004,1545743495029264384,Directed,2792,,1
1271892865082368004,1471556912328151045,Directed,2793,,4
1271892865082368004,3297594548,Directed,2794,,4
1271892865082368004,1090714432022462474,Directed,2795,,7
1271892865082368004,1574010888834662404,Directed,2796,,2
1271892865082368004,1439863028393119748,Directed,2797,,1
1271892865082368004,1621484248052948993,Directed,2798,,1
1271892865082368004,1581052251623284738,Directed,2799,,36
1271892865082368004,3083953337,Directed,2800,,8
1271892865082368004,2182332444,Directed,2801,,7
1271892865082368004,1370835229213126658,Directed,2802,,9
1271892865082368004,1698428130766241792,Directed,2803,,2
1271892865082368004,1288625870442311680,Directed,2804,,21
1271892865082368004,334161563,Directed,2805,,16
1271892865082368004,1118512883661459456,Directed,2806,,4
1271892865082368004,1677068554905026561,Directed,2807,,1
1271892865082368004,1476923165297233926,Directed,2808,,15
1271892865082368004,1669756906141888534,Directed,2809,,1
1271892865082368004,1570506489143476226,Directed,2810,,35
1271892865082368004,254086746,Directed,2811,,3
1271892865082368004,1626423335516098566,Directed,2812,,2
1271892865082368004,1143641667750301698,Directed,2813,,1
1271892865082368004,799374709053915136,Directed,2814,,2
1271892865082368004,1132928106736435201,Directed,2815,,1
1271892865082368004,1696389869688549376,Directed,2816,,1
1271892865082368004,38385927,Directed,2817,,1
1271892865082368004,1010662308261982208,Directed,2818,,1
1271892865082368004,1435902033148715008,Directed,2819,,21
1271892865082368004,1582042967350681602,Directed,2820,,1
1271892865082368004,1406194439651987458,Directed,2821,,2
1271892865082368004,1630154323161128961,Directed,2822,,25
1271892865082368004,323444570,Directed,2823,,1
1271892865082368004,1357524552931299330,Directed,2824,,5
1271892865082368004,3252582144,Directed,2825,,1
1271892865082368004,2731248600,Directed,2826,,43
1271892865082368004,2230288177,Directed,2827,,6
1271892865082368004,872000721893371904,Directed,2828,,8
1271892865082368004,874896844878381057,Directed,2829,,1
1271892865082368004,1409954756093693952,Directed,2830,,1
1271892865082368004,993049181907509249,Directed,2831,,1
1271892865082368004,1307019494687154176,Directed,2832,,1
1271892865082368004,1576330210844237825,Directed,2833,,1
1271892865082368004,1195086138190573587,Directed,2834,,22
1271892865082368004,1188329290162675713,Directed,2835,,1
1271892865082368004,2942614180,Directed,2836,,1
1271892865082368004,2921501520,Directed,2837,,1
1271892865082368004,1302816913001676800,Directed,2838,,1
1271892865082368004,1257575212301737984,Directed,2839,,9
1271892865082368004,2613396403,Directed,2840,,2
1271892865082368004,1284944788924637184,Directed,2841,,4
1271892865082368004,1572304057385226240,Directed,2842,,2
1271892865082368004,1245234538424360962,Directed,2843,,6
1271892865082368004,1020349970342383617,Directed,2844,,1
1271892865082368004,21614316,Directed,2845,,2
1271892865082368004,1005185803172106241,Directed,2846,,3
1271892865082368004,1225903431333924864,Directed,2847,,1
1271892865082368004,1414957959361273874,Directed,2848,,1
1271892865082368004,1687123572777439232,Directed,2849,,1
1271892865082368004,839104090621759488,Directed,2850,,1
1271892865082368004,1712535792852283393,Directed,2851,,32
1271892865082368004,1533593562755043328,Directed,2852,,5
1271892865082368004,2831333656,Directed,2853,,11
1271892865082368004,1242908290016739330,Directed,2854,,5
1271892865082368004,138632648,Directed,2855,,1
1271892865082368004,952978023372017664,Directed,2856,,5
1271892865082368004,1171521728616386561,Directed,2857,,4
1271892865082368004,748962728333553668,Directed,2858,,4
1271892865082368004,866023004450566145,Directed,2859,,1
1271892865082368004,1509552913403756559,Directed,2860,,1
1271892865082368004,1405625086393171970,Directed,2861,,2
1271892865082368004,1042829667714166785,Directed,2862,,1
1271892865082368004,1578208401506680834,Directed,2863,,1
1271892865082368004,859052578969182210,Directed,2864,,1
1271892865082368004,1541307617888284672,Directed,2865,,1
1271892865082368004,1195988340643811329,Directed,2866,,1
1271892865082368004,1169476002222940162,Directed,2867,,2
1271892865082368004,1617271743206268929,Directed,2868,,1
1271892865082368004,1596422113686061059,Directed,2869,,2
1271892865082368004,1573869416218996741,Directed,2870,,1
1271892865082368004,1591396206797881344,Directed,2871,,5
1271892865082368004,915384490796748800,Directed,2872,,2
1271892865082368004,1639988582050832384,Directed,2873,,1
1271892865082368004,2991576965,Directed,2874,,1
1271892865082368004,1574647769175887873,Directed,2875,,1
1271892865082368004,1540526136257552384,Directed,2876,,2
1271892865082368004,954653399970086913,Directed,2877,,3
1271892865082368004,1577647346686590976,Directed,2878,,3
1271892865082368004,1535530856919572480,Directed,2879,,7
1271892865082368004,1246810016088236034,Directed,2880,,7
1271892865082368004,1473294329804324870,Directed,2881,,4
1271892865082368004,1479902849979011079,Directed,2882,,1
1271892865082368004,1615729880586485760,Directed,2883,,2
1271892865082368004,1656166799954649089,Directed,2884,,34
1271892865082368004,1477253437352030208,Directed,2885,,6
1271892865082368004,1078152426195173381,Directed,2886,,1
1271892865082368004,754996830774161408,Directed,2887,,2
1271892865082368004,1647573150362656768,Directed,2888,,1
1271892865082368004,1271883607003578368,Directed,2889,,1
1271892865082368004,1591882058699341824,Directed,2890,,1
1271892865082368004,1505858596810149894,Directed,2891,,1
1271892865082368004,38506813,Directed,2892,,3
1271892865082368004,1181895419347050497,Directed,2893,,1
1271892865082368004,817735020043505667,Directed,2894,,1
1271892865082368004,1541321876303224832,Directed,2895,,1
1271892865082368004,49127938,Directed,2896,,5
1271892865082368004,1249184800721772544,Directed,2897,,8
1271892865082368004,1538749308169859072,Directed,2898,,3
1271892865082368004,1288186261639921664,Directed,2899,,2
1271892865082368004,96951983,Directed,2900,,1
1271892865082368004,1682332356420485121,Directed,2901,,2
1271892865082368004,1612794343911297025,Directed,2902,,8
1271892865082368004,1703152818960404480,Directed,2903,,1
1271892865082368004,1582330170869948417,Directed,2904,,11
1271892865082368004,1578858951533264902,Directed,2905,,1
1271892865082368004,1705116523029807104,Directed,2906,,5
1271892865082368004,1271021929785368581,Directed,2907,,1
1271892865082368004,1009104801815236608,Directed,2908,,1
1271892865082368004,1448718795204284440,Directed,2909,,1
1271892865082368004,1031531188677173249,Directed,2910,,3
1271892865082368004,1588740471546847238,Directed,2911,,3
1271892865082368004,3823943241,Directed,2912,,4
1271892865082368004,1577688228236328969,Directed,2913,,1
1271892865082368004,1572512750030438400,Directed,2914,,8
1271892865082368004,1573418357042331648,Directed,2915,,39
1271892865082368004,1709314240345960448,Directed,2916,,5
1271892865082368004,1657780411,Directed,2917,,2
1271892865082368004,1399027834899816448,Directed,2918,,2
1271892865082368004,1347130937994215424,Directed,2919,,1
1271892865082368004,1625219450407354369,Directed,2920,,1
1271892865082368004,1300055757543690240,Directed,2921,,1
1271892865082368004,1420670138152636416,Directed,2922,,10
1271892865082368004,1130573358687543297,Directed,2923,,3
1271892865082368004,1086655314064076800,Directed,2924,,1
1271892865082368004,1374066693706821641,Directed,2925,,1
1271892865082368004,1712243355201978368,Directed,2926,,53
1271892865082368004,1594989443500630016,Directed,2927,,1
1271892865082368004,35678871,Directed,2928,,1
1271892865082368004,909512912,Directed,2929,,1
1271892865082368004,1483830741771472899,Directed,2930,,2
1271892865082368004,1492124015003111429,Directed,2931,,2
1271892865082368004,1676213344062021632,Directed,2932,,3
1271892865082368004,1440806264255045638,Directed,2933,,3
1271892865082368004,1673679568220090368,Directed,2934,,1
1271892865082368004,1521829657754144770,Directed,2935,,2
1271892865082368004,1425999992674824199,Directed,2936,,15
1271892865082368004,1421916545605722115,Directed,2937,,1
1271892865082368004,1630862134795022337,Directed,2938,,1
1271892865082368004,1418103877732388865,Directed,2939,,17
1271892865082368004,1581676522104131584,Directed,2940,,1
1271892865082368004,1686026636095832064,Directed,2941,,2
1271892865082368004,1362743107100565505,Directed,2942,,8
1271892865082368004,1312274675469352960,Directed,2943,,8
1271892865082368004,1587839497336754177,Directed,2944,,1
1271892865082368004,943502519992573952,Directed,2945,,6
1271892865082368004,1551860304291692545,Directed,2946,,2
1271892865082368004,947728476135501825,Directed,2947,,15
1271892865082368004,1455566016013012998,Directed,2948,,1
1271892865082368004,872447296499314689,Directed,2949,,1
1271892865082368004,1695868081589940224,Directed,2950,,1
1271892865082368004,1471449927909838851,Directed,2951,,1
1271892865082368004,963412604952727552,Directed,2952,,1
1271892865082368004,318653354,Directed,2953,,5
1271892865082368004,1056093629549182976,Directed,2954,,2
1271892865082368004,1640561695117529088,Directed,2955,,3
1271892865082368004,815188996297003008,Directed,2956,,16
1271892865082368004,1445444813143216140,Directed,2957,,8
1271892865082368004,848620374153715717,Directed,2958,,15
1271892865082368004,1342117786550751234,Directed,2959,,1
1271892865082368004,1486731271157870601,Directed,2960,,1
1271892865082368004,1283321039951482881,Directed,2961,,1
1271892865082368004,1675230942581932032,Directed,2962,,6
1271892865082368004,1580681279896522753,Directed,2963,,8
1271892865082368004,1096445535433752576,Directed,2964,,5
1271892865082368004,908580919132459008,Directed,2965,,5
1271892865082368004,987052008011124742,Directed,2966,,1
1271892865082368004,1573410566185664520,Directed,2967,,2
1271892865082368004,1341450477582643206,Directed,2968,,3
1271892865082368004,911550247133999104,Directed,2969,,1
1271892865082368004,1581408219410341889,Directed,2970,,1
1271892865082368004,1230142907136593920,Directed,2971,,1
1271892865082368004,1495414769867624448,Directed,2972,,1
1271892865082368004,1711408356395741184,Directed,2973,,1
1271892865082368004,911309327276929024,Directed,2974,,2
1271892865082368004,1460339257,Directed,2975,,34
1271892865082368004,3135844871,Directed,2976,,2
1271892865082368004,50998739,Directed,2977,,1
1271892865082368004,1378255143603437577,Directed,2978,,1
1271892865082368004,1563081643916533760,Directed,2979,,4
1271892865082368004,1600609186731139074,Directed,2980,,1
1271892865082368004,756576901481783296,Directed,2981,,3
1271892865082368004,1052813208426172417,Directed,2982,,1
1271892865082368004,1328698844184530945,Directed,2983,,1
1271892865082368004,307297819,Directed,2984,,1
1271892865082368004,1509128249401659393,Directed,2985,,1
1271892865082368004,994413874681036800,Directed,2986,,1
1271892865082368004,2584412810,Directed,2987,,1
1271892865082368004,2801472864,Directed,2988,,2
1271892865082368004,1016226437886509056,Directed,2989,,1
1271892865082368004,1426436289788841989,Directed,2990,,1
1271892865082368004,50299231,Directed,2991,,1
1271892865082368004,1224943771860770816,Directed,2992,,7
1271892865082368004,1515956552,Directed,2993,,1
1271892865082368004,48643614,Directed,2994,,2
1271892865082368004,431867570,Directed,2995,,1
1271892865082368004,997167399240683521,Directed,2996,,1
1271892865082368004,1496482431410524172,Directed,2997,,1
1271892865082368004,406666451,Directed,2998,,1
1271892865082368004,1359486817255510018,Directed,2999,,1
1271892865082368004,1673680238268563462,Directed,3000,,6
1271892865082368004,1715204034578030592,Directed,3001,,4
1271892865082368004,883008422089826304,Directed,3002,,1
1271892865082368004,1297254073121546243,Directed,3003,,1
1271892865082368004,1400776809994674179,Directed,3004,,1
1271892865082368004,1215915965579497472,Directed,3005,,6
1271892865082368004,2442235959,Directed,3006,,2
1271892865082368004,1704397331431362560,Directed,3007,,1
1271892865082368004,1526956724174966786,Directed,3008,,1
1271892865082368004,206427431,Directed,3009,,1
1271892865082368004,703414475,Directed,3010,,1
1271892865082368004,1213701347775664129,Directed,3011,,3
1271892865082368004,1573552355370483713,Directed,3012,,1
1271892865082368004,3298497218,Directed,3013,,2
1271892865082368004,1110568745502732289,Directed,3014,,1
1271892865082368004,818212054804926466,Directed,3015,,11
1271892865082368004,2414979296,Directed,3016,,1
1271892865082368004,16465385,Directed,3017,,2
1271892865082368004,2313967902,Directed,3018,,2
1271892865082368004,1295604543875670016,Directed,3019,,1
1271892865082368004,1559483198924623874,Directed,3020,,1
1271892865082368004,1255820959942086656,Directed,3021,,3
1271892865082368004,1407074913383555077,Directed,3022,,1
1271892865082368004,1576191537284894722,Directed,3023,,2
1271892865082368004,1361713037892227072,Directed,3024,,1
1271892865082368004,1487000148270067717,Directed,3025,,1
1271892865082368004,168176682,Directed,3026,,1
1271892865082368004,1652627783494017027,Directed,3027,,1
1271892865082368004,1600610109490487296,Directed,3028,,2
1271892865082368004,1521210816497954817,Directed,3029,,1
1271892865082368004,1666154912353222681,Directed,3030,,2
1271892865082368004,570018183,Directed,3031,,1
1271892865082368004,982322806275719168,Directed,3032,,1
1271892865082368004,945923613420544000,Directed,3033,,2
1271892865082368004,1537114095090016257,Directed,3034,,3
1271892865082368004,1538321027901661185,Directed,3035,,2
1271892865082368004,1552668883773014021,Directed,3036,,1
1271892865082368004,1500996708553138180,Directed,3037,,2
1271892865082368004,1599477840251998208,Directed,3038,,1
1271892865082368004,1622100959072493568,Directed,3039,,1
1271892865082368004,1298262093523648525,Directed,3040,,1
1271892865082368004,965715917413015552,Directed,3041,,1
1271892865082368004,1665585729320398849,Directed,3042,,2
1271892865082368004,1574202196731756544,Directed,3043,,3
1271892865082368004,947313892883140608,Directed,3044,,2
1271892865082368004,1271892865082368004,Directed,3045,,1
1271892865082368004,795252888201203712,Directed,3046,,3
1271892865082368004,1048546242719100929,Directed,3047,,2
1271892865082368004,1491883391129690121,Directed,3048,,1
1271892865082368004,1447648711945990145,Directed,3049,,2
1271892865082368004,1318211428227186694,Directed,3050,,1
1271892865082368004,919725913469747200,Directed,3051,,24
1271892865082368004,1571988293847334914,Directed,3052,,1
1271892865082368004,1090527664111345664,Directed,3053,,1
1271892865082368004,587281555,Directed,3054,,3
1271892865082368004,1578778381117800450,Directed,3055,,2
1271892865082368004,1180273217795170304,Directed,3056,,2
1271892865082368004,1458146763504816129,Directed,3057,,3
1271892865082368004,738333428,Directed,3058,,8
1271892865082368004,1051879859444682752,Directed,3059,,1
1271892865082368004,1624506379057651713,Directed,3060,,3
1271892865082368004,824030456333135876,Directed,3061,,1
1271892865082368004,1699951948307345408,Directed,3062,,3
1271892865082368004,953537928277487616,Directed,3063,,1
1271892865082368004,1581651513881108480,Directed,3064,,1
1271892865082368004,1201933728752246785,Directed,3065,,1
1271892865082368004,1521456975233622016,Directed,3066,,16
1271892865082368004,1637217505688051712,Directed,3067,,2
1271892865082368004,2693264754,Directed,3068,,1
1271892865082368004,1469707341419401223,Directed,3069,,2
1271892865082368004,1239088173344571392,Directed,3070,,3
1271892865082368004,4795342575,Directed,3071,,1
1271892865082368004,49557520,Directed,3072,,2
1271892865082368004,1337460720930344968,Directed,3073,,2
1271892865082368004,744256897050611712,Directed,3074,,1
1271892865082368004,1034182794963025920,Directed,3075,,1
1271892865082368004,1703161059471749120,Directed,3076,,2
1271892865082368004,1589741880778137600,Directed,3077,,1
1271892865082368004,1197553032696934400,Directed,3078,,3
1271892865082368004,11790882,Directed,3079,,1
1271892865082368004,1636265788868005888,Directed,3080,,1
1271892865082368004,1009357110,Directed,3081,,1
1271892865082368004,856093944622358528,Directed,3082,,1
1271892865082368004,1589669680767242246,Directed,3083,,2
1271892865082368004,1316150730,Directed,3084,,3
1271892865082368004,1375018307762409472,Directed,3085,,1
1271892865082368004,1407320651174711297,Directed,3086,,9
1271892865082368004,1233876069771595777,Directed,3087,,1
1271892865082368004,1675947598933360640,Directed,3088,,1
1271892865082368004,1558096687259738112,Directed,3089,,1
1271892865082368004,1327959581960658945,Directed,3090,,5
1271892865082368004,1480172511035891717,Directed,3091,,5
1271892865082368004,1078579557605785602,Directed,3092,,1
1271892865082368004,1662307561645789184,Directed,3093,,1
1271892865082368004,1001222093034479616,Directed,3094,,1
1271892865082368004,48534361,Directed,3095,,1
1271892865082368004,1425434938657103874,Directed,3096,,1
1271892865082368004,709152732230377472,Directed,3097,,2
1271892865082368004,768018830014685184,Directed,3098,,1
1271892865082368004,1157702019920142336,Directed,3099,,1
1271892865082368004,1713720919406137344,Directed,3100,,1
1271892865082368004,733085131972300800,Directed,3101,,1
1271892865082368004,1268609463017144322,Directed,3102,,1
1271892865082368004,829018916190035968,Directed,3103,,1
1271892865082368004,16102208,Directed,3104,,1
1271892865082368004,920307525643272193,Directed,3105,,1
1271892865082368004,953191984432336896,Directed,3106,,3
1271892865082368004,2744064398,Directed,3107,,2
1271892865082368004,1505049788240257024,Directed,3108,,1
1271892865082368004,1594326389410480131,Directed,3109,,1
1271892865082368004,1614710690278670339,Directed,3110,,3
1271892865082368004,1479060386095714305,Directed,3111,,1
1271892865082368004,1712056927327289346,Directed,3112,,1
1271892865082368004,3062906803,Directed,3113,,1
1271892865082368004,858459815177318404,Directed,3114,,1
1271892865082368004,1404226129842540546,Directed,3115,,1
1271892865082368004,1541318977367973888,Directed,3116,,1
1271892865082368004,1011518845230702592,Directed,3117,,1
1271892865082368004,52425236,Directed,3118,,2
1271892865082368004,1545635600702767104,Directed,3119,,1
1271892865082368004,1728307431527055360,Directed,3120,,1
1271892865082368004,2497923974,Directed,3121,,1
1271892865082368004,946107449890820096,Directed,3122,,1
1271892865082368004,1613903983030026240,Directed,3123,,1
1271892865082368004,1677698645272010752,Directed,3124,,1
1271892865082368004,1055110353586192384,Directed,3125,,1
1271892865082368004,1051549047234777088,Directed,3126,,1
1271892865082368004,1616952684,Directed,3127,,1
1271892865082368004,1452622731325890566,Directed,3128,,1
1271892865082368004,1646640971101208578,Directed,3129,,1
1271892865082368004,1489713037149888514,Directed,3130,,2
1271892865082368004,838643211736211456,Directed,3131,,1
1271892865082368004,1610929367101628416,Directed,3132,,1
1271892865082368004,1195165942658895873,Directed,3133,,1
1271892865082368004,1571959255393091585,Directed,3134,,3
1271892865082368004,1201194426367979521,Directed,3135,,3
1271892865082368004,1541840019475685376,Directed,3136,,1
1271892865082368004,472774081,Directed,3137,,2
1271892865082368004,1573593156855255041,Directed,3138,,1
1271892865082368004,868904778042134528,Directed,3139,,2
1271892865082368004,1326188971853029386,Directed,3140,,1
1271892865082368004,1702767076887109632,Directed,3141,,4
1271892865082368004,1283718362372202496,Directed,3142,,1
1271892865082368004,950080458439774208,Directed,3143,,1
1271892865082368004,1445374618919911431,Directed,3144,,1
1271892865082368004,1480403487896735750,Directed,3145,,1
1271892865082368004,1711788366407020544,Directed,3146,,1
1271892865082368004,1514905483597037573,Directed,3147,,1
1271892865082368004,930405992776511488,Directed,3148,,1
1271892865082368004,1559508190110404609,Directed,3149,,1
1271892865082368004,1423352452364001281,Directed,3150,,1
1271892865082368004,1622482269943304192,Directed,3151,,1
1271892865082368004,740833886,Directed,3152,,1
1271892865082368004,1002149552974106624,Directed,3153,,1
1271892865082368004,56356173,Directed,3154,,1
1271892865082368004,1614962275571404809,Directed,3155,,1
1271892865082368004,1462088569154154503,Directed,3156,,2
1271892865082368004,1053039006487842816,Directed,3157,,1
1271892865082368004,1509301196267601922,Directed,3158,,1
1271892865082368004,2418945582,Directed,3159,,2
1271892865082368004,1618542067948425218,Directed,3160,,1
1271892865082368004,1355904269677899776,Directed,3161,,1
1271892865082368004,1496818693069840390,Directed,3162,,1
1271892865082368004,1736098032259584000,Directed,3163,,1
1271892865082368004,1669476580458987520,Directed,3164,,1
1271892865082368004,49554665,Directed,3165,,1
1271892865082368004,1441129621273993219,Directed,3166,,1
1271892865082368004,1645803780641001480,Directed,3167,,1
1271892865082368004,1369735432318181378,Directed,3168,,2
1271892865082368004,1577918265103376385,Directed,3169,,2
1271892865082368004,1087816271582937090,Directed,3170,,2
1271892865082368004,1712144859187060736,Directed,3171,,1
1271892865082368004,1458710321439199235,Directed,3172,,1
1271892865082368004,1586622458471514112,Directed,3173,,1
1271892865082368004,1288966651208237056,Directed,3174,,4
1271892865082368004,806244423961104388,Directed,3175,,4
1271892865082368004,714366422806171648,Directed,3176,,1
1271892865082368004,1220289508572389378,Directed,3177,,1
1271892865082368004,1649819255628611585,Directed,3178,,1
1271892865082368004,226928166,Directed,3179,,1
1271892865082368004,1577272304324775938,Directed,3180,,1
1271892865082368004,1573412653392809984,Directed,3181,,1
1271892865082368004,628139384,Directed,3182,,2
1271892865082368004,1558756902309355520,Directed,3183,,1
1271892865082368004,1583212500232933377,Directed,3184,,1
1271892865082368004,1520886420109512704,Directed,3185,,1
1271892865082368004,1256864700647845888,Directed,3186,,10
1271892865082368004,1487117686001868806,Directed,3187,,1
1271892865082368004,1080647556,Directed,3188,,1
1271892865082368004,1572890811150245889,Directed,3189,,1
1271892865082368004,1638224976812670977,Directed,3190,,1
1271892865082368004,1664896690317344769,Directed,3191,,1
1271892865082368004,3414505683,Directed,3192,,1
1271892865082368004,878301870468608000,Directed,3193,,1
1271892865082368004,1282369538261233664,Directed,3194,,3
1271892865082368004,1461546511511265287,Directed,3195,,1
1271892865082368004,1742837319114100737,Directed,3196,,2
1271892865082368004,1570110008221745153,Directed,3197,,1
1271892865082368004,1453386596313669636,Directed,3198,,2
1271892865082368004,1685721864079917056,Directed,3199,,1
1271892865082368004,1535223207707521024,Directed,3200,,2
1271892865082368004,1066791061882851334,Directed,3201,,1
1271892865082368004,1556301427034783744,Directed,3202,,1
1271892865082368004,1478334259131727876,Directed,3203,,1
1271892865082368004,843659641473064961,Directed,3204,,2
1271892865082368004,488772327,Directed,3205,,2
1271892865082368004,1527616101227667456,Directed,3206,,1
1271892865082368004,1380177745557213188,Directed,3207,,1
1271892865082368004,1370279648970555392,Directed,3208,,1
1271892865082368004,87474763,Directed,3209,,2
1271892865082368004,907606627880198145,Directed,3210,,3
1271892865082368004,1482324572380839936,Directed,3211,,1
1271892865082368004,1071846551822184449,Directed,3212,,2
1271892865082368004,19919875,Directed,3213,,1
1271892865082368004,569352569,Directed,3214,,1
1271892865082368004,1337782172049149953,Directed,3215,,1
1271892865082368004,391245309,Directed,3216,,1
1271892865082368004,1435022557317640196,Directed,3217,,1
1271892865082368004,142230509,Directed,3218,,2
1271892865082368004,1574639833284321280,Directed,3219,,1
1271892865082368004,1536247167500922880,Directed,3220,,1
1271892865082368004,2378839566,Directed,3221,,1
1271892865082368004,16912915,Directed,3222,,1
1271892865082368004,1554223232575840259,Directed,3223,,1
1271892865082368004,826551747971805186,Directed,3224,,1
1271892865082368004,961742450632069121,Directed,3225,,1
1271892865082368004,1621005630801690626,Directed,3226,,2
1271892865082368004,584376633,Directed,3227,,3
1271892865082368004,1458337727536144386,Directed,3228,,2
1271892865082368004,2951606220,Directed,3229,,1
1271892865082368004,2884044251,Directed,3230,,1
1271892865082368004,915874542245081088,Directed,3231,,1
1271892865082368004,2172631,Directed,3232,,1
1271892865082368004,1650574771568926727,Directed,3233,,1
1271892865082368004,1549463435796447232,Directed,3234,,1
1271892865082368004,1258494225458573313,Directed,3235,,1
1271892865082368004,4188202324,Directed,3236,,1
1271892865082368004,1582365583470780417,Directed,3237,,1
1271892865082368004,253420850,Directed,3238,,1
1271892865082368004,14600723,Directed,3239,,1
1271892865082368004,1665115771440119808,Directed,3240,,1
1271892865082368004,1638243839725957127,Directed,3241,,3
1271892865082368004,1660317928644902914,Directed,3242,,1
1271892865082368004,3341492770,Directed,3243,,2
1271892865082368004,1390863382278987781,Directed,3244,,1
1271892865082368004,1740481664168472576,Directed,3245,,1
1271892865082368004,1526329814348619776,Directed,3246,,15
1271892865082368004,3376384187,Directed,3247,,1
1271892865082368004,1908627954,Directed,3248,,1
1271892865082368004,1169723149383979008,Directed,3249,,1
1271892865082368004,1603240110757412864,Directed,3250,,1
1271892865082368004,1576513580236787712,Directed,3251,,1
1271892865082368004,2167976370,Directed,3252,,1
1271892865082368004,1070230291,Directed,3253,,1
1271892865082368004,1222099872700141568,Directed,3254,,1
1271892865082368004,1640139042384740352,Directed,3255,,1
1271892865082368004,1616781489949282305,Directed,3256,,3
1271892865082368004,2955611162,Directed,3257,,1
1271892865082368004,1299687671443238912,Directed,3258,,1
1271892865082368004,3145802856,Directed,3259,,1
1271892865082368004,1149790135073947648,Directed,3260,,5
1271892865082368004,1601754370986614784,Directed,3261,,1
1271892865082368004,1603856705120399360,Directed,3262,,3
1271892865082368004,878310899756433408,Directed,3263,,1
1271892865082368004,1426169532314435585,Directed,3264,,2
1271892865082368004,1623796829866414082,Directed,3265,,1
1271892865082368004,2219480202,Directed,3266,,1
1271892865082368004,1503669118435831812,Directed,3267,,1
1271892865082368004,1525236285291503619,Directed,3268,,1
1271892865082368004,1660909368,Directed,3269,,2
1271892865082368004,1691223269234348032,Directed,3270,,2
1271892865082368004,1586782957771132928,Directed,3271,,2
1271892865082368004,992124138356707328,Directed,3272,,1
1271892865082368004,840814070160842753,Directed,3273,,1
1271892865082368004,963777541910577152,Directed,3274,,1
1271892865082368004,1379902152194285575,Directed,3275,,1
1271892865082368004,1679484670302646275,Directed,3276,,2
1271892865082368004,1214871674358652928,Directed,3277,,1
1271892865082368004,1563443616957497344,Directed,3278,,1
1271892865082368004,1612108812130963465,Directed,3279,,1
1271892865082368004,2778437004,Directed,3280,,1
1271892865082368004,2176448622,Directed,3281,,1
1271892865082368004,1597570287071100930,Directed,3282,,1
1271892865082368004,3421599215,Directed,3283,,1
1271892865082368004,1711800796575059968,Directed,3284,,2
1271892865082368004,1457348013903462403,Directed,3285,,2
1271892865082368004,1574540980262404096,Directed,3286,,1
1271892865082368004,1681421952546684928,Directed,3287,,1
1271892865082368004,1701250039367012352,Directed,3288,,1
1271892865082368004,1408558266,Directed,3289,,8
1271892865082368004,829627156976242689,Directed,3290,,2
1271892865082368004,830055191395201024,Directed,3291,,1
1271892865082368004,1596294391,Directed,3292,,6
1271892865082368004,1123291947572060160,Directed,3293,,1
1271892865082368004,2260688268,Directed,3294,,2
1271892865082368004,1685660425017319425,Directed,3295,,1
1271892865082368004,1643525583140270081,Directed,3296,,1
1271892865082368004,1576832970727497728,Directed,3297,,2
1271892865082368004,1694793442033864704,Directed,3298,,2
1271892865082368004,375050232,Directed,3299,,1
1271892865082368004,1753140471008813056,Directed,3300,,7
1271892865082368004,472897022,Directed,3301,,1
1271892865082368004,1005232959547469824,Directed,3302,,1
1271892865082368004,1573035366206111747,Directed,3303,,1
1271892865082368004,1196590283967881216,Directed,3304,,1
1271892865082368004,19002586,Directed,3305,,1
1271892865082368004,1681327842624151553,Directed,3306,,2
1271892865082368004,1585006007096381440,Directed,3307,,1
1271892865082368004,1289489340301811713,Directed,3308,,1
1271892865082368004,1696548626124726272,Directed,3309,,1
1271892865082368004,1327184536007028736,Directed,3310,,1
1271892865082368004,1703761188264321024,Directed,3311,,5
1271892865082368004,1372281948241006592,Directed,3312,,1
1271892865082368004,1020098966225063942,Directed,3313,,1
1271892865082368004,1194968523870629888,Directed,3314,,2
1271892865082368004,842078884950601728,Directed,3315,,1
1271892865082368004,1732362013555204096,Directed,3316,,1
1271892865082368004,1355977181239902210,Directed,3317,,1
1271892865082368004,1405784354178191361,Directed,3318,,1
1271892865082368004,320191210,Directed,3319,,1
1271892865082368004,1057697633001709568,Directed,3320,,1
1271892865082368004,932815016549539840,Directed,3321,,1
1271892865082368004,948968653374017537,Directed,3322,,1
1271892865082368004,938050231454793728,Directed,3323,,1
1271892865082368004,46628064,Directed,3324,,1
1271892865082368004,1620765565,Directed,3325,,1
1271892865082368004,1613202339376005122,Directed,3326,,1
1271892865082368004,1750110426296156160,Directed,3327,,2
1271892865082368004,51244775,Directed,3328,,1
1271892865082368004,4904979732,Directed,3329,,1
1271892865082368004,879209721902891010,Directed,3330,,1
1271892865082368004,1570672013471285248,Directed,3331,,1
1271892865082368004,1565636562817261568,Directed,3332,,1
1271892865082368004,944260145244143617,Directed,3333,,1
1271892865082368004,1570433551333560327,Directed,3334,,1
1271892865082368004,1627792220056084481,Directed,3335,,1
1271892865082368004,1512128457542713360,Directed,3336,,1
1271892865082368004,1686095799640276992,Directed,3337,,2
1271892865082368004,829813524037779457,Directed,3338,,2
1271892865082368004,1647746754845065220,Directed,3339,,1
1271892865082368004,1631120943299846146,Directed,3340,,1
1271892865082368004,1478525468475338753,Directed,3341,,2
1271892865082368004,1013935197274791936,Directed,3342,,1
1271892865082368004,1212822458408960000,Directed,3343,,1
1271892865082368004,751811653633617920,Directed,3344,,1
1271892865082368004,1694691026454142976,Directed,3345,,1
1271892865082368004,1726309293455233024,Directed,3346,,2
1271892865082368004,1480684448542642176,Directed,3347,,1
1271892865082368004,1513871250652909569,Directed,3348,,3
1271892865082368004,1713673881171496960,Directed,3349,,2
1271892865082368004,1574574178757386259,Directed,3350,,2
1271892865082368004,1757495988833386497,Directed,3351,,7
1271892865082368004,3134651737,Directed,3352,,1
1271892865082368004,1755566268814618624,Directed,3353,,1
1271892865082368004,1162847343093440519,Directed,3354,,1
1271892865082368004,981579100669272065,Directed,3355,,1
1271892865082368004,1544539187587825666,Directed,3356,,1
1271892865082368004,743210519260192773,Directed,3357,,1
1271892865082368004,1496946931540635655,Directed,3358,,1
1271892865082368004,475317365,Directed,3359,,1
1271892865082368004,1329060146547396609,Directed,3360,,1
1271892865082368004,3071626218,Directed,3361,,1
1271892865082368004,1072149465748922368,Directed,3362,,2
1271892865082368004,994197734684024832,Directed,3363,,2
1271892865082368004,2280161403,Directed,3364,,1
1271892865082368004,1486953838187745280,Directed,3365,,1
1271892865082368004,1578804598017499144,Directed,3366,,1
1271892865082368004,2254982313,Directed,3367,,1
1271892865082368004,826088887604899844,Directed,3368,,1
1271892865082368004,1777304841116631042,Directed,3369,,4
1271892865082368004,1792504435324616704,Directed,3370,,1
1271892865082368004,2759350759,Directed,3371,,1
1271892865082368004,1650226445766066180,Directed,3372,,1
1271892865082368004,1429768389262725121,Directed,3373,,1
1271892865082368004,1737715002826522624,Directed,3374,,1
1271892865082368004,1252333501447315460,Directed,3375,,2
1271892865082368004,263357100,Directed,3376,,1
1271892865082368004,1006924896847433728,Directed,3377,,1
1271892865082368004,1814387846440202241,Directed,3378,,3
1271892865082368004,1794681516758278144,Directed,3379,,2
1271892865082368004,794530811970195457,Directed,3380,,1
1271892865082368004,1172960240314331137,Directed,3381,,1
1271892865082368004,1594932772438695938,Directed,3382,,1
1271892865082368004,2910544868,Directed,3383,,1
1271892865082368004,1053592986632814592,Directed,3384,,1
1271892865082368004,1593498020242489346,Directed,3385,,2
1271892865082368004,1594577098286530561,Directed,3386,,1
1271892865082368004,1435378342514003970,Directed,3387,,1
1271892865082368004,713386067785809924,Directed,3388,,1
1271892865082368004,1498372251992748033,Directed,3389,,1
1271892865082368004,1210491700709335041,Directed,3390,,1
1271892865082368004,1189524954,Directed,3391,,1
1271892865082368004,1722460952527028224,Directed,3392,,1
1271892865082368004,1670581461655728128,Directed,3393,,1
1271892865082368004,187214305,Directed,3394,,1
1271892865082368004,75055396,Directed,3395,,1
1271892865082368004,2418896652,Directed,3396,,1
908580919132459008,3269273666,Directed,3397,,2
908580919132459008,2314094473,Directed,3398,,13
908580919132459008,334161563,Directed,3399,,161
908580919132459008,967325689472053249,Directed,3400,,1
908580919132459008,1865344082,Directed,3401,,18
908580919132459008,4346255919,Directed,3402,,13
908580919132459008,1509613366674923528,Directed,3403,,1
908580919132459008,3352622686,Directed,3404,,1
908580919132459008,1346902228486021120,Directed,3405,,1
908580919132459008,1393165262648655875,Directed,3406,,2
908580919132459008,738333428,Directed,3407,,18
908580919132459008,909512912,Directed,3408,,13
908580919132459008,1523576001590083584,Directed,3409,,14
908580919132459008,908580919132459008,Directed,3410,,3
908580919132459008,876750583037927429,Directed,3411,,9
908580919132459008,1420670138152636416,Directed,3412,,18
908580919132459008,1215948376753233921,Directed,3413,,25
908580919132459008,226928166,Directed,3414,,13
908580919132459008,2950042619,Directed,3415,,5
908580919132459008,1596294391,Directed,3416,,2
908580919132459008,1252857842,Directed,3417,,1
908580919132459008,1517886785212358660,Directed,3418,,1
908580919132459008,1256864700647845888,Directed,3419,,38
908580919132459008,815188996297003008,Directed,3420,,5
908580919132459008,1370279648970555392,Directed,3421,,3
908580919132459008,47737851,Directed,3422,,2
908580919132459008,1712185579226513408,Directed,3423,,3
908580919132459008,520879927,Directed,3424,,11
908580919132459008,1035649020465688576,Directed,3425,,3
908580919132459008,1522023044868296704,Directed,3426,,1
908580919132459008,1573617862446563330,Directed,3427,,1
908580919132459008,2831333656,Directed,3428,,1
908580919132459008,1402377717526544385,Directed,3429,,1
908580919132459008,1011684640627810304,Directed,3430,,15
908580919132459008,1578441560399699968,Directed,3431,,5
908580919132459008,1275134957833334785,Directed,3432,,1
908580919132459008,1487117686001868806,Directed,3433,,1
908580919132459008,1099329582363275265,Directed,3434,,5
908580919132459008,1157702019920142336,Directed,3435,,1
908580919132459008,1598477459594379265,Directed,3436,,1
908580919132459008,17783532,Directed,3437,,2
908580919132459008,1511044478349594624,Directed,3438,,7
908580919132459008,3164609911,Directed,3439,,4
908580919132459008,976966801685925888,Directed,3440,,3
908580919132459008,1598614095971995650,Directed,3441,,1
908580919132459008,1163760331002392577,Directed,3442,,1
908580919132459008,1515018953202053125,Directed,3443,,1
908580919132459008,1222773302441148416,Directed,3444,,1
908580919132459008,88389777,Directed,3445,,4
908580919132459008,1629261165959294976,Directed,3446,,1
908580919132459008,1106236889311395840,Directed,3447,,1
908580919132459008,1013964115092443136,Directed,3448,,2
908580919132459008,97650151,Directed,3449,,1
908580919132459008,1458778569912561668,Directed,3450,,3
908580919132459008,1571146722335760384,Directed,3451,,1
908580919132459008,1327959581960658945,Directed,3452,,1
908580919132459008,2364164407,Directed,3453,,1
908580919132459008,1256047963945787398,Directed,3454,,1
908580919132459008,1680026173797982209,Directed,3455,,4
908580919132459008,299180876,Directed,3456,,1
908580919132459008,1675230942581932032,Directed,3457,,2
908580919132459008,1532669036051542019,Directed,3458,,1
908580919132459008,49258147,Directed,3459,,1
908580919132459008,1049616746804629504,Directed,3460,,5
908580919132459008,1535530856919572480,Directed,3461,,2
908580919132459008,1589767478347026433,Directed,3462,,2
908580919132459008,1181895419347050497,Directed,3463,,3
908580919132459008,1288186261639921664,Directed,3464,,1
908580919132459008,1535012336670498835,Directed,3465,,4
908580919132459008,1614710690278670339,Directed,3466,,3
908580919132459008,431867570,Directed,3467,,1
908580919132459008,1620153418710147072,Directed,3468,,1
908580919132459008,1715204034578030592,Directed,3469,,8
908580919132459008,353536835,Directed,3470,,7
908580919132459008,1355264251636678657,Directed,3471,,2
908580919132459008,1416699698229006340,Directed,3472,,1
908580919132459008,1679871070524829697,Directed,3473,,5
908580919132459008,1147279258831773696,Directed,3474,,2
908580919132459008,1955124895,Directed,3475,,7
908580919132459008,1408312021,Directed,3476,,8
908580919132459008,1615729880586485760,Directed,3477,,1
908580919132459008,1245355966792470528,Directed,3478,,1
908580919132459008,48209591,Directed,3479,,2
908580919132459008,448400938,Directed,3480,,2
908580919132459008,1695460906640039937,Directed,3481,,2
908580919132459008,18409325,Directed,3482,,5
908580919132459008,919725913469747200,Directed,3483,,2
908580919132459008,1364454278866366464,Directed,3484,,1
908580919132459008,3298497218,Directed,3485,,1
908580919132459008,1197553032696934400,Directed,3486,,3
908580919132459008,1213701347775664129,Directed,3487,,2
908580919132459008,1043181897088729088,Directed,3488,,1
908580919132459008,16912915,Directed,3489,,2
908580919132459008,1634569045012799488,Directed,3490,,1
908580919132459008,1480172511035891717,Directed,3491,,1
908580919132459008,1420591163271118854,Directed,3492,,1
908580919132459008,1434152757750026242,Directed,3493,,1
908580919132459008,716220554362150912,Directed,3494,,1
908580919132459008,1074665434442596352,Directed,3495,,2
908580919132459008,1678670558416760832,Directed,3496,,2
908580919132459008,4782551,Directed,3497,,1
908580919132459008,943502519992573952,Directed,3498,,1
908580919132459008,1316895950984589312,Directed,3499,,1
908580919132459008,169871593,Directed,3500,,1
908580919132459008,1380635931976286212,Directed,3501,,1
908580919132459008,4847086839,Directed,3502,,17
908580919132459008,54700101,Directed,3503,,1
908580919132459008,1533593562755043328,Directed,3504,,3
908580919132459008,1617492298950135810,Directed,3505,,3
908580919132459008,34361668,Directed,3506,,1
908580919132459008,1447220996222722054,Directed,3507,,1
908580919132459008,272729455,Directed,3508,,1
908580919132459008,1578399264274882560,Directed,3509,,3
908580919132459008,2193495339,Directed,3510,,2
908580919132459008,1273546506012897281,Directed,3511,,1
908580919132459008,724352740051324928,Directed,3512,,1
908580919132459008,1657722854438232068,Directed,3513,,1
908580919132459008,1514905483597037573,Directed,3514,,1
908580919132459008,1600554559830736910,Directed,3515,,5
908580919132459008,1600895767518085121,Directed,3516,,1
908580919132459008,1640024353826824192,Directed,3517,,1
908580919132459008,714077350904913920,Directed,3518,,1
1676213344062021632,1582482448390115328,Directed,3519,,21
1676213344062021632,1494350119881388039,Directed,3520,,5
1676213344062021632,1442568545066356743,Directed,3521,,2
1676213344062021632,1090158040026963968,Directed,3522,,82
1676213344062021632,945886639603310592,Directed,3523,,34
1676213344062021632,824916487647404034,Directed,3524,,6
1676213344062021632,1439001331361013766,Directed,3525,,6
1676213344062021632,893757772025798656,Directed,3526,,27
1676213344062021632,1573617862446563330,Directed,3527,,27
1676213344062021632,1577715113679020032,Directed,3528,,20
1676213344062021632,1638665833240035330,Directed,3529,,48
1676213344062021632,1645357369298153475,Directed,3530,,4
1676213344062021632,1220301118783266816,Directed,3531,,1
1676213344062021632,1542093223450902529,Directed,3532,,31
1676213344062021632,1199816676675670016,Directed,3533,,21
1676213344062021632,1574008411360043008,Directed,3534,,10
1676213344062021632,2572902906,Directed,3535,,51
1676213344062021632,4420207816,Directed,3536,,51
1676213344062021632,1113100093,Directed,3537,,9
1676213344062021632,959891302421815296,Directed,3538,,1
1676213344062021632,1576019107329282048,Directed,3539,,2
1676213344062021632,814864263189843968,Directed,3540,,14
1676213344062021632,1591897237638070272,Directed,3541,,20
1676213344062021632,38154763,Directed,3542,,45
1676213344062021632,950267536003747840,Directed,3543,,3
1676213344062021632,994707367966191621,Directed,3544,,1
1676213344062021632,935701736051920896,Directed,3545,,8
1676213344062021632,1175625128950095873,Directed,3546,,10
1676213344062021632,1647332709327355905,Directed,3547,,13
1676213344062021632,1638372580464685056,Directed,3548,,55
1676213344062021632,1643197738522234882,Directed,3549,,2
1676213344062021632,1384075715893612549,Directed,3550,,3
1676213344062021632,1080647556,Directed,3551,,33
1676213344062021632,1458337727536144386,Directed,3552,,14
1676213344062021632,874330245037527040,Directed,3553,,9
1676213344062021632,1370279648970555392,Directed,3554,,27
1676213344062021632,1574702065628200960,Directed,3555,,3
1676213344062021632,1656468047194890243,Directed,3556,,1
1676213344062021632,1627427223115276291,Directed,3557,,1
1676213344062021632,1301162170286329858,Directed,3558,,1
1676213344062021632,407476218,Directed,3559,,5
1676213344062021632,1587390851700981761,Directed,3560,,11
1676213344062021632,1441739348626468876,Directed,3561,,6
1676213344062021632,1329710757865459712,Directed,3562,,1
1676213344062021632,1596422113686061059,Directed,3563,,1
1676213344062021632,1071846551822184449,Directed,3564,,2
1676213344062021632,797159363811147776,Directed,3565,,2
1676213344062021632,1065658304884547585,Directed,3566,,1
1676213344062021632,3297594548,Directed,3567,,1
1676213344062021632,1574856289427296256,Directed,3568,,6
1676213344062021632,1439863028393119748,Directed,3569,,1
1676213344062021632,960279607286132736,Directed,3570,,1
1676213344062021632,878301870468608000,Directed,3571,,1
1676213344062021632,3164924710,Directed,3572,,2
1676213344062021632,1216838812673900546,Directed,3573,,2
1676213344062021632,1558756902309355520,Directed,3574,,2
1676213344062021632,18336608,Directed,3575,,11
1676213344062021632,1243088479224913921,Directed,3576,,12
1676213344062021632,62855930,Directed,3577,,20
1676213344062021632,1578129720901861399,Directed,3578,,1
1676213344062021632,1455576852492324872,Directed,3579,,3
1676213344062021632,2581408111,Directed,3580,,2
1676213344062021632,1676213344062021632,Directed,3581,,29
1676213344062021632,1685278239500156928,Directed,3582,,1
1676213344062021632,569352569,Directed,3583,,5
1676213344062021632,991646194958000128,Directed,3584,,1
1676213344062021632,1040968883144990725,Directed,3585,,3
1676213344062021632,1244701394008977412,Directed,3586,,1
1676213344062021632,775067343349288960,Directed,3587,,1
1676213344062021632,1573869416218996741,Directed,3588,,15
1676213344062021632,143373762,Directed,3589,,5
1676213344062021632,1314641961614299138,Directed,3590,,2
1676213344062021632,726040292424617985,Directed,3591,,1
1676213344062021632,1578159420391165952,Directed,3592,,1
1676213344062021632,1249146360584114177,Directed,3593,,6
1676213344062021632,45167431,Directed,3594,,1
1676213344062021632,1698107533431394304,Directed,3595,,33
1676213344062021632,1502152758887022593,Directed,3596,,2
1676213344062021632,1065717383514341376,Directed,3597,,13
1676213344062021632,437780037,Directed,3598,,1
1676213344062021632,1709314240345960448,Directed,3599,,4
1676213344062021632,1629243528969695232,Directed,3600,,1
1676213344062021632,338949202,Directed,3601,,3
1676213344062021632,1247111964276527104,Directed,3602,,3
1676213344062021632,545293473,Directed,3603,,1
1676213344062021632,1295604543875670016,Directed,3604,,6
1676213344062021632,999484750955012098,Directed,3605,,12
1676213344062021632,43051330,Directed,3606,,1
1676213344062021632,1202315051987800064,Directed,3607,,1
1676213344062021632,139879462,Directed,3608,,1
1676213344062021632,60066557,Directed,3609,,3
1676213344062021632,1198691072769249281,Directed,3610,,1
1676213344062021632,1720399000518410240,Directed,3611,,2
1676213344062021632,1631220001653784576,Directed,3612,,23
1676213344062021632,947242675350228992,Directed,3613,,14
1676213344062021632,51434437,Directed,3614,,1
1676213344062021632,442737538,Directed,3615,,5
1676213344062021632,1437577781437739013,Directed,3616,,5
1676213344062021632,1719392781070635008,Directed,3617,,5
1676213344062021632,1656624502397100032,Directed,3618,,2
1676213344062021632,25033880,Directed,3619,,1
1676213344062021632,2265794169,Directed,3620,,4
1676213344062021632,1322047771478757376,Directed,3621,,1
1676213344062021632,785860478069342209,Directed,3622,,1
1676213344062021632,1641741208266342401,Directed,3623,,4
1676213344062021632,1454479575015165958,Directed,3624,,7
1676213344062021632,1416725066,Directed,3625,,6
1676213344062021632,986604828066541569,Directed,3626,,1
1676213344062021632,948910895136149504,Directed,3627,,1
1676213344062021632,1422124275419340802,Directed,3628,,1
1676213344062021632,1573744985744154624,Directed,3629,,1
1676213344062021632,1447983441643933698,Directed,3630,,2
1676213344062021632,1588740471546847238,Directed,3631,,2
1676213344062021632,1717188350430347264,Directed,3632,,1
1676213344062021632,1513796459019259912,Directed,3633,,1
1676213344062021632,950766802329518080,Directed,3634,,1
1676213344062021632,994276795192086528,Directed,3635,,7
1676213344062021632,1417462557229658113,Directed,3636,,2
1676213344062021632,1186590420626804737,Directed,3637,,1
1676213344062021632,1679484670302646275,Directed,3638,,3
1676213344062021632,815188996297003008,Directed,3639,,12
1676213344062021632,1525051315801542659,Directed,3640,,1
1676213344062021632,1638895382137651202,Directed,3641,,2
1676213344062021632,1709992653591285760,Directed,3642,,1
1676213344062021632,1587854999769563136,Directed,3643,,1
1676213344062021632,1582434046625423361,Directed,3644,,1
1676213344062021632,1487306527690362880,Directed,3645,,6
1676213344062021632,1638272105161842688,Directed,3646,,4
1676213344062021632,1591027073593778177,Directed,3647,,4
1676213344062021632,1226899205895139334,Directed,3648,,4
1676213344062021632,1355695922169131010,Directed,3649,,1
1676213344062021632,219819371,Directed,3650,,2
1676213344062021632,601176054,Directed,3651,,2
1676213344062021632,1580960286978236416,Directed,3652,,4
1676213344062021632,1029347598249943040,Directed,3653,,1
1676213344062021632,1514905483597037573,Directed,3654,,1
1676213344062021632,1643605068921421825,Directed,3655,,1
1676213344062021632,2377612094,Directed,3656,,4
1676213344062021632,946806590249848842,Directed,3657,,2
1676213344062021632,879022777730293762,Directed,3658,,5
1676213344062021632,1371454321,Directed,3659,,1
1676213344062021632,1524700831345373184,Directed,3660,,1
1676213344062021632,1697657668813324288,Directed,3661,,1
1676213344062021632,1638698756349607936,Directed,3662,,1
1676213344062021632,991910028213972992,Directed,3663,,1
1676213344062021632,1263614720877133825,Directed,3664,,6
1676213344062021632,915384490796748800,Directed,3665,,1
1676213344062021632,998289099353198592,Directed,3666,,4
1676213344062021632,1434152757750026242,Directed,3667,,1
1676213344062021632,1699823715515498497,Directed,3668,,1
1676213344062021632,2203267723,Directed,3669,,2
1676213344062021632,1704262638283468800,Directed,3670,,1
1676213344062021632,1598591841234046977,Directed,3671,,4
1676213344062021632,1572563296305426433,Directed,3672,,3
1676213344062021632,2424418705,Directed,3673,,1
1676213344062021632,896665728463638528,Directed,3674,,3
1676213344062021632,1203372312298426369,Directed,3675,,1
1676213344062021632,1351371042,Directed,3676,,5
1676213344062021632,1556235233674121216,Directed,3677,,5
1676213344062021632,1222773302441148416,Directed,3678,,2
1676213344062021632,1660049202569773056,Directed,3679,,1
1676213344062021632,181198159,Directed,3680,,2
1676213344062021632,2871004738,Directed,3681,,1
1676213344062021632,1616812867642347522,Directed,3682,,1
1676213344062021632,1714409247642136576,Directed,3683,,2
1676213344062021632,873302941020688384,Directed,3684,,4
1676213344062021632,1230463139927543810,Directed,3685,,1
1676213344062021632,1351943381853868032,Directed,3686,,1
1676213344062021632,2322846787,Directed,3687,,1
1676213344062021632,1346149931023798274,Directed,3688,,1
1676213344062021632,1531784376882761730,Directed,3689,,8
1676213344062021632,1041626746410295297,Directed,3690,,1
1676213344062021632,1220928529090666496,Directed,3691,,4
1676213344062021632,1721474933925216256,Directed,3692,,1
1676213344062021632,1202360836292935681,Directed,3693,,1
1676213344062021632,1740775697373675520,Directed,3694,,1
1676213344062021632,1575616764636864512,Directed,3695,,1
1676213344062021632,1393479363132379139,Directed,3696,,1
1676213344062021632,1407007740262768642,Directed,3697,,1
1676213344062021632,1704949913971314689,Directed,3698,,2
1676213344062021632,1718768416553623552,Directed,3699,,4
1676213344062021632,1022955628686401536,Directed,3700,,1
1676213344062021632,1406194439651987458,Directed,3701,,2
1676213344062021632,1578399264274882560,Directed,3702,,2
1676213344062021632,1725266918255341568,Directed,3703,,2
1676213344062021632,1577014783618039809,Directed,3704,,1
1676213344062021632,1507492955174670338,Directed,3705,,2
1676213344062021632,1439566318554988544,Directed,3706,,1
1676213344062021632,1251530881858224128,Directed,3707,,1
1676213344062021632,1646574369504731138,Directed,3708,,1
1676213344062021632,1572998602892648448,Directed,3709,,1
1676213344062021632,535336909,Directed,3710,,1
1676213344062021632,567528749,Directed,3711,,1
1676213344062021632,1459269542639767556,Directed,3712,,1
1676213344062021632,19636350,Directed,3713,,4
1676213344062021632,1496162639873208321,Directed,3714,,1
1676213344062021632,1462164421824946182,Directed,3715,,2
1676213344062021632,1216319834436308992,Directed,3716,,1
1676213344062021632,620393146,Directed,3717,,1
1676213344062021632,1320387682069934081,Directed,3718,,1
1676213344062021632,1252192266443272196,Directed,3719,,2
1676213344062021632,3823943241,Directed,3720,,2
1676213344062021632,470388164,Directed,3721,,1
1676213344062021632,1585024494174969869,Directed,3722,,1
1676213344062021632,947107471985926145,Directed,3723,,2
1676213344062021632,1576760969186926592,Directed,3724,,1
1676213344062021632,1568303753115144194,Directed,3725,,1
1676213344062021632,1639535122029445122,Directed,3726,,1
1676213344062021632,1639587337683501057,Directed,3727,,2
1676213344062021632,1398139273,Directed,3728,,1
1676213344062021632,187615843,Directed,3729,,2
1676213344062021632,1284068387103166464,Directed,3730,,1
1676213344062021632,1560341138283937797,Directed,3731,,1
1676213344062021632,978996880834158595,Directed,3732,,1
1676213344062021632,1757072289344962561,Directed,3733,,2
1676213344062021632,1626059502,Directed,3734,,1
1676213344062021632,1278730309681496064,Directed,3735,,2
1676213344062021632,842330377,Directed,3736,,2
1676213344062021632,1599441572495593472,Directed,3737,,1
1676213344062021632,1643273277878484992,Directed,3738,,1
1676213344062021632,504656524,Directed,3739,,1
1676213344062021632,1573393863317798912,Directed,3740,,1
1676213344062021632,2960042892,Directed,3741,,1
1676213344062021632,1677442620778225664,Directed,3742,,1
1676213344062021632,1522610195737812992,Directed,3743,,1
1676213344062021632,97523590,Directed,3744,,1
1676213344062021632,1035649020465688576,Directed,3745,,1
1676213344062021632,1165946822134771712,Directed,3746,,1
1676213344062021632,951741779581329408,Directed,3747,,1
1676213344062021632,1588905411444461569,Directed,3748,,1
1676213344062021632,1426544888213037061,Directed,3749,,1
1676213344062021632,1107034164228960257,Directed,3750,,1
1676213344062021632,1336061283972640773,Directed,3751,,1
1676213344062021632,766564329122594816,Directed,3752,,1
1676213344062021632,371317839,Directed,3753,,1
1676213344062021632,1668192990777561089,Directed,3754,,2
1676213344062021632,975514363913293824,Directed,3755,,1
1676213344062021632,1743356436518711296,Directed,3756,,1
1676213344062021632,807182914651877381,Directed,3757,,1
1676213344062021632,1445444813143216140,Directed,3758,,1
1676213344062021632,822897904968986624,Directed,3759,,1
1676213344062021632,1582696550039523328,Directed,3760,,1
1676213344062021632,3269273666,Directed,3761,,1
1676213344062021632,559891962,Directed,3762,,1
1676213344062021632,2880366888,Directed,3763,,1
1676213344062021632,47705769,Directed,3764,,1
1676213344062021632,1500282794882314244,Directed,3765,,1
1676213344062021632,990532165850095617,Directed,3766,,1
1676213344062021632,2613396403,Directed,3767,,1
1676213344062021632,1638669060241076224,Directed,3768,,1
1676213344062021632,819230361368412160,Directed,3769,,1
1676213344062021632,872000721893371904,Directed,3770,,2
23231946,23231946,Directed,3771,,30
23231946,226928166,Directed,3772,,8
23231946,38154763,Directed,3773,,6
23231946,52660746,Directed,3774,,1
23231946,806244423961104388,Directed,3775,,1
23231946,993539066363826176,Directed,3776,,2
23231946,915384490796748800,Directed,3777,,1
23231946,1109410475203313664,Directed,3778,,1
23231946,1163760331002392577,Directed,3779,,2
23231946,1407255184527536134,Directed,3780,,2
23231946,1429400366819512323,Directed,3781,,1
23231946,1439001331361013766,Directed,3782,,1
23231946,2820866529,Directed,3783,,3
23231946,945886639603310592,Directed,3784,,4
23231946,876750583037927429,Directed,3785,,1
23231946,2331584635,Directed,3786,,1
23231946,1252857842,Directed,3787,,1
23231946,2417586104,Directed,3788,,1
23231946,1572101650164363264,Directed,3789,,2
23231946,520879927,Directed,3790,,1
23231946,1290089153451843584,Directed,3791,,2
23231946,1370279648970555392,Directed,3792,,1
23231946,1216586453439913985,Directed,3793,,1
23231946,1113100093,Directed,3794,,2
23231946,167307876,Directed,3795,,1
23231946,1474502684312932354,Directed,3796,,1
23231946,1582212652146753537,Directed,3797,,1
23231946,1216319834436308992,Directed,3798,,1
23231946,1263614720877133825,Directed,3799,,3
23231946,1219666645964271616,Directed,3800,,2
23231946,1015748838135681024,Directed,3801,,1
23231946,1703327538171281408,Directed,3802,,1
23231946,1256430703325196292,Directed,3803,,1
23231946,1376836681614123011,Directed,3804,,1
23231946,1421082818,Directed,3805,,1
23231946,596050685,Directed,3806,,1
23231946,162703340,Directed,3807,,1
23231946,2651688830,Directed,3808,,2
23231946,981471236617330688,Directed,3809,,1
23231946,947931989587439616,Directed,3810,,2
23231946,1118159767338389506,Directed,3811,,2
23231946,2241707204,Directed,3812,,1
23231946,620393146,Directed,3813,,1
23231946,3424728015,Directed,3814,,1
23231946,1537424833230917632,Directed,3815,,1
23231946,1408860111443988485,Directed,3816,,1
23231946,1243088479224913921,Directed,3817,,1
23231946,157644107,Directed,3818,,2
23231946,1626587655558557697,Directed,3819,,1
23231946,1120738440310607873,Directed,3820,,1
23231946,1554905423886548992,Directed,3821,,1
23231946,952978023372017664,Directed,3822,,1
23231946,1256864700647845888,Directed,3823,,1
23231946,1573869416218996741,Directed,3824,,3
23231946,1684625172287098880,Directed,3825,,1
23231946,1510386651465400327,Directed,3826,,1
23231946,36992738,Directed,3827,,3
23231946,1416128503,Directed,3828,,1
23231946,187615843,Directed,3829,,1
23231946,967709919540596736,Directed,3830,,1
23231946,1099329582363275265,Directed,3831,,1
23231946,1490080950365085696,Directed,3832,,1
23231946,1081767272895590400,Directed,3833,,1
23231946,1676213344062021632,Directed,3834,,1
23231946,2906216146,Directed,3835,,1
23231946,13218102,Directed,3836,,1
23231946,737387991820296192,Directed,3837,,1
23231946,1640139042384740352,Directed,3838,,1
23231946,1569991642953678849,Directed,3839,,1
23231946,173247574,Directed,3840,,1
23231946,1067770380222414848,Directed,3841,,1
23231946,815188996297003008,Directed,3842,,1
23231946,1514905483597037573,Directed,3843,,1
23231946,1631220001653784576,Directed,3844,,2
23231946,1042544987626500097,Directed,3845,,1
23231946,1746454776668135424,Directed,3846,,1
23231946,1703176747816992768,Directed,3847,,1
23231946,758182858716348416,Directed,3848,,1
23231946,759797500802920448,Directed,3849,,1
23231946,1058823972450697217,Directed,3850,,1
23231946,1732745049421615105,Directed,3851,,1
23231946,893757772025798656,Directed,3852,,1
23231946,1090158040026963968,Directed,3853,,2
23231946,1471556912328151045,Directed,3854,,1
23231946,1580960286978236416,Directed,3855,,1
23231946,1011684640627810304,Directed,3856,,1
23231946,766564329122594816,Directed,3857,,1
23231946,1021411049231331328,Directed,3858,,1
23231946,169179541,Directed,3859,,1
23231946,22703645,Directed,3860,,1
23231946,1661790680589426688,Directed,3861,,1
23231946,19636350,Directed,3862,,1
23231946,1595148883235160078,Directed,3863,,1
23231946,1487306527690362880,Directed,3864,,1
23231946,1488835812112441345,Directed,3865,,1
23231946,1573452109814661120,Directed,3866,,1
23231946,171200086,Directed,3867,,1
23231946,2438498226,Directed,3868,,1
23231946,1220928529090666496,Directed,3869,,1
23231946,754718787237281792,Directed,3870,,1
1465843476780695561,1601730581255147525,Directed,3871,,2
1465843476780695561,1420670138152636416,Directed,3872,,7
1465843476780695561,1627427223115276291,Directed,3873,,1
1465843476780695561,1110607722624573441,Directed,3874,,1
1465843476780695561,2177326935,Directed,3875,,2
1465843476780695561,1215948376753233921,Directed,3876,,1
1465843476780695561,334161563,Directed,3877,,2
1465843476780695561,1649311242681556992,Directed,3878,,1
1465843476780695561,2942614180,Directed,3879,,1
1465843476780695561,947924373029171200,Directed,3880,,4
1465843476780695561,477934944,Directed,3881,,1
1465843476780695561,1575616764636864512,Directed,3882,,1
1465843476780695561,50599149,Directed,3883,,12
1465843476780695561,1311480547,Directed,3884,,1
1465843476780695561,1090158040026963968,Directed,3885,,3
1465843476780695561,1542093223450902529,Directed,3886,,1
1465843476780695561,118756393,Directed,3887,,1
1465843476780695561,833673914,Directed,3888,,1
1465843476780695561,1601754370986614784,Directed,3889,,1
1465843476780695561,1458778569912561668,Directed,3890,,1
1465843476780695561,16912915,Directed,3891,,1
1465843476780695561,282659328,Directed,3892,,1
1465843476780695561,1955124895,Directed,3893,,2
1465843476780695561,728252911675944961,Directed,3894,,3
1465843476780695561,876750583037927429,Directed,3895,,1
1465843476780695561,1631868328435232771,Directed,3896,,1
1465843476780695561,949680157857632258,Directed,3897,,1
1465843476780695561,54700101,Directed,3898,,1
1465843476780695561,1099329582363275265,Directed,3899,,1
1465843476780695561,1480172511035891717,Directed,3900,,1
1465843476780695561,1865344082,Directed,3901,,1
1465843476780695561,16523905,Directed,3902,,1
1465843476780695561,1665584567346921472,Directed,3903,,1
1465843476780695561,1573869416218996741,Directed,3904,,1
1465843476780695561,1074568633970540544,Directed,3905,,1
1465843476780695561,1712185579226513408,Directed,3906,,1
1465843476780695561,1594932772438695938,Directed,3907,,2
1465843476780695561,1602137585693982721,Directed,3908,,1
1465843476780695561,1615729880586485760,Directed,3909,,1
1465843476780695561,1589767478347026433,Directed,3910,,2
1465843476780695561,962387325845164032,Directed,3911,,1
1465843476780695561,1123291947572060160,Directed,3912,,1
1465843476780695561,1581052251623284738,Directed,3913,,1
1465843476780695561,2831333656,Directed,3914,,1
1465843476780695561,1660317928644902914,Directed,3915,,1
1465843476780695561,18409325,Directed,3916,,1
1465843476780695561,1434152757750026242,Directed,3917,,2
1465843476780695561,1408312021,Directed,3918,,3
1465843476780695561,1578441560399699968,Directed,3919,,1
1465843476780695561,2442235959,Directed,3920,,1
1465843476780695561,49127938,Directed,3921,,4
1465843476780695561,1612794343911297025,Directed,3922,,1
1465843476780695561,1249184800721772544,Directed,3923,,1
1465843476780695561,1404812545270157322,Directed,3924,,4
1465843476780695561,201712307,Directed,3925,,1
1465843476780695561,1598459384560078848,Directed,3926,,1
1465843476780695561,48209591,Directed,3927,,1
1465843476780695561,45243719,Directed,3928,,1
1465843476780695561,2193495339,Directed,3929,,1
1465843476780695561,18336608,Directed,3930,,1
1465843476780695561,1102237601317224448,Directed,3931,,1
1465843476780695561,1370279648970555392,Directed,3932,,1
1465843476780695561,311724429,Directed,3933,,1
1465843476780695561,3164924710,Directed,3934,,1
1465843476780695561,774174489458331649,Directed,3935,,1
1465843476780695561,1435378342514003970,Directed,3936,,1
1465843476780695561,1011684640627810304,Directed,3937,,1
1465843476780695561,847301196465414145,Directed,3938,,1
1465843476780695561,1547235127343734789,Directed,3939,,1
1465843476780695561,1220928529090666496,Directed,3940,,1
1465843476780695561,1425999992674824199,Directed,3941,,1
1465843476780695561,1573696028049555458,Directed,3942,,1
1465843476780695561,1576667405710917632,Directed,3943,,1
1465843476780695561,868904778042134528,Directed,3944,,1
1465843476780695561,1660049202569773056,Directed,3945,,1
1465843476780695561,622945594,Directed,3946,,1
1465843476780695561,1715204034578030592,Directed,3947,,1
1465843476780695561,1596294391,Directed,3948,,1
1465843476780695561,1545635600702767104,Directed,3949,,1
1465843476780695561,1526329814348619776,Directed,3950,,1
1465843476780695561,1088295046061805568,Directed,3951,,1
1624858297063952386,1545554125043240960,Directed,3952,,1
1624858297063952386,1438539246130827269,Directed,3953,,1
1624858297063952386,1402219113083289604,Directed,3954,,2
1624858297063952386,1662423766931058692,Directed,3955,,2
1624858297063952386,1542093223450902529,Directed,3956,,2
1624858297063952386,1210956632638676992,Directed,3957,,1
1624858297063952386,1487306527690362880,Directed,3958,,1
1624858297063952386,770969457682329600,Directed,3959,,1
1624858297063952386,1384967675546382339,Directed,3960,,1
1624858297063952386,334161563,Directed,3961,,2
1624858297063952386,1574856289427296256,Directed,3962,,1
1624858297063952386,876750583037927429,Directed,3963,,2
1624858297063952386,710745766827061248,Directed,3964,,1
1624858297063952386,890881362491736065,Directed,3965,,1
1624858297063952386,1327959581960658945,Directed,3966,,1
1624858297063952386,1090158040026963968,Directed,3967,,3
1624858297063952386,1247421493094551555,Directed,3968,,1
1624858297063952386,895538480192868352,Directed,3969,,1
1624858297063952386,748962728333553668,Directed,3970,,1
1624858297063952386,1617139604884230145,Directed,3971,,1
1624858297063952386,1687497542483812353,Directed,3972,,1
1624858297063952386,157376427,Directed,3973,,1
1624858297063952386,263357100,Directed,3974,,1
1624858297063952386,1701247178184818689,Directed,3975,,1
1624858297063952386,1494350119881388039,Directed,3976,,1
1624858297063952386,1705957057168343040,Directed,3977,,1
1624858297063952386,1695460906640039937,Directed,3978,,1
1624858297063952386,1445137918671077377,Directed,3979,,1
1624858297063952386,1090505235494301696,Directed,3980,,2
1624858297063952386,3851000734,Directed,3981,,1
1624858297063952386,1407983219623010307,Directed,3982,,1
1624858297063952386,1955124895,Directed,3983,,1
518692321,945886639603310592,Directed,3984,,70
518692321,1454596183406510081,Directed,3985,,25
518692321,1407007740262768642,Directed,3986,,6
518692321,18576537,Directed,3987,,5
518692321,41778159,Directed,3988,,1
518692321,1298583867801174016,Directed,3989,,6
518692321,851214088793448450,Directed,3990,,1
518692321,1101499633631670272,Directed,3991,,4
518692321,1539899668481679361,Directed,3992,,1
518692321,1366565625401909249,Directed,3993,,1
518692321,38154763,Directed,3994,,21
518692321,181198159,Directed,3995,,9
518692321,2418945582,Directed,3996,,3
518692321,1382209054999646212,Directed,3997,,1
518692321,226928166,Directed,3998,,92
518692321,1163760331002392577,Directed,3999,,5
518692321,1099329582363275265,Directed,4000,,7
518692321,1112025263850901506,Directed,4001,,15
518692321,477934944,Directed,4002,,10
518692321,774174489458331649,Directed,4003,,26
518692321,1664731507,Directed,4004,,1
518692321,1355721251180961792,Directed,4005,,6
518692321,947924373029171200,Directed,4006,,4
518692321,1572512750030438400,Directed,4007,,5
518692321,1243088479224913921,Directed,4008,,4
518692321,1520886420109512704,Directed,4009,,2
518692321,2950042619,Directed,4010,,42
518692321,799374709053915136,Directed,4011,,2
518692321,1048229681273741312,Directed,4012,,42
518692321,961897332,Directed,4013,,1
518692321,1009104801815236608,Directed,4014,,1
518692321,337808606,Directed,4015,,1
518692321,2955611162,Directed,4016,,3
518692321,15912890,Directed,4017,,1
518692321,893757772025798656,Directed,4018,,13
518692321,1644831537500770304,Directed,4019,,1
518692321,950267536003747840,Directed,4020,,1
518692321,338949202,Directed,4021,,1
518692321,334161563,Directed,4022,,10
518692321,1494350119881388039,Directed,4023,,8
518692321,272729455,Directed,4024,,22
518692321,1249146360584114177,Directed,4025,,2
518692321,815188996297003008,Directed,4026,,14
518692321,1638895382137651202,Directed,4027,,1
518692321,78523300,Directed,4028,,5
518692321,91416107,Directed,4029,,8
518692321,2835451658,Directed,4030,,2
518692321,927513257946083329,Directed,4031,,16
518692321,1408312021,Directed,4032,,8
518692321,830726294077792260,Directed,4033,,2
518692321,112684779,Directed,4034,,6
518692321,1638372580464685056,Directed,4035,,3
518692321,1445329297917501440,Directed,4036,,13
518692321,1080647556,Directed,4037,,1
518692321,410326865,Directed,4038,,1
518692321,1020349970342383617,Directed,4039,,1
518692321,875599848761737216,Directed,4040,,3
518692321,34476263,Directed,4041,,2
518692321,801203059359678464,Directed,4042,,81
518692321,2934403896,Directed,4043,,2
518692321,754996830774161408,Directed,4044,,1
518692321,44196397,Directed,4045,,18
518692321,1436310747672424456,Directed,4046,,1
518692321,348732757,Directed,4047,,1
518692321,748962728333553668,Directed,4048,,6
518692321,586291040,Directed,4049,,1
518692321,1448799366,Directed,4050,,2
518692321,822188103360188416,Directed,4051,,2
518692321,3164924710,Directed,4052,,2
518692321,12193402,Directed,4053,,1
518692321,943300780383141888,Directed,4054,,1
518692321,2714357858,Directed,4055,,1
518692321,1189524954,Directed,4056,,2
518692321,1222773302441148416,Directed,4057,,38
518692321,876750583037927429,Directed,4058,,22
518692321,34686274,Directed,4059,,1
518692321,1439001331361013766,Directed,4060,,3
518692321,1522395825468588036,Directed,4061,,1
518692321,1552795969959636992,Directed,4062,,21
518692321,18336608,Directed,4063,,10
518692321,915384490796748800,Directed,4064,,5
518692321,989887176803528704,Directed,4065,,1
518692321,1645357369298153475,Directed,4066,,2
518692321,15930061,Directed,4067,,4
518692321,1643525583140270081,Directed,4068,,8
518692321,2942614180,Directed,4069,,1
518692321,1065658304884547585,Directed,4070,,1
518692321,1573221924926373889,Directed,4071,,2
518692321,758155303238176772,Directed,4072,,29
518692321,1328413068427051008,Directed,4073,,1
518692321,1540526136257552384,Directed,4074,,2
518692321,2946300174,Directed,4075,,1
518692321,2161051908,Directed,4076,,8
518692321,628139384,Directed,4077,,15
518692321,28096877,Directed,4078,,1
518692321,283386225,Directed,4079,,1
518692321,1356675835630075906,Directed,4080,,8
518692321,872000721893371904,Directed,4081,,3
518692321,1555893800454836225,Directed,4082,,2
518692321,1523040177534517250,Directed,4083,,1
518692321,1420670138152636416,Directed,4084,,1
518692321,458008892,Directed,4085,,1
518692321,46482865,Directed,4086,,6
518692321,878420453509001216,Directed,4087,,1
518692321,351120282,Directed,4088,,4
518692321,1572101650164363264,Directed,4089,,2
518692321,1569804670805352448,Directed,4090,,1
518692321,17814635,Directed,4091,,1
518692321,1067232530502483969,Directed,4092,,1
518692321,1082699331260608512,Directed,4093,,7
518692321,545293473,Directed,4094,,3
518692321,381071318,Directed,4095,,1
518692321,2373174403,Directed,4096,,1
518692321,97054224,Directed,4097,,2
518692321,908580919132459008,Directed,4098,,2
518692321,1542093223450902529,Directed,4099,,1
518692321,1492007194388279333,Directed,4100,,2
518692321,1154833589109972995,Directed,4101,,2
518692321,1583865109,Directed,4102,,2
518692321,881098225092087808,Directed,4103,,1
518692321,191167764,Directed,4104,,1
518692321,580956087,Directed,4105,,1
518692321,18809354,Directed,4106,,2
518692321,1472488261,Directed,4107,,1
518692321,431867570,Directed,4108,,3
518692321,989653387359776773,Directed,4109,,4
518692321,15669672,Directed,4110,,1
518692321,2831569527,Directed,4111,,1
518692321,279454590,Directed,4112,,2
518692321,1041626746410295297,Directed,4113,,2
518692321,814864263189843968,Directed,4114,,20
518692321,45167431,Directed,4115,,2
518692321,1022435485371781120,Directed,4116,,1
518692321,2198382318,Directed,4117,,1
518692321,406527960,Directed,4118,,1
518692321,1367531,Directed,4119,,1
518692321,255040592,Directed,4120,,1
518692321,707231479047315456,Directed,4121,,1
518692321,727433056001380353,Directed,4122,,2
518692321,1440806264255045638,Directed,4123,,1
518692321,1211477762222874624,Directed,4124,,1
518692321,16314859,Directed,4125,,1
518692321,986232040021549056,Directed,4126,,7
518692321,28492660,Directed,4127,,1
518692321,28428829,Directed,4128,,1
518692321,214908555,Directed,4129,,1
518692321,845376539315204096,Directed,4130,,2
518692321,1574434424971837444,Directed,4131,,1
518692321,1454479575015165958,Directed,4132,,2
518692321,1219900649401249793,Directed,4133,,1
518692321,423924903,Directed,4134,,1
518692321,1435902033148715008,Directed,4135,,6
518692321,1534083976775749632,Directed,4136,,1
518692321,1219666645964271616,Directed,4137,,1
518692321,1224754397260984328,Directed,4138,,1
518692321,1288186261639921664,Directed,4139,,1
518692321,15212187,Directed,4140,,4
518692321,17005368,Directed,4141,,1
518692321,83435676,Directed,4142,,1
518692321,3397477355,Directed,4143,,1
518692321,3609078502,Directed,4144,,1
518692321,1574647769175887873,Directed,4145,,1
518692321,1693334263523872768,Directed,4146,,1
518692321,777159380294782976,Directed,4147,,1
518692321,1337460720930344968,Directed,4148,,1
518692321,1377491965927899137,Directed,4149,,1
518692321,722528529716383744,Directed,4150,,1
518692321,994276795192086528,Directed,4151,,1
518692321,1647536982086524928,Directed,4152,,1
518692321,1684625172287098880,Directed,4153,,1
518692321,1429400366819512323,Directed,4154,,9
518692321,1367537716334837762,Directed,4155,,1
518692321,1400850845621698562,Directed,4156,,1
518692321,1514905483597037573,Directed,4157,,7
518692321,800044839131811840,Directed,4158,,1
518692321,1327959581960658945,Directed,4159,,9
518692321,532379335,Directed,4160,,1
518692321,3143104256,Directed,4161,,2
518692321,25033880,Directed,4162,,2
518692321,1199633460945727488,Directed,4163,,2
518692321,1668427027802726400,Directed,4164,,1
518692321,62855930,Directed,4165,,4
518692321,896665728463638528,Directed,4166,,5
518692321,1347894524,Directed,4167,,1
518692321,770969457682329600,Directed,4168,,4
518692321,410718052,Directed,4169,,2
518692321,1220928529090666496,Directed,4170,,3
518692321,1478147158859788290,Directed,4171,,1
518692321,1244701394008977412,Directed,4172,,1
518692321,740550489490743296,Directed,4173,,2
518692321,1309584286304133121,Directed,4174,,1
518692321,19636350,Directed,4175,,9
518692321,1141084462509371397,Directed,4176,,1
518692321,855481986290524160,Directed,4177,,1
518692321,1555906338403880960,Directed,4178,,1
518692321,1337782172049149953,Directed,4179,,1
518692321,1157128312877006850,Directed,4180,,1
518692321,1490453120106868737,Directed,4181,,1
518692321,1686270312,Directed,4182,,1
518692321,736855813,Directed,4183,,1
518692321,1008062167172644864,Directed,4184,,1
518692321,1572563296305426433,Directed,4185,,1
518692321,875364810,Directed,4186,,1
518692321,541125768,Directed,4187,,1
518692321,1382046635660820481,Directed,4188,,1
518692321,520879927,Directed,4189,,1
518692321,14092789,Directed,4190,,1
518692321,3424728015,Directed,4191,,1
518692321,947914487692234752,Directed,4192,,1
518692321,1281612531140878336,Directed,4193,,1
518692321,1660049202569773056,Directed,4194,,1
518692321,1347817576441769984,Directed,4195,,1
518692321,592730371,Directed,4196,,1
518692321,19899606,Directed,4197,,2
518692321,993539066363826176,Directed,4198,,1
518692321,950766802329518080,Directed,4199,,4
518692321,1202887381856194561,Directed,4200,,1
518692321,709152732230377472,Directed,4201,,1
518692321,1518104151674208258,Directed,4202,,1
518692321,1537225604554031104,Directed,4203,,1
518692321,1041033204260593665,Directed,4204,,1
518692321,1263614720877133825,Directed,4205,,1
518692321,1501607924027863040,Directed,4206,,1
518692321,994707367966191621,Directed,4207,,1
518692321,14713427,Directed,4208,,1
518692321,33608041,Directed,4209,,1
518692321,1678670558416760832,Directed,4210,,1
518692321,25508510,Directed,4211,,1
518692321,2992455768,Directed,4212,,1
518692321,709799258422173697,Directed,4213,,1
518692321,48187231,Directed,4214,,3
518692321,325629203,Directed,4215,,1
518692321,1585006007096381440,Directed,4216,,1
518692321,2182332444,Directed,4217,,3
518692321,1457990941197828096,Directed,4218,,1
518692321,1280880567630823424,Directed,4219,,2
518692321,19338927,Directed,4220,,1
518692321,1149318648659697664,Directed,4221,,1
518692321,982661856170053633,Directed,4222,,1
518692321,851750146001993728,Directed,4223,,1
518692321,1490267822072729601,Directed,4224,,1
518692321,186037135,Directed,4225,,2
518692321,324919871,Directed,4226,,1
518692321,1655845648531443713,Directed,4227,,1
518692321,1022955628686401536,Directed,4228,,1
518692321,921487619342692352,Directed,4229,,1
518692321,3164609911,Directed,4230,,2
518692321,328106613,Directed,4231,,2
518692321,1640024353826824192,Directed,4232,,1
518692321,945923613420544000,Directed,4233,,1
518692321,1012324488736854016,Directed,4234,,2
518692321,1014832940176601089,Directed,4235,,1
518692321,1034477790,Directed,4236,,1
518692321,17068970,Directed,4237,,1
518692321,1212783083272855552,Directed,4238,,9
518692321,1306311303598764038,Directed,4239,,2
518692321,1027813969,Directed,4240,,2
518692321,858410836796338177,Directed,4241,,1
518692321,1299687671443238912,Directed,4242,,1
518692321,2199020853,Directed,4243,,2
518692321,106492441,Directed,4244,,1
518692321,17877490,Directed,4245,,1
518692321,241204643,Directed,4246,,2
518692321,537709549,Directed,4247,,1
518692321,1376869125939556352,Directed,4248,,1
518692321,88389777,Directed,4249,,1
518692321,1573869416218996741,Directed,4250,,1
518692321,1358404515226136584,Directed,4251,,1
518692321,1239088173344571392,Directed,4252,,2
518692321,1712535792852283393,Directed,4253,,1
518692321,296625287,Directed,4254,,1
518692321,1631220001653784576,Directed,4255,,6
518692321,1090158040026963968,Directed,4256,,8
518692321,1045696705507852288,Directed,4257,,1
518692321,1011684640627810304,Directed,4258,,2
518692321,1592938318869716995,Directed,4259,,1
518692321,2166352618,Directed,4260,,1
518692321,1478525468475338753,Directed,4261,,1
518692321,442737538,Directed,4262,,1
518692321,952978023372017664,Directed,4263,,3
518692321,1462088569154154503,Directed,4264,,1
518692321,1580960286978236416,Directed,4265,,4
518692321,1425999992674824199,Directed,4266,,3
518692321,1530246921171873792,Directed,4267,,1
518692321,1698107533431394304,Directed,4268,,2
518692321,972611156,Directed,4269,,2
518692321,1494577392,Directed,4270,,2
518692321,1623218354289876993,Directed,4271,,2
518692321,1591516360525348865,Directed,4272,,1
518692321,967325689472053249,Directed,4273,,1
518692321,1395667127806353410,Directed,4274,,1
518692321,1376505811313254403,Directed,4275,,1
518692321,1641741208266342401,Directed,4276,,1
518692321,52425236,Directed,4277,,4
518692321,1583100811672014849,Directed,4278,,1
518692321,1588138345296646145,Directed,4279,,1
518692321,1357061112458436608,Directed,4280,,1
518692321,1345967445232787458,Directed,4281,,1
518692321,1525051315801542659,Directed,4282,,2
518692321,868231463061377029,Directed,4283,,1
518692321,956250773708591111,Directed,4284,,1
518692321,1272279252499599360,Directed,4285,,1
518692321,1036318437587341340,Directed,4286,,1
518692321,1535530856919572480,Directed,4287,,1
518692321,391684654,Directed,4288,,1
518692321,1934767400,Directed,4289,,1
518692321,1676213344062021632,Directed,4290,,6
518692321,1504067647335510018,Directed,4291,,1
518692321,1133510366422392833,Directed,4292,,1
518692321,1568303753115144194,Directed,4293,,1
518692321,1407320651174711297,Directed,4294,,3
518692321,634339745,Directed,4295,,2
518692321,1011039993341661184,Directed,4296,,1
518692321,619400667,Directed,4297,,3
518692321,1533683606463430657,Directed,4298,,1
518692321,765628985187397632,Directed,4299,,1
518692321,34209496,Directed,4300,,2
518692321,979050684,Directed,4301,,1
518692321,2764169126,Directed,4302,,1
518692321,838643211736211456,Directed,4303,,3
518692321,2643010852,Directed,4304,,1
518692321,1043631398366654464,Directed,4305,,1
518692321,1521082166318452739,Directed,4306,,1
518692321,1538749308169859072,Directed,4307,,6
518692321,970229532,Directed,4308,,1
518692321,1512887380184862720,Directed,4309,,1
518692321,702078420843278336,Directed,4310,,1
518692321,1336169873370701827,Directed,4311,,1
518692321,1075893643272224768,Directed,4312,,1
518692321,1414139080640770053,Directed,4313,,1
518692321,959142611025059842,Directed,4314,,1
518692321,1226899205895139334,Directed,4315,,2
518692321,2572902906,Directed,4316,,1
518692321,948910895136149504,Directed,4317,,1
518692321,872447296499314689,Directed,4318,,1
518692321,1469707341419401223,Directed,4319,,1
518692321,879022777730293762,Directed,4320,,3
518692321,1517947137581105152,Directed,4321,,1
518692321,2460678915,Directed,4322,,2
518692321,1396754048175546369,Directed,4323,,1
518692321,4148884994,Directed,4324,,1
518692321,1117210361592205312,Directed,4325,,1
518692321,1065677660880338944,Directed,4326,,1
518692321,1474630031611736067,Directed,4327,,1
518692321,1576905393892114434,Directed,4328,,1
518692321,1684881343581155328,Directed,4329,,1
518692321,1643719098839302145,Directed,4330,,6
518692321,1199816676675670016,Directed,4331,,2
518692321,1216591524751790081,Directed,4332,,1
518692321,2555010592,Directed,4333,,1
518692321,21439144,Directed,4334,,1
518692321,1262728136485109762,Directed,4335,,1
518692321,1353987610725801985,Directed,4336,,2
518692321,1564065895357583367,Directed,4337,,1
518692321,1712144859187060736,Directed,4338,,1
518692321,1305514668027449344,Directed,4339,,1
518692321,785860478069342209,Directed,4340,,1
518692321,1592953989397708802,Directed,4341,,1
518692321,806244423961104388,Directed,4342,,1
518692321,1696389869688549376,Directed,4343,,1
518692321,1157357999909818368,Directed,4344,,1
518692321,114060003,Directed,4345,,3
518692321,2800216425,Directed,4346,,1
518692321,1531784376882761730,Directed,4347,,1
518692321,1561942105227935746,Directed,4348,,1
518692321,1577918265103376385,Directed,4349,,1
518692321,1540949578190667776,Directed,4350,,1
518692321,1726928550983299072,Directed,4351,,2
518692321,1554905423886548992,Directed,4352,,1
518692321,2177326935,Directed,4353,,1
518692321,849025028519809025,Directed,4354,,1
518692321,1256864700647845888,Directed,4355,,2
518692321,4075582205,Directed,4356,,1
518692321,1173898058,Directed,4357,,1
518692321,1616136377124388865,Directed,4358,,1
518692321,1346149931023798274,Directed,4359,,1
518692321,187615843,Directed,4360,,1
518692321,4847086839,Directed,4361,,1
518692321,730148033225211906,Directed,4362,,1
518692321,1544021875436691460,Directed,4363,,1
518692321,961742450632069121,Directed,4364,,1
518692321,1692475127991001088,Directed,4365,,1
518692321,95092020,Directed,4366,,1
518692321,1149196560632360960,Directed,4367,,1
518692321,1634478748677574657,Directed,4368,,1
518692321,1145806178,Directed,4369,,1
518692321,160940788,Directed,4370,,1
518692321,1640139042384740352,Directed,4371,,1
518692321,991646194958000128,Directed,4372,,1
518692321,4865550959,Directed,4373,,2
518692321,1493971461396213766,Directed,4374,,1
518692321,1371395634146725897,Directed,4375,,1
518692321,2894661244,Directed,4376,,1
518692321,2930578640,Directed,4377,,1
518692321,1599161136800301057,Directed,4378,,1
518692321,255073754,Directed,4379,,1
518692321,455264233,Directed,4380,,2
518692321,1456019856579510278,Directed,4381,,1
518692321,1342397346836066304,Directed,4382,,1
518692321,1573418357042331648,Directed,4383,,2
518692321,1251530881858224128,Directed,4384,,1
518692321,1660909368,Directed,4385,,1
518692321,1170953052075044864,Directed,4386,,1
518692321,816504369629822976,Directed,4387,,1
518692321,759797500802920448,Directed,4388,,1
518692321,1171463733576491009,Directed,4389,,1
518692321,1058823972450697217,Directed,4390,,1
518692321,1679484670302646275,Directed,4391,,3
518692321,1113835958691074056,Directed,4392,,1
518692321,1471556912328151045,Directed,4393,,1
518692321,797159363811147776,Directed,4394,,1
518692321,49127938,Directed,4395,,1
518692321,1636979523693473799,Directed,4396,,1
518692321,886279755305234434,Directed,4397,,1
518692321,540087698,Directed,4398,,1
518692321,1461546511511265287,Directed,4399,,1
518692321,73387846,Directed,4400,,1
518692321,3012536404,Directed,4401,,1
518692321,1582330170869948417,Directed,4402,,2
518692321,1595059660452601856,Directed,4403,,1
518692321,1293637022867951624,Directed,4404,,1
518692321,1553965265917923328,Directed,4405,,1
518692321,1637507099558027267,Directed,4406,,1
518692321,876819899406053376,Directed,4407,,1
518692321,1067735777793200129,Directed,4408,,1
518692321,855300206086168576,Directed,4409,,1
518692321,1403839037409054724,Directed,4410,,1
518692321,1308658925873446918,Directed,4411,,1
518692321,875742452270989312,Directed,4412,,2
518692321,1043185714437992449,Directed,4413,,2
518692321,1633155240303140865,Directed,4414,,1
518692321,617263683,Directed,4415,,1
518692321,1408558266,Directed,4416,,9
518692321,1572304057385226240,Directed,4417,,2
518692321,16671007,Directed,4418,,1
518692321,1089998124,Directed,4419,,1
518692321,76172541,Directed,4420,,1
518692321,1215915965579497472,Directed,4421,,1
518692321,1500996708553138180,Directed,4422,,1
518692321,1012443708,Directed,4423,,1
518692321,788782854025207813,Directed,4424,,1
518692321,1005175674229936128,Directed,4425,,1
518692321,1505481949854502915,Directed,4426,,1
518692321,1474091860025122817,Directed,4427,,1
518692321,919725913469747200,Directed,4428,,1
518692321,2265794169,Directed,4429,,2
518692321,1407699547376193545,Directed,4430,,1
518692321,1882871270,Directed,4431,,1
518692321,1473294329804324870,Directed,4432,,1
518692321,318653354,Directed,4433,,2
518692321,1668192990777561089,Directed,4434,,1
518692321,1724825204663443456,Directed,4435,,1
518692321,1602570859041783814,Directed,4436,,2
518692321,724709308445917184,Directed,4437,,1
518692321,593100097,Directed,4438,,1
518692321,1533593562755043328,Directed,4439,,2
518692321,1389913567671975937,Directed,4440,,1
518692321,608065225,Directed,4441,,1
518692321,1134119371780104192,Directed,4442,,2
518692321,946806590249848842,Directed,4443,,1
518692321,1638665833240035330,Directed,4444,,1
518692321,1314641961614299138,Directed,4445,,1
518692321,1404812545270157322,Directed,4446,,1
518692321,4914384040,Directed,4447,,1
518692321,3297594548,Directed,4448,,1
518692321,1500460756298608646,Directed,4449,,1
518692321,1510670877188403209,Directed,4450,,2
518692321,751811653633617920,Directed,4451,,1
518692321,1670915963359752192,Directed,4452,,1
518692321,1683470103487168512,Directed,4453,,1
518692321,1631158964099457024,Directed,4454,,1
518692321,962387325845164032,Directed,4455,,1
518692321,1705116523029807104,Directed,4456,,1
518692321,725608553332006912,Directed,4457,,1
518692321,162703340,Directed,4458,,1
518692321,3255215282,Directed,4459,,2
518692321,1602757312539680770,Directed,4460,,1
518692321,1638320544788406273,Directed,4461,,1
518692321,1409996087893524480,Directed,4462,,1
518692321,48177630,Directed,4463,,1
518692321,1635363286903390208,Directed,4464,,1
518692321,792177705831858176,Directed,4465,,1
518692321,1523746208723972100,Directed,4466,,2
518692321,1573755083296309256,Directed,4467,,1
518692321,25073877,Directed,4468,,2
518692321,47126544,Directed,4469,,1
518692321,83148068,Directed,4470,,1
518692321,1741442948116480000,Directed,4471,,1
518692321,488772327,Directed,4472,,2
518692321,31064165,Directed,4473,,1
518692321,3279246488,Directed,4474,,1
518692321,1131917492,Directed,4475,,1
518692321,1446932149148344320,Directed,4476,,1
518692321,1445444813143216140,Directed,4477,,1
518692321,953623284830146560,Directed,4478,,1
1712243355201978368,1509884686717366287,Directed,4479,,1
1712243355201978368,18576537,Directed,4480,,1
1712243355201978368,867126568451280896,Directed,4481,,1
1712243355201978368,1570110008221745153,Directed,4482,,2
1712243355201978368,1171521728616386561,Directed,4483,,1
1712243355201978368,1715204034578030592,Directed,4484,,1
1712243355201978368,1215948376753233921,Directed,4485,,1
1712243355201978368,1638243839725957127,Directed,4486,,1
1712243355201978368,1578338346107011072,Directed,4487,,1
1712243355201978368,1271892865082368004,Directed,4488,,1
1712243355201978368,1500996708553138180,Directed,4489,,1
1712243355201978368,981149624303054848,Directed,4490,,1
1712243355201978368,1504670147599953923,Directed,4491,,1
1498465360680529930,905710939575595008,Directed,4492,,1
1498465360680529930,1659094027944484865,Directed,4493,,1
1498465360680529930,1659104268455145472,Directed,4494,,1
1498465360680529930,1400169255539146756,Directed,4495,,1
1498465360680529930,1195954465,Directed,4496,,1
1498465360680529930,3297632319,Directed,4497,,1
1498465360680529930,765628985187397632,Directed,4498,,1
1498465360680529930,1147279258831773696,Directed,4499,,1
1498465360680529930,4414166913,Directed,4500,,2
1498465360680529930,1572304057385226240,Directed,4501,,1
1498465360680529930,892356724442636288,Directed,4502,,1
1498465360680529930,1354113871,Directed,4503,,2
1498465360680529930,821685114186895362,Directed,4504,,1
1523746208723972100,1525549110476128256,Directed,4505,,2
1523746208723972100,1650485888298766337,Directed,4506,,2
1523746208723972100,1426646628337913856,Directed,4507,,2
1523746208723972100,1316287018909958144,Directed,4508,,1
1523746208723972100,1350416479569719297,Directed,4509,,1
1523746208723972100,1735240497881354240,Directed,4510,,1
1523746208723972100,1493519165914820610,Directed,4511,,1
1523746208723972100,233250618,Directed,4512,,1
1523746208723972100,1490715391278161924,Directed,4513,,1
1523746208723972100,1642962074140827648,Directed,4514,,1
1523746208723972100,1641727641232510976,Directed,4515,,1
1523746208723972100,1088547322986930176,Directed,4516,,1
1523746208723972100,1438903465519075333,Directed,4517,,1
1523746208723972100,1424773543263412229,Directed,4518,,1
1523746208723972100,1401649992897548289,Directed,4519,,1
1523746208723972100,1503669118435831812,Directed,4520,,1
1523746208723972100,1531700136182702081,Directed,4521,,1
1771277006438612993,617873909,Directed,4522,,1
1771277006438612993,1711955181791739904,Directed,4523,,1
1771277006438612993,1308658925873446918,Directed,4524,,3
1771277006438612993,1478742521559891973,Directed,4525,,1
1771277006438612993,226928166,Directed,4526,,29
1771277006438612993,1702059165617659904,Directed,4527,,3
1771277006438612993,1638895382137651202,Directed,4528,,4
1771277006438612993,1727735258244911106,Directed,4529,,2
1771277006438612993,1639587337683501057,Directed,4530,,5
1771277006438612993,737049250366820356,Directed,4531,,1
1771277006438612993,1665115427549200387,Directed,4532,,4
1771277006438612993,1107256166432821248,Directed,4533,,1
1771277006438612993,915384490796748800,Directed,4534,,72
1771277006438612993,1785694630547488768,Directed,4535,,1
1771277006438612993,1222773302441148416,Directed,4536,,4
1771277006438612993,371317839,Directed,4537,,3
1771277006438612993,1707808844720590848,Directed,4538,,1
1771277006438612993,1640093268317724672,Directed,4539,,2
1771277006438612993,1064284412630757377,Directed,4540,,1
1771277006438612993,819963533303705601,Directed,4541,,1
1771277006438612993,1285336121245827072,Directed,4542,,1
1771277006438612993,1759200975900860416,Directed,4543,,10
1771277006438612993,1574856289427296256,Directed,4544,,7
1771277006438612993,1439001331361013766,Directed,4545,,3
1771277006438612993,38154763,Directed,4546,,5
1771277006438612993,920590762294816769,Directed,4547,,1
1771277006438612993,1591027073593778177,Directed,4548,,1
1771277006438612993,1013454919104450560,Directed,4549,,1
1771277006438612993,1674881991592878081,Directed,4550,,1
1771277006438612993,73937639,Directed,4551,,1
1771277006438612993,1163760331002392577,Directed,4552,,25
1771277006438612993,43051330,Directed,4553,,7
1771277006438612993,1573755083296309256,Directed,4554,,5
1771277006438612993,1792423369855676416,Directed,4555,,1
1771277006438612993,1766032331758784512,Directed,4556,,2
1771277006438612993,705854130896703488,Directed,4557,,1
1771277006438612993,1600181381220507651,Directed,4558,,1
1771277006438612993,494247906,Directed,4559,,8
1771277006438612993,975494625095028737,Directed,4560,,7
1771277006438612993,1747210778338263040,Directed,4561,,1
1771277006438612993,1760064390089359360,Directed,4562,,4
1771277006438612993,927513257946083329,Directed,4563,,4
1771277006438612993,1556720657634889728,Directed,4564,,3
1771277006438612993,1026326118029303808,Directed,4565,,1
1771277006438612993,1454479575015165958,Directed,4566,,1
1771277006438612993,984193418694938625,Directed,4567,,20
1771277006438612993,1572953377503322112,Directed,4568,,1
1771277006438612993,1598591841234046977,Directed,4569,,3
1771277006438612993,766564329122594816,Directed,4570,,3
1771277006438612993,1370279648970555392,Directed,4571,,1
1771277006438612993,1637936395376287755,Directed,4572,,1
1771277006438612993,1280753632783273984,Directed,4573,,1
1771277006438612993,1019848525641932800,Directed,4574,,4
1771277006438612993,1781710798299017216,Directed,4575,,1
1771277006438612993,1641904520027336708,Directed,4576,,2
1771277006438612993,760618514797436928,Directed,4577,,1
1771277006438612993,1720166586370179072,Directed,4578,,1
1771277006438612993,1725439312072736768,Directed,4579,,1
1771277006438612993,1548744459243982851,Directed,4580,,4
1771277006438612993,969677837333606400,Directed,4581,,5
1771277006438612993,991330529659191296,Directed,4582,,2
1771277006438612993,41778159,Directed,4583,,2
1771277006438612993,999484750955012098,Directed,4584,,1
1771277006438612993,1794379179808440321,Directed,4585,,7
1771277006438612993,801203059359678464,Directed,4586,,4
1771277006438612993,1264709649800052736,Directed,4587,,1
1771277006438612993,1226879160200704000,Directed,4588,,2
1771277006438612993,614783844,Directed,4589,,1
1771277006438612993,1783880031774584832,Directed,4590,,4
1771277006438612993,2766340924,Directed,4591,,2
1771277006438612993,1416725066,Directed,4592,,1
1771277006438612993,1760382583311896576,Directed,4593,,3
1771277006438612993,728278501745373185,Directed,4594,,4
1771277006438612993,3297474789,Directed,4595,,3
1771277006438612993,1638321207039623168,Directed,4596,,6
1771277006438612993,1638669060241076224,Directed,4597,,2
1771277006438612993,1766139320379830272,Directed,4598,,2
1771277006438612993,1425363841475547139,Directed,4599,,12
1771277006438612993,1448799366,Directed,4600,,4
1771277006438612993,1530705108593520640,Directed,4601,,1
1771277006438612993,1377491965927899137,Directed,4602,,7
1771277006438612993,1631864722013167619,Directed,4603,,1
1771277006438612993,62855930,Directed,4604,,1
1771277006438612993,52660746,Directed,4605,,1
1771277006438612993,1343815994788229121,Directed,4606,,6
1771277006438612993,1600965775321452552,Directed,4607,,2
1771277006438612993,893757772025798656,Directed,4608,,5
1771277006438612993,1125255000,Directed,4609,,1
1771277006438612993,477934944,Directed,4610,,13
1771277006438612993,1750219478703468544,Directed,4611,,1
1771277006438612993,1688169909337964544,Directed,4612,,2
1771277006438612993,1596914391282319370,Directed,4613,,3
1771277006438612993,1616585928381763585,Directed,4614,,3
1771277006438612993,1426544888213037061,Directed,4615,,1
1771277006438612993,1041710183477465088,Directed,4616,,4
1771277006438612993,1638665833240035330,Directed,4617,,1
1771277006438612993,993941740552892416,Directed,4618,,2
1771277006438612993,1679484670302646275,Directed,4619,,7
1771277006438612993,1732666086733078528,Directed,4620,,1
1771277006438612993,774174489458331649,Directed,4621,,2
1771277006438612993,1473294329804324870,Directed,4622,,1
1771277006438612993,945886639603310592,Directed,4623,,8
1771277006438612993,1707217411080925184,Directed,4624,,1
1771277006438612993,1212783083272855552,Directed,4625,,11
1771277006438612993,1457867047334031360,Directed,4626,,13
1771277006438612993,592122714,Directed,4627,,3
1771277006438612993,1613903983030026240,Directed,4628,,2
1771277006438612993,1443669752577134601,Directed,4629,,2
1771277006438612993,828914851,Directed,4630,,1
1771277006438612993,1591033040293224449,Directed,4631,,1
1771277006438612993,797159363811147776,Directed,4632,,1
1771277006438612993,1686668364,Directed,4633,,2
1771277006438612993,709152732230377472,Directed,4634,,1
1771277006438612993,898098068079468544,Directed,4635,,1
1771277006438612993,1575616273052012544,Directed,4636,,1
1771277006438612993,1374335489998786565,Directed,4637,,1
1771277006438612993,984701142260215808,Directed,4638,,1
1771277006438612993,2876917115,Directed,4639,,1
1771277006438612993,18576537,Directed,4640,,3
1771277006438612993,737387991820296192,Directed,4641,,3
1771277006438612993,1221832590094753793,Directed,4642,,1
1771277006438612993,1271510369312419844,Directed,4643,,1
1771277006438612993,876905949872750593,Directed,4644,,5
1771277006438612993,1554905423886548992,Directed,4645,,2
1771277006438612993,1298864949754826757,Directed,4646,,1
1771277006438612993,3230939541,Directed,4647,,1
1771277006438612993,1591904150,Directed,4648,,2
1771277006438612993,1574740383141068800,Directed,4649,,2
1771277006438612993,940847601921986562,Directed,4650,,1
1771277006438612993,1117210361592205312,Directed,4651,,11
1771277006438612993,1651310710104760322,Directed,4652,,1
1771277006438612993,975514363913293824,Directed,4653,,1
1771277006438612993,946806590249848842,Directed,4654,,1
1771277006438612993,1804878696072802304,Directed,4655,,1
1771277006438612993,1735585756364591104,Directed,4656,,2
1771277006438612993,2160721947,Directed,4657,,1
1771277006438612993,1112025263850901506,Directed,4658,,2
1771277006438612993,1761842237204320256,Directed,4659,,2
1771277006438612993,1616136377124388865,Directed,4660,,1
1771277006438612993,1646525038756265985,Directed,4661,,7
1771277006438612993,2364164407,Directed,4662,,1
1771277006438612993,6890412,Directed,4663,,1
1771277006438612993,4651329203,Directed,4664,,1
1771277006438612993,1591737821693444099,Directed,4665,,1
1771277006438612993,1823332595394113536,Directed,4666,,1
1771277006438612993,1696158153774071808,Directed,4667,,1
1771277006438612993,88389777,Directed,4668,,2
1771277006438612993,1849507512,Directed,4669,,2
1771277006438612993,1324819292806914055,Directed,4670,,1
1771277006438612993,1284984457389395970,Directed,4671,,1
1771277006438612993,1400169255539146756,Directed,4672,,2
1771277006438612993,888120721783742467,Directed,4673,,3
1771277006438612993,1219666645964271616,Directed,4674,,2
1771277006438612993,2871405720,Directed,4675,,1
1771277006438612993,1793245017584074752,Directed,4676,,2
1771277006438612993,1741705343279730688,Directed,4677,,1
1771277006438612993,1709581627834220544,Directed,4678,,1
1771277006438612993,758155303238176772,Directed,4679,,2
1771277006438612993,1643719098839302145,Directed,4680,,3
1771277006438612993,44196397,Directed,4681,,1
1771277006438612993,1710969221201399808,Directed,4682,,2
1771277006438612993,1602137585693982721,Directed,4683,,4
1771277006438612993,1654806921591783424,Directed,4684,,1
1771277006438612993,2481618301,Directed,4685,,1
1771277006438612993,824933986560573441,Directed,4686,,1
1771277006438612993,1373720898,Directed,4687,,2
1771277006438612993,141084952,Directed,4688,,1
1771277006438612993,1631220001653784576,Directed,4689,,3
1771277006438612993,2265794169,Directed,4690,,1
1771277006438612993,1573869416218996741,Directed,4691,,1
1771277006438612993,1445444813143216140,Directed,4692,,1
1771277006438612993,1346149931023798274,Directed,4693,,1
1771277006438612993,1757683670561783808,Directed,4694,,1
1771277006438612993,458008892,Directed,4695,,2
1771277006438612993,1499474168051503104,Directed,4696,,1
1771277006438612993,18216618,Directed,4697,,1
1771277006438612993,19489239,Directed,4698,,1
1771277006438612993,1711235486751047680,Directed,4699,,1
1771277006438612993,1615007253911973888,Directed,4700,,1
1771277006438612993,419520517,Directed,4701,,1
1771277006438612993,1724496577111138304,Directed,4702,,1
1771277006438612993,878896900937789440,Directed,4703,,1
1771277006438612993,110482636,Directed,4704,,1
1771277006438612993,1022435485371781120,Directed,4705,,2
1771277006438612993,1244701394008977412,Directed,4706,,1
1771277006438612993,1409996087893524480,Directed,4707,,2
1771277006438612993,1589945343315251200,Directed,4708,,1
1771277006438612993,1389107495520641024,Directed,4709,,1
1771277006438612993,231653036,Directed,4710,,1
1771277006438612993,1710383664402485248,Directed,4711,,1
1771277006438612993,1074594327979003904,Directed,4712,,1
1771277006438612993,311724429,Directed,4713,,1
1771277006438612993,17469289,Directed,4714,,1
1771277006438612993,1299376663285858309,Directed,4715,,1
1771277006438612993,47448563,Directed,4716,,1
1771277006438612993,1816920850525765632,Directed,4717,,1
1771277006438612993,1109163883082637312,Directed,4718,,1
1771277006438612993,874330245037527040,Directed,4719,,1
1771277006438612993,1714409247642136576,Directed,4720,,1
1771277006438612993,1447983441643933698,Directed,4721,,1
1771277006438612993,1633076018037620737,Directed,4722,,1
1771277006438612993,1580237113592774658,Directed,4723,,1
1771277006438612993,338949202,Directed,4724,,1
1771277006438612993,1760429294545670145,Directed,4725,,1
1771277006438612993,1807132209809092609,Directed,4726,,1
1771277006438612993,1391333262581186560,Directed,4727,,1
1771277006438612993,1450038539283013632,Directed,4728,,1
1771277006438612993,279454590,Directed,4729,,1
1771277006438612993,1574532982085505029,Directed,4730,,1
1771277006438612993,832035949,Directed,4731,,1
1771277006438612993,927309656787124225,Directed,4732,,1
1771277006438612993,1636979523693473799,Directed,4733,,1
1771277006438612993,695054484083470336,Directed,4734,,1
1771277006438612993,978606266040938496,Directed,4735,,1
1771277006438612993,49384084,Directed,4736,,1
1771277006438612993,1312282910565826560,Directed,4737,,2
1771277006438612993,1502022951377457160,Directed,4738,,1
1771277006438612993,1804690072555683840,Directed,4739,,1
1771277006438612993,1510467812736868354,Directed,4740,,1
1771277006438612993,804249337672908800,Directed,4741,,1
1771277006438612993,1709208943505846274,Directed,4742,,1
