Id,Label,tweets,replies,retweets,quotes,followers,impression,importance,age,indegree,outdegree,Degree,Eccentricity,closnesscentrality,harmonicclosnesscentrality,betweenesscentrality,pageranks,Authority,Hub,eigencentrality
12,jack,0,0,0,0,6530699,0,1,6766.421505,1,0,1,0,0,0,0,0.000323,0.020879,0,0.130057
764537,AminSabeti,0,0,0,0,74498,0,1,6439.742674,2,0,2,0,0,0,0,0.000324,0.027576,0,0.138428
788524,guardiannews,0,0,0,0,3908761,0,1,6428.766956,1,0,1,0,0,0,0,0.000323,0.020879,0,0.130057
790728,bbcpersian,0,0,0,0,2384552,0,1,6427.752118,2,0,2,0,0,0,0,0.000376,0.02095,0,0.400476
1367531,FoxNews,0,0,0,0,24905769,0,1,6405.49706,3,0,3,0,0,0,0,0.00033,0.02837,0,0.252928
2172631,nimania,0,0,0,0,9221,0,1,6397.749479,1,0,1,0,0,0,0,0.000323,0.013741,0,0.040338
4782551,Vahid,0,0,0,0,500650,0,1,6376.540347,2,0,2,0,0,0,0,0.000325,0.023563,0,0.25705
5402612,BBCBreaking,0,0,0,0,51816831,0,1,6369.676794,1,0,1,0,0,0,0,0.000323,0.020879,0,0.130057
5941722,Elnaazmohammadi,0,0,0,0,12039,0,1,6351.374144,2,0,2,0,0,0,0,0.000324,0.027576,0,0.138428
6135642,dw_persian,0,0,0,0,1259384,0,1,6343.802847,1,0,1,0,0,0,0,0.000323,0.020879,0,0.130057
6890412,WorriedEric,0,0,0,0,3663,0,1,6312.762049,1,0,1,0,0,0,0,0.000324,0.00177,0,0.002936
7587032,SkyNews,0,0,0,0,8553227,0,1,6281.676609,1,0,1,0,0,0,0,0.000323,0.020879,0,0.130057
8161232,richardbranson,0,0,0,0,12342602,0,1,6256.650625,1,0,1,0,0,0,0,0.000323,0.020879,0,0.130057
11744152,yashar,0,0,0,0,744924,0,1,6115.001076,1,0,1,0,0,0,0,0.000323,0.020879,0,0.130057
11790882,mersen,0,0,0,0,24203,0,1,6113.904688,1,0,1,0,0,0,0,0.000323,0.013741,0,0.040338
12193402,shaig,0,0,0,0,42653,0,1,6103.38522,1,0,1,0,0,0,0,0.000323,0.007148,0,0.002936
13218102,JohnCornyn,0,0,0,0,377576,0,1,6078.461308,1,0,1,0,0,0,0,0.000325,0.001228,0,0.057333
13382052,catalintenita,0,0,0,0,9085,0,1,6073.91662,1,0,1,0,0,0,0,0.000323,0.020879,0,0.130057
14077382,JamesCleverly,0,0,0,0,242807,0,1,6052.826204,1,0,1,0,0,0,0,0.000323,0.020879,0,0.130057
14092789,griswold,0,0,0,0,6981,0,1,6050.208912,1,0,1,0,0,0,0,0.000323,0.007148,0,0.002936
14216661,nationalpost,0,0,0,0,1054024,0,1,6031.605405,1,0,1,0,0,0,0,0.000323,0.020879,0,0.130057
14569869,Channel4News,0,0,0,0,2467481,0,1,5997.685822,1,0,1,0,0,0,0,0.000323,0.020879,0,0.130057
14600723,qorashi,0,0,0,0,13047,0,1,5995.684468,1,0,1,0,0,0,0,0.000323,0.013741,0,0.040338
14713427,Skasher,0,0,0,0,1805,0,1,5986.711308,1,0,1,0,0,0,0,0.000323,0.007148,0,0.002936
15143478,RichardDawkins,0,0,0,0,3033602,0,1,5947.945775,1,0,1,0,0,0,0,0.000323,0.020879,0,0.130057
15212187,bennyjohnson,0,0,0,0,2825369,0,1,5941.391574,1,0,1,0,0,0,0,0.000323,0.007148,0,0.002936
15669672,PamelaGeller,0,0,0,0,183474,0,1,5904.192014,1,0,1,0,0,0,0,0.000323,0.007148,0,0.002936
15745368,marcorubio,0,0,0,0,4528928,0,1,5898.159792,1,0,1,0,0,0,0,0.000323,0.020879,0,0.130057
15912890,Ayaan,0,0,0,0,538397,0,1,5884.181944,1,0,1,0,0,0,0,0.000323,0.007148,0,0.002936
15930061,HilzFuld,0,0,0,0,156718,0,1,5882.816782,1,0,1,0,0,0,0,0.000323,0.007148,0,0.002936
16102208,Local12,0,0,0,0,226306,0,1,5870.44963,1,0,1,0,0,0,0,0.000323,0.013741,0,0.040338
16192197,UANI,0,0,0,0,22989,0,1,5864.408426,1,0,1,0,0,0,0,0.000323,0.020879,0,0.130057
16274802,m_pourmohsen,0,0,0,0,64649,0,1,5859.498079,1,0,1,0,0,0,0,0.000323,0.020879,0,0.130057
16314859,StandWithUs,0,0,0,0,340473,0,1,5856.510428,2,0,2,0,0,0,0,0.000323,0.028027,0,0.132994
16465385,NobelPrize,0,0,0,0,1147079,0,1,5846.923079,1,0,1,0,0,0,0,0.000323,0.013741,0,0.040338
16523905,robbystarbuck,0,0,0,0,628663,0,1,5843.094248,2,0,2,0,0,0,0,0.000326,0.022921,0,0.197434
16671007,michaeldickson,0,0,0,0,168406,0,1,5833.504734,1,0,1,0,0,0,0,0.000323,0.007148,0,0.002936
16705767,solysolz,0,0,0,0,4888,0,1,5830.976806,1,0,1,0,0,0,0,0.000323,0.020879,0,0.130057
16912915,nikahang,0,0,0,0,142066,0,1,5820.406944,5,0,5,0,0,0,0,0.00033,0.046042,0,0.373137
17005368,RabbiShmuley,0,0,0,0,247195,0,1,5815.467164,1,0,1,0,0,0,0,0.000323,0.007148,0,0.002936
17061263,netanyahu,0,0,0,0,2946043,0,1,5813.011354,1,0,1,0,0,0,0,0.000324,0.002165,0,0.157572
17062358,krishgm,0,0,0,0,708094,0,1,5812.905625,1,0,1,0,0,0,0,0.000323,0.020879,0,0.130057
17068970,dorbar,0,0,0,0,6997,0,1,5812.585799,1,0,1,0,0,0,0,0.000323,0.007148,0,0.002936
17469289,nypost,0,0,0,0,3210676,0,1,5793.465694,1,0,1,0,0,0,0,0.000324,0.00177,0,0.002936
17783532,msaremif,0,0,0,0,10602,0,1,5780.567581,1,0,1,0,0,0,0,0.000325,0.002684,0,0.126993
17814635,IsraelinNewYork,0,0,0,0,56772,0,1,5779.510417,1,0,1,0,0,0,0,0.000323,0.007148,0,0.002936
17877490,yoavkaufman,0,0,0,0,7279,0,1,5777.440868,1,0,1,0,0,0,0,0.000323,0.007148,0,0.002936
18055418,Mehrnoosh,0,0,0,0,10639,0,1,5770.526146,2,0,2,0,0,0,0,0.000323,0.03462,0,0.170395
18086120,javadch,0,0,0,0,2164,0,1,5769.404792,1,0,1,0,0,0,0,0.000323,0.020879,0,0.130057
18213483,amnesty,0,0,0,0,2158178,0,1,5763.793657,1,0,1,0,0,0,0,0.000323,0.020879,0,0.130057
18216618,Michael_Lipin,0,0,0,0,4007,0,1,5763.646944,1,0,1,0,0,0,0,0.000324,0.00177,0,0.002936
18300931,kasey909,0,0,0,0,540,0,1,5760.088125,1,0,1,0,0,0,0,0.000323,0.004345,0,0.08673
18336608,mollah,0,0,0,0,32144,0,1,5758.591354,5,0,5,0,0,0,0,0.000335,0.014603,0,0.549037
18409325,SamRasoulpour,0,0,0,0,247232,0,1,5754.641227,4,0,4,0,0,0,0,0.000329,0.039345,0,0.364766
18576537,IDF,0,0,0,0,2782832,0,1,5747.919086,5,0,5,0,0,0,0,0.000349,0.01301,0,0.252751
18760840,hurryupharry,0,0,0,0,18915,0,1,5742.817801,1,0,1,0,0,0,0,0.000323,0.020879,0,0.130057
18809354,AviKaner,0,0,0,0,91374,0,1,5741.525613,1,0,1,0,0,0,0,0.000323,0.007148,0,0.002936
19002586,Goftaniha,0,0,0,0,36582,0,1,5736.288414,2,0,2,0,0,0,0,0.000324,0.020002,0,0.132889
19017675,Nigel_Farage,0,0,0,0,2097316,0,1,5735.84728,1,0,1,0,0,0,0,0.000323,0.020879,0,0.130057
19338927,MorganOrtagus,0,0,0,0,139992,0,1,5728.707951,1,0,1,0,0,0,0,0.000323,0.007148,0,0.002936
19341389,IndexCensorship,0,0,0,0,79943,0,1,5728.66419,1,0,1,0,0,0,0,0.000323,0.020879,0,0.130057
19489239,Jerusalem_Post,0,0,0,0,780366,0,1,5725.694282,2,0,2,0,0,0,0,0.000324,0.022649,0,0.132994
19636350,kayvanabbassi,0,0,0,0,77053,0,1,5723.096748,3,0,3,0,0,0,0,0.000327,0.01128,0,0.261486
19863176,RohitKachrooITV,0,0,0,0,23855,0,1,5718.63022,1,0,1,0,0,0,0,0.000323,0.020879,0,0.130057
19899606,DVATW,0,0,0,0,241473,0,1,5717.889653,1,0,1,0,0,0,0,0.000323,0.007148,0,0.002936
19919875,kambizhosseini,0,0,0,0,402485,0,1,5717.534491,1,0,1,0,0,0,0,0.000323,0.013741,0,0.040338
20668842,blondisecret,0,0,0,0,1285,0,1,5707.816701,1,0,1,0,0,0,0,0.000323,0.004345,0,0.08673
20711586,GlobalBC,0,0,0,0,466883,0,1,5707.454676,1,0,1,0,0,0,0,0.000323,0.020879,0,0.130057
21439144,KTHopkins,0,0,0,0,1120684,0,1,5699.371736,1,0,1,0,0,0,0,0.000323,0.007148,0,0.002936
21614316,unandu_,0,0,0,0,1449,0,1,5697.278727,1,0,1,0,0,0,0,0.000323,0.013741,0,0.040338
21866939,itvnews,0,0,0,0,2649633,0,1,5694.712373,1,0,1,0,0,0,0,0.000323,0.020879,0,0.130057
22434517,HillelNeuer,0,0,0,0,258284,0,1,5690.222488,1,0,1,0,0,0,0,0.000323,0.020879,0,0.130057
22495731,AlArabiya_Fa,0,0,0,0,446299,0,1,5689.633912,1,0,1,0,0,0,0,0.000323,0.020879,0,0.130057
22703645,TuckerCarlson,0,0,0,0,13966318,0,1,5688.2875,2,0,2,0,0,0,0,0.000327,0.002937,0,0.065704
23231946,mobarez_nastooh,1142,1298,165,209,15826,315784,12.08066,5684.428993,2,100,102,4,0.402425,0.451409,0.000351,0.000323,0.020879,0.043089,0.18739
23446898,paulrubens,0,0,0,0,17496,0,1,5682.649537,1,0,1,0,0,0,0,0.000325,0.001709,0,0.008371
25033880,AkhoondeMorde,0,0,0,0,29077,0,1,5674.059317,5,0,5,0,0,0,0,0.000327,0.036986,0,0.429312
25073877,realDonaldTrump,0,0,0,0,91004729,0,1,5673.715671,2,0,2,0,0,0,0,0.000326,0.007784,0,0.04114
25227444,melaniejoly,0,0,0,0,180426,0,1,5673.15081,1,0,1,0,0,0,0,0.000323,0.020879,0,0.130057
25508510,truthandfiction,0,0,0,0,44384,0,1,5671.699039,1,0,1,0,0,0,0,0.000323,0.007148,0,0.002936
25667195,bozorgmehr,0,0,0,0,18012,0,1,5670.774109,1,0,1,0,0,0,0,0.000323,0.020879,0,0.130057
27955781,Firouz_Naderi,0,0,0,0,143323,0,1,5660.433935,1,0,1,0,0,0,0,0.000323,0.020879,0,0.130057
28066831,sinavaliollah,0,0,0,0,1306443,0,1,5659.992407,1,0,1,0,0,0,0,0.000323,0.020879,0,0.130057
28096877,DuncanGray,0,0,0,0,86888,0,1,5659.764086,1,0,1,0,0,0,0,0.000323,0.007148,0,0.002936
28299819,noatishby,0,0,0,0,252668,0,1,5658.975961,1,0,1,0,0,0,0,0.000325,0.001709,0,0.008371
28428829,tsoofbaror,0,0,0,0,10908,0,1,5658.378646,1,0,1,0,0,0,0,0.000323,0.007148,0,0.002936
28492660,JachnunEmpire,0,0,0,0,10720,0,1,5658.142546,1,0,1,0,0,0,0,0.000323,0.007148,0,0.002936
29016548,GEsfandiari,0,0,0,0,141644,0,1,5655.589039,1,0,1,0,0,0,0,0.000323,0.020879,0,0.130057
30216513,BradSherman,0,0,0,0,134141,0,1,5650.721632,1,0,1,0,0,0,0,0.000323,0.020879,0,0.130057
31064165,Fxhedgers,0,0,0,0,427732,0,1,5647.072986,1,0,1,0,0,0,0,0.000323,0.007148,0,0.002936
33608041,ksorbs,0,0,0,0,2158048,0,1,5640.525093,1,0,1,0,0,0,0,0.000323,0.007148,0,0.002936
34209496,manototv,0,0,0,0,1172676,0,1,5639.00647,2,0,2,0,0,0,0,0.000325,0.009314,0,0.160508
34332516,KavehMadani,0,0,0,0,206809,0,1,5638.568762,2,0,2,0,0,0,0,0.000324,0.02714,0,0.222609
34361668,mhdiata,0,0,0,0,11075,0,1,5638.498333,1,0,1,0,0,0,0,0.000325,0.002684,0,0.126993
34367582,TimRunsHisMouth,0,0,0,0,1036397,0,1,5638.483935,1,0,1,0,0,0,0,0.000325,0.001709,0,0.008371
34476263,Efune,0,0,0,0,10520,0,1,5638.236852,1,0,1,0,0,0,0,0.000323,0.007148,0,0.002936
34686274,Dalia4Congress,0,0,0,0,47510,0,1,5637.523137,1,0,1,0,0,0,0,0.000323,0.007148,0,0.002936
35051819,nickbot21,0,0,0,0,4001,0,1,5636.380081,1,0,1,0,0,0,0,0.000323,0.020879,0,0.130057
35067843,iranbaan,0,0,0,0,53415,0,1,5636.336817,1,0,1,0,0,0,0,0.000323,0.006697,0,0.008371
35678871,babakazar,0,0,0,0,53099,0,1,5634.067153,2,0,2,0,0,0,0,0.000324,0.020437,0,0.048709
36992738,Rtaghizade,0,0,0,0,53866,0,1,5629.564537,2,0,2,0,0,0,0,0.000331,0.001571,0,0.177267
37196329,iranhr,0,0,0,0,12482,0,1,5628.72537,1,0,1,0,0,0,0,0.000323,0.020879,0,0.130057
37241514,moein_kh,0,0,0,0,2315,0,1,5628.557847,2,0,2,0,0,0,0,0.000324,0.027576,0,0.138428
37413528,Parpanchi,0,0,0,0,313918,0,1,5627.743356,1,0,1,0,0,0,0,0.000323,0.020879,0,0.130057
37535548,WalidPhares,0,0,0,0,77354,0,1,5627.300174,1,0,1,0,0,0,0,0.000323,0.020879,0,0.130057
37729540,Erfanmusic,0,0,0,0,146460,0,1,5626.491412,1,0,1,0,0,0,0,0.000323,0.020879,0,0.130057
38154763,PahlaviReza,0,0,0,0,1430963,0,1,5624.836505,7,0,7,0,0,0,0,0.000336,0.019904,0,0.62866
38220732,TaraMedric,0,0,0,0,9002,0,1,5624.589155,2,0,2,0,0,0,0,0.000325,0.006511,0,0.244302
38385927,NarimanGharib,0,0,0,0,114338,0,1,5624.011354,2,0,2,0,0,0,0,0.000324,0.020437,0,0.048709
38506813,NickSotoudeh,0,0,0,0,6194,0,1,5623.447095,1,0,1,0,0,0,0,0.000323,0.013741,0,0.040338
40501660,max_power73,0,0,0,0,1227,0,1,5614.569653,1,0,1,0,0,0,0,0.000323,0.004345,0,0.08673
40535534,NazaninBoniadi,0,0,0,0,588303,0,1,5614.437118,2,0,2,0,0,0,0,0.000324,0.02714,0,0.222609
41084386,omid9,0,0,0,0,356133,0,1,5611.901979,1,0,1,0,0,0,0,0.000323,0.020879,0,0.130057
41370439,amnestyitalia,0,0,0,0,412198,0,1,5610.679826,1,0,1,0,0,0,0,0.000323,0.020879,0,0.130057
41778159,geertwilderspvv,0,0,0,0,1501419,0,1,5608.932593,2,0,2,0,0,0,0,0.000324,0.008918,0,0.005873
43051330,Sativa888,0,0,0,0,11537,0,1,5603.080266,2,0,2,0,0,0,0,0.000325,0.004674,0,0.204154
43510607,anitavandenbeld,0,0,0,0,9560,0,1,5600.857882,1,0,1,0,0,0,0,0.000323,0.020879,0,0.130057
44196397,elonmusk,0,0,0,0,198974542,0,1,5597.44772,3,0,3,0,0,0,0,0.000325,0.029797,0,0.13593
45167431,patrickbetdavid,0,0,0,0,1119769,0,1,5593.580417,2,0,2,0,0,0,0,0.000324,0.010053,0,0.204154
45227065,farzad_az,0,0,0,0,25671,0,1,5593.359919,1,0,1,0,0,0,0,0.000323,0.006697,0,0.008371
45243719,JustLuai,0,0,0,0,183898,0,1,5593.289132,2,0,2,0,0,0,0,0.000326,0.022921,0,0.197434
46287159,AkkasNabashi,0,0,0,0,56348,0,1,5589.204028,4,0,4,0,0,0,0,0.000325,0.047578,0,0.271318
46482865,beehnam,0,0,0,0,90158,0,1,5588.434572,3,0,3,0,0,0,0,0.000324,0.034724,0,0.141365
46628064,behaak,0,0,0,0,8334,0,1,5587.834433,2,0,2,0,0,0,0,0.000324,0.020437,0,0.048709
46919036,memarsadeghi,0,0,0,0,15504,0,1,5586.587245,1,0,1,0,0,0,0,0.000323,0.020879,0,0.130057
47126544,burkov,0,0,0,0,25793,0,1,5585.5839,1,0,1,0,0,0,0,0.000323,0.007148,0,0.002936
47133511,dahri9,0,0,0,0,4000,0,1,5585.557766,1,0,1,0,0,0,0,0.000323,0.006697,0,0.008371
47214407,DrSeldon,0,0,0,0,3383,0,1,5585.26853,1,0,1,0,0,0,0,0.000323,0.020879,0,0.130057
47399105,sepahani,0,0,0,0,2411,0,1,5584.534954,1,0,1,0,0,0,0,0.000323,0.004345,0,0.08673
47421258,Golshifteh,0,0,0,0,1085666,0,1,5584.473889,1,0,1,0,0,0,0,0.000323,0.020879,0,0.130057
47448563,VOAfarsi,0,0,0,0,1948435,0,1,5584.398762,4,0,4,0,0,0,0,0.000379,0.024885,0,0.560984
47481067,biabeshno,0,0,0,0,1672,0,1,5584.302269,1,0,1,0,0,0,0,0.000323,0.004345,0,0.08673
47536841,CanuckRock,0,0,0,0,1872,0,1,5584.123773,2,0,2,0,0,0,0,0.000325,0.006511,0,0.244302
47635420,ICHRI,0,0,0,0,52839,0,1,5583.689838,1,0,1,0,0,0,0,0.000323,0.020879,0,0.130057
47696206,purgat,0,0,0,0,2140,0,1,5583.530752,1,0,1,0,0,0,0,0.000323,0.020879,0,0.130057
47705769,Najibnaik,0,0,0,0,59071,0,1,5583.508125,1,0,1,0,0,0,0,0.000324,0.002904,0,0.201218
47722134,LisaDaftari,0,0,0,0,65084,0,1,5583.469792,1,0,1,0,0,0,0,0.000323,0.020879,0,0.130057
47731642,yatok,0,0,0,0,2306,0,1,5583.447847,1,0,1,0,0,0,0,0.000323,0.004345,0,0.08673
47737851,haniph_a,0,0,0,0,1982,0,1,5583.433611,1,0,1,0,0,0,0,0.000325,0.002684,0,0.126993
47749263,hambastegi,0,0,0,0,3279,0,1,5583.369815,1,0,1,0,0,0,0,0.000323,0.020879,0,0.130057
47776285,hashymashy,0,0,0,0,416,0,1,5583.305822,1,0,1,0,0,0,0,0.000323,0.004345,0,0.08673
47828347,beotatpt13,0,0,0,0,879,0,1,5583.175567,1,0,1,0,0,0,0,0.000323,0.006697,0,0.008371
47891723,besmaili,0,0,0,0,25820,0,1,5582.966377,1,0,1,0,0,0,0,0.000323,0.020879,0,0.130057
47927277,No_censure_,0,0,0,0,1625,0,1,5582.822396,1,0,1,0,0,0,0,0.000323,0.020879,0,0.130057
48010302,joel_rayburn,0,0,0,0,12029,0,1,5582.616157,1,0,1,0,0,0,0,0.000323,0.020879,0,0.130057
48113576,Vahid_Beheshti,0,0,0,0,49090,0,1,5582.41522,1,0,1,0,0,0,0,0.000323,0.020879,0,0.130057
48177630,BPUnion,0,0,0,0,248775,0,1,5582.271933,1,0,1,0,0,0,0,0.000323,0.007148,0,0.002936
48187231,RaminBIKHODA,0,0,0,0,11572,0,1,5582.249051,4,0,4,0,0,0,0,0.000365,0.013422,0,0.159454
48209591,Lady_Verta,0,0,0,0,2659,0,1,5582.194965,5,0,5,0,0,0,0,0.00033,0.038563,0,0.42535
48252327,mdubowitz,0,0,0,0,96056,0,1,5582.080451,2,0,2,0,0,0,0,0.000325,0.022588,0,0.138428
48257148,pedha,0,0,0,0,0,0,1,5582.064363,1,0,1,0,0,0,0,0.000323,0.020879,0,0.130057
48534361,Raminagha,0,0,0,0,28472,0,1,5581.306377,1,0,1,0,0,0,0,0.000323,0.013741,0,0.040338
48643614,LawdanBazargan,0,0,0,0,6212,0,1,5580.967685,2,0,2,0,0,0,0,0.000323,0.03462,0,0.170395
48765219,maramezani,0,0,0,0,7874,0,1,5580.56978,1,0,1,0,0,0,0,0.000323,0.006697,0,0.008371
48865797,potkazar,0,0,0,0,18755,0,1,5580.30713,1,0,1,0,0,0,0,0.000323,0.020879,0,0.130057
49050185,hrkamyar,0,0,0,0,1872,0,1,5579.594259,1,0,1,0,0,0,0,0.000323,0.004345,0,0.08673
49127938,arixolin,0,0,0,0,48050,0,1,5579.389826,5,0,5,0,0,0,0,0.000328,0.050071,0,0.33326
49258147,arashdre21,0,0,0,0,19394,0,1,5578.9936,1,0,1,0,0,0,0,0.000325,0.002684,0,0.126993
49315363,MMehran,0,0,0,0,10225,0,1,5578.722951,1,0,1,0,0,0,0,0.000323,0.006697,0,0.008371
49384084,MahyarTousi,0,0,0,0,268787,0,1,5578.526424,2,0,2,0,0,0,0,0.000324,0.022649,0,0.132994
49426717,shabgahi,0,0,0,0,2390,0,1,5578.413299,1,0,1,0,0,0,0,0.000323,0.004345,0,0.08673
49506513,Ardeshirz,0,0,0,0,6611,0,1,5578.19066,1,0,1,0,0,0,0,0.000323,0.020879,0,0.130057
49554665,ShahedAlavi,0,0,0,0,118211,0,1,5578.029236,1,0,1,0,0,0,0,0.000323,0.013741,0,0.040338
49557520,Askharfeldman,0,0,0,0,12636,0,1,5578.016667,1,0,1,0,0,0,0,0.000323,0.013741,0,0.040338
49592004,channeldraw,0,0,0,0,79231,0,1,5577.853495,1,0,1,0,0,0,0,0.000323,0.020879,0,0.130057
50299231,irandaratash,0,0,0,0,1062,0,1,5575.74272,1,0,1,0,0,0,0,0.000323,0.013741,0,0.040338
50415433,aboozarrrr,0,0,0,0,4510,0,1,5575.458669,1,0,1,0,0,0,0,0.000323,0.006697,0,0.008371
50487904,iraneazad1,0,0,0,0,666,0,1,5575.288657,1,0,1,0,0,0,0,0.000326,0.000635,0,0.038203
50516018,fereshtehgilaki,0,0,0,0,18957,0,1,5575.208113,1,0,1,0,0,0,0,0.000323,0.004345,0,0.08673
50599149,M005h00,233,2588,1164,86,2495,37365,9.329987,5574.899826,4,255,259,5,0.329587,0.417776,0.000122,0.000327,0.029617,0.219781,0.298356
50635701,freeman010,0,0,0,0,34356,0,1,5574.755428,1,0,1,0,0,0,0,0.000323,0.004345,0,0.08673
50998739,adoniat,0,0,0,0,260,0,1,5573.873264,1,0,1,0,0,0,0,0.000323,0.013741,0,0.040338
51244775,JaneBasiji_Ga,0,0,0,0,5428,0,1,5573.373912,2,0,2,0,0,0,0,0.000324,0.020002,0,0.132889
51434437,naderifar,0,0,0,0,25192,0,1,5572.736921,1,0,1,0,0,0,0,0.000324,0.002904,0,0.201218
51483738,rostockwahl,0,0,0,0,8383,0,1,5572.5986,1,0,1,0,0,0,0,0.000323,0.013741,0,0.040338
51484630,shamidartii,0,0,0,0,7347,0,1,5572.596481,2,0,2,0,0,0,0,0.000324,0.027576,0,0.138428
52425236,abornaei,0,0,0,0,5328,0,1,5569.642315,2,0,2,0,0,0,0,0.000324,0.020889,0,0.043274
52444859,justchangingun,0,0,0,0,108342,0,1,5569.593553,2,0,2,0,0,0,0,0.000323,0.03462,0,0.170395
52660746,Israel,0,0,0,0,1694261,0,1,5568.987292,4,0,4,0,0,0,0,0.00033,0.024512,0,0.228529
52787936,spoilers2nd,0,0,0,0,956,0,1,5568.566829,1,0,1,0,0,0,0,0.000323,0.004345,0,0.08673
53341507,Roodabeh_,0,0,0,0,10611,0,1,5566.901644,1,0,1,0,0,0,0,0.000323,0.004345,0,0.08673
53830530,phouzhan,0,0,0,0,4852,0,1,5565.131713,1,0,1,0,0,0,0,0.000323,0.006697,0,0.008371
54301390,simonwiesenthal,0,0,0,0,43035,0,1,5563.48831,1,0,1,0,0,0,0,0.000323,0.020879,0,0.130057
54631666,sabakhoie,0,0,0,0,2541,0,1,5562.525301,1,0,1,0,0,0,0,0.000323,0.004345,0,0.08673
54700101,MaryBanihashemi,0,0,0,0,5273,0,1,5562.356574,3,0,3,0,0,0,0,0.000329,0.025605,0,0.324427
56356173,TheGreatCyrusII,0,0,0,0,804,0,1,5556.7814,3,0,3,0,0,0,0,0.000324,0.040881,0,0.262947
56782682,nixonfoundation,0,0,0,0,25512,0,1,5555.495023,1,0,1,0,0,0,0,0.000323,0.020879,0,0.130057
57291646,iSegaro,0,0,0,0,53419,0,1,5553.884074,1,0,1,0,0,0,0,0.000323,0.020879,0,0.130057
57730041,HarrietSergeant,0,0,0,0,20424,0,1,5552.485208,1,0,1,0,0,0,0,0.000323,0.020879,0,0.130057
58271532,persianbanoo,0,0,0,0,26627,0,1,5550.481505,1,0,1,0,0,0,0,0.000323,0.006697,0,0.008371
60066557,navidmohebbi,0,0,0,0,9059,0,1,5544.692407,2,0,2,0,0,0,0,0.000326,0.004613,0,0.209589
61047667,MetroBoomin,0,0,0,0,4990250,0,1,5541.32537,1,0,1,0,0,0,0,0.000326,0.000635,0,0.038203
62855930,amiretemadi,0,0,0,0,88294,0,1,5534.614965,5,0,5,0,0,0,0,0.000328,0.017877,0,0.302191
63273943,YLShyn,0,0,0,0,729,0,1,5533.366655,1,0,1,0,0,0,0,0.000323,0.020879,0,0.130057
65473297,King__Mark,0,0,0,0,570,0,1,5525.393877,1,0,1,0,0,0,0,0.000326,0.000635,0,0.038203
66475556,meisam_empty,0,0,0,0,851,0,1,5521.43625,1,0,1,0,0,0,0,0.000323,0.006697,0,0.008371
66967746,metpoliceuk,0,0,0,0,1364038,0,1,5519.84434,1,0,1,0,0,0,0,0.000323,0.020879,0,0.130057
73387846,eacarer,0,0,0,0,1216410,0,1,5496.717708,1,0,1,0,0,0,0,0.000323,0.007148,0,0.002936
73937639,afshineemrani,0,0,0,0,71930,0,1,5494.531181,1,0,1,0,0,0,0,0.000324,0.00177,0,0.002936
74453123,LaVanguardia,0,0,0,0,1394053,0,1,5492.708507,1,0,1,0,0,0,0,0.000323,0.020879,0,0.130057
75055396,tameryazar,0,0,0,0,1604,0,1,5490.59162,1,0,1,0,0,0,0,0.000323,0.013741,0,0.040338
75343905,calvinrobinson,0,0,0,0,378992,0,1,5489.536759,1,0,1,0,0,0,0,0.000323,0.020879,0,0.130057
75861029,lilia_Trumpgirl,0,0,0,0,2803,0,1,5487.46338,1,0,1,0,0,0,0,0.000323,0.004345,0,0.08673
76172541,MilaDnu,0,0,0,0,79092,0,1,5486.334942,2,0,2,0,0,0,0,0.000324,0.013845,0,0.011307
76288120,ghazalasg,0,0,0,0,2612,0,1,5485.914248,1,0,1,0,0,0,0,0.000323,0.013741,0,0.040338
78523300,RealJamesWoods,0,0,0,0,4200407,0,1,5478.059537,1,0,1,0,0,0,0,0.000323,0.007148,0,0.002936
82576359,kaveh_shirzad,0,0,0,0,8782,0,1,5462.904884,1,0,1,0,0,0,0,0.000323,0.020879,0,0.130057
83148068,CarlosSimancas,0,0,0,0,98870,0,1,5460.668391,1,0,1,0,0,0,0,0.000323,0.007148,0,0.002936
83435676,UNWatch,0,0,0,0,163174,0,1,5459.446644,2,0,2,0,0,0,0,0.000323,0.028027,0,0.132994
83733620,alivalizadeh,0,0,0,0,498,0,1,5458.24919,1,0,1,0,0,0,0,0.000323,0.004345,0,0.08673
87474763,roozbehmon,0,0,0,0,5238,0,1,5442.603808,2,0,2,0,0,0,0,0.000324,0.020437,0,0.048709
87818409,guardian,0,0,0,0,10874964,0,1,5441.297141,1,0,1,0,0,0,0,0.000323,0.020879,0,0.130057
88389777,Haghaie,0,0,0,0,36470,0,1,5438.874757,3,0,3,0,0,0,0,0.000327,0.011602,0,0.132866
91242401,kaveh_hdyt,0,0,0,0,408,0,1,5427.221273,1,0,1,0,0,0,0,0.000323,0.020879,0,0.130057
91416107,OliLondonTV,0,0,0,0,531459,0,1,5426.446424,2,0,2,0,0,0,0,0.000323,0.028027,0,0.132994
93249858,KambizSafaie,0,0,0,0,1600,0,1,5418.45228,2,0,2,0,0,0,0,0.000324,0.02714,0,0.222609
95092020,jordanbpeterson,0,0,0,0,5554332,0,1,5410.308449,1,0,1,0,0,0,0,0.000323,0.007148,0,0.002936
95521017,Amoo_Sibiloo,0,0,0,0,3967,0,1,5408.333669,1,0,1,0,0,0,0,0.000323,0.020879,0,0.130057
96951983,nikita5658jh,0,0,0,0,1728,0,1,5401.876192,3,0,3,0,0,0,0,0.000325,0.020251,0,0.28464
97054224,OzraeliAvi,0,0,0,0,576620,0,1,5401.440382,2,0,2,0,0,0,0,0.000323,0.028027,0,0.132994
97320648,eghbaleghbali,0,0,0,0,312,0,1,5400.278495,1,0,1,0,0,0,0,0.000323,0.020879,0,0.130057
97323571,behnamahz,0,0,0,0,644,0,1,5400.265509,1,0,1,0,0,0,0,0.000324,0.002165,0,0.157572
97523590,nejatbahrami,0,0,0,0,15879,0,1,5399.417917,1,0,1,0,0,0,0,0.000324,0.002904,0,0.201218
97650151,iM4n_,0,0,0,0,7358,0,1,5398.791597,1,0,1,0,0,0,0,0.000325,0.002684,0,0.126993
97914276,hra_news,0,0,0,0,77016,0,1,5397.668819,1,0,1,0,0,0,0,0.000323,0.020879,0,0.130057
100798716,DamonMacWilson,0,0,0,0,23180,0,1,5385.602581,1,0,1,0,0,0,0,0.000323,0.020879,0,0.130057
103065157,David_Cameron,0,0,0,0,1773599,0,1,5377.481678,1,0,1,0,0,0,0,0.000323,0.020879,0,0.130057
104228543,NatalieAmiri,0,0,0,0,151694,0,1,5373.538021,1,0,1,0,0,0,0,0.000323,0.020879,0,0.130057
104256824,JakeWSimons,0,0,0,0,52620,0,1,5373.457373,1,0,1,0,0,0,0,0.000323,0.020879,0,0.130057
106492441,HiRezTheRapper,0,0,0,0,160736,0,1,5366.500937,1,0,1,0,0,0,0,0.000323,0.007148,0,0.002936
110482636,JComm_NewsFeeds,0,0,0,0,4120,0,1,5353.529259,1,0,1,0,0,0,0,0.000324,0.00177,0,0.002936
112684779,DaveAtherton20,0,0,0,0,229829,0,1,5345.839942,2,0,2,0,0,0,0,0.000323,0.028027,0,0.132994
113480647,PersianGodless,0,0,0,0,9002,0,1,5343.356366,1,0,1,0,0,0,0,0.000325,0.001709,0,0.008371
114060003,SallyMayweather,0,0,0,0,268350,0,1,5341.274664,1,0,1,0,0,0,0,0.000323,0.007148,0,0.002936
116502194,globalnews,0,0,0,0,939116,0,1,5332.544294,1,0,1,0,0,0,0,0.000323,0.020879,0,0.130057
116579971,GadSaad,0,0,0,0,997551,0,1,5332.284144,1,0,1,0,0,0,0,0.000325,0.001709,0,0.008371
118756393,AmbJohnBolton,0,0,0,0,811672,0,1,5325.568576,2,0,2,0,0,0,0,0.000326,0.022921,0,0.197434
131538331,Kredo0,0,0,0,0,35815,0,1,5285.640243,1,0,1,0,0,0,0,0.000323,0.020879,0,0.130057
135962891,NazaninAJ,0,0,0,0,26111,0,1,5273.569039,2,0,2,0,0,0,0,0.000324,0.02714,0,0.222609
136607541,p1j22,0,0,0,0,61,0,1,5271.79147,1,0,1,0,0,0,0,0.000323,0.020879,0,0.130057
138632648,unrulified,0,0,0,0,4155,0,1,5266.151458,1,0,1,0,0,0,0,0.000323,0.013741,0,0.040338
139879462,SalomeSeyednia,0,0,0,0,186118,0,1,5262.315417,1,0,1,0,0,0,0,0.000324,0.002904,0,0.201218
140051163,thijsreuten,0,0,0,0,9382,0,1,5261.766944,1,0,1,0,0,0,0,0.000323,0.020879,0,0.130057
141084952,IsraeliPM,0,0,0,0,1306704,0,1,5259.104155,1,0,1,0,0,0,0,0.000324,0.00177,0,0.002936
142230509,ShekarrrPanirrr,0,0,0,0,2434,0,1,5255.888623,2,0,2,0,0,0,0,0.000323,0.03462,0,0.170395
142772512,Tavaana,0,0,0,0,158153,0,1,5254.51647,3,0,3,0,0,0,0,0.000326,0.029285,0,0.146799
143373762,MehdiMMJ,0,0,0,0,41157,0,1,5252.921181,2,0,2,0,0,0,0,0.000325,0.00507,0,0.35879
150750678,spegah,0,0,0,0,1918,0,1,5233.51169,1,0,1,0,0,0,0,0.000325,0.001709,0,0.008371
157376427,souzangar,0,0,0,0,6206,0,1,5215.600428,1,0,1,0,0,0,0,0.000331,0.000426,0,0.002936
157644107,SCloudman,0,0,0,0,1204,0,1,5214.769317,1,0,1,0,0,0,0,0.000325,0.001228,0,0.057333
160940788,ehsan_soltani,0,0,0,0,95182,0,1,5205.675845,1,0,1,0,0,0,0,0.000323,0.007148,0,0.002936
162703340,MiraNassiri,0,0,0,0,2009,0,1,5200.751377,2,0,2,0,0,0,0,0.000326,0.008376,0,0.060269
167307876,nazanin7,0,0,0,0,16898,0,1,5188.98662,2,0,2,0,0,0,0,0.000326,0.022106,0,0.18739
168176682,andfogle,0,0,0,0,19635,0,1,5186.606898,1,0,1,0,0,0,0,0.000323,0.013741,0,0.040338
169179541,mamlekate,0,0,0,0,183948,0,1,5183.502685,1,0,1,0,0,0,0,0.000325,0.001228,0,0.057333
169871593,alone_anarchist,0,0,0,0,1042,0,1,5181.827975,1,0,1,0,0,0,0,0.000325,0.002684,0,0.126993
171200086,netvand,0,0,0,0,3296,0,1,5178.447662,3,0,3,0,0,0,0,0.000327,0.007738,0,0.301635
173247574,nahademardomi,0,0,0,0,87,0,1,5173.372477,1,0,1,0,0,0,0,0.000325,0.001228,0,0.057333
181198159,HichkasOfficial,0,0,0,0,855527,0,1,5152.652917,4,0,4,0,0,0,0,0.000327,0.03264,0,0.342582
186037135,RonEng1ish,0,0,0,0,81457,0,1,5140.752049,2,0,2,0,0,0,0,0.000323,0.028027,0,0.132994
187214305,omorogiec,0,0,0,0,13892,0,1,5137.620752,1,0,1,0,0,0,0,0.000323,0.013741,0,0.040338
187615843,mahistan,0,0,0,0,13152,0,1,5136.52213,4,0,4,0,0,0,0,0.000329,0.013446,0,0.419058
191167764,BillboardChris,0,0,0,0,454472,0,1,5127.477049,1,0,1,0,0,0,0,0.000323,0.007148,0,0.002936
195853497,EuropeInvasionn,0,0,0,0,532634,0,1,5115.506331,1,0,1,0,0,0,0,0.000323,0.020879,0,0.130057
196952741,ivannkaramazof,0,0,0,0,76,0,1,5112.910347,1,0,1,0,0,0,0,0.000324,0.006261,0,0.092551
198324192,Rol3erto,0,0,0,0,4517,0,1,5109.279306,1,0,1,0,0,0,0,0.000326,0.000635,0,0.038203
199325291,NazaninNour,0,0,0,0,66223,0,1,5106.632847,1,0,1,0,0,0,0,0.000323,0.020879,0,0.130057
200610477,legallybrief,0,0,0,0,348,0,1,5103.492222,1,0,1,0,0,0,0,0.000323,0.020879,0,0.130057
201712307,Chantal21X,0,0,0,0,4948,0,1,5100.734479,1,0,1,0,0,0,0,0.000326,0.002042,0,0.067377
204930520,KillBillLMAO,0,0,0,0,1113,0,1,5093.463924,1,0,1,0,0,0,0,0.000324,0.002165,0,0.157572
206427431,MahdyarAghajani,0,0,0,0,187647,0,1,5090.317083,2,0,2,0,0,0,0,0.000326,0.014376,0,0.078542
208488600,faridsafajoo,0,0,0,0,622,0,1,5085.821273,1,0,1,0,0,0,0,0.000323,0.006697,0,0.008371
214908555,afagerbakke,0,0,0,0,137101,0,1,5069.677049,2,0,2,0,0,0,0,0.000325,0.008857,0,0.011307
216299334,piersmorgan,0,0,0,0,8825386,0,1,5065.888519,1,0,1,0,0,0,0,0.000323,0.020879,0,0.130057
218813393,Beheshtehr,0,0,0,0,3536,0,1,5058.853102,1,0,1,0,0,0,0,0.000323,0.006697,0,0.008371
219819371,ShahbanouFarah,0,0,0,0,641913,0,1,5056.296146,2,0,2,0,0,0,0,0.000324,0.00725,0,0.287948
222187991,kshahrooz,0,0,0,0,35330,0,1,5049.53081,1,0,1,0,0,0,0,0.000323,0.020879,0,0.130057
226928166,IsraelPersian,0,0,0,0,529809,0,1,5036.746435,12,0,12,0,0,0,0,0.000378,0.062785,0,0.805438
228855988,Shabnam283,0,0,0,0,6441,0,1,5031.390718,1,0,1,0,0,0,0,0.000324,0.002165,0,0.157572
229966028,SenMarcoRubio,0,0,0,0,199557,0,1,5028.3989,1,0,1,0,0,0,0,0.000323,0.020879,0,0.130057
231069949,EllieCohanim,0,0,0,0,39371,0,1,5024.691968,1,0,1,0,0,0,0,0.000323,0.020879,0,0.130057
231653036,JSchanzer,0,0,0,0,58665,0,1,5023.149745,3,0,3,0,0,0,0,0.000325,0.026994,0,0.219724
233250618,Soheilkhan,0,0,0,0,197,0,1,5018.501829,1,0,1,0,0,0,0,0.000339,0.000011,0,0.006054
237695510,IsraelArabic,0,0,0,0,545038,0,1,5007.776481,1,0,1,0,0,0,0,0.000324,0.006261,0,0.092551
241204643,MichaelRapaport,0,0,0,0,685568,0,1,4999.525613,1,0,1,0,0,0,0,0.000323,0.007148,0,0.002936
249916079,CENTCOMFarsi,0,0,0,0,117748,0,1,4980.222905,1,0,1,0,0,0,0,0.000323,0.020879,0,0.130057
251633354,USABehFarsi,0,0,0,0,803531,0,1,4976.665139,1,0,1,0,0,0,0,0.000376,0.000071,0,0.270418
253420850,Ladynimeshab,0,0,0,0,16114,0,1,4973.034398,1,0,1,0,0,0,0,0.000323,0.013741,0,0.040338
254086746,AlirezaAkhondi,0,0,0,0,63179,0,1,4971.643831,3,0,3,0,0,0,0,0.000324,0.040881,0,0.262947
255040592,Nervana_1,0,0,0,0,55490,0,1,4969.663623,1,0,1,0,0,0,0,0.000323,0.007148,0,0.002936
255073754,tootfaranghi,0,0,0,0,5970,0,1,4969.602141,3,0,3,0,0,0,0,0.000324,0.032372,0,0.219724
255123190,phoenix_memoir,0,0,0,0,1464,0,1,4969.51441,1,0,1,0,0,0,0,0.000323,0.020879,0,0.130057
255386398,hatefmotahhary,0,0,0,0,9051,0,1,4968.971389,1,0,1,0,0,0,0,0.000323,0.020879,0,0.130057
256221937,lukas_hammer,0,0,0,0,8769,0,1,4967.350475,1,0,1,0,0,0,0,0.000323,0.020879,0,0.130057
259772575,brjas2OO2,0,0,0,0,149,0,1,4959.64478,1,0,1,0,0,0,0,0.000323,0.020879,0,0.130057
263357100,20RAPcom,0,0,0,0,12859,0,1,4952.369815,3,0,3,0,0,0,0,0.000332,0.035046,0,0.173332
272729455,lisa_loo_who,0,0,0,0,39722,0,1,4935.186204,2,0,2,0,0,0,0,0.000325,0.009832,0,0.129929
279032698,Siamak_Aram,0,0,0,0,2668,0,1,4922.739514,1,0,1,0,0,0,0,0.000323,0.020879,0,0.130057
279454590,AsaadHannaa,0,0,0,0,62164,0,1,4921.913889,3,0,3,0,0,0,0,0.000325,0.029797,0,0.13593
282324916,benn50,0,0,0,0,819,0,1,4916.269803,1,0,1,0,0,0,0,0.000323,0.004345,0,0.08673
282659328,NeriaKraus,0,0,0,0,24951,0,1,4915.582488,1,0,1,0,0,0,0,0.000326,0.002042,0,0.067377
283386225,ofirgendelman,0,0,0,0,110075,0,1,4914.051782,1,0,1,0,0,0,0,0.000323,0.007148,0,0.002936
292852230,AlirezaStewie,0,0,0,0,11564,0,1,4896.85375,1,0,1,0,0,0,0,0.000323,0.006697,0,0.008371
292929271,charliekirk11,0,0,0,0,3483541,0,1,4896.722072,1,0,1,0,0,0,0,0.000325,0.001709,0,0.008371
296021844,skamalinia,0,0,0,0,1462,0,1,4891.198333,1,0,1,0,0,0,0,0.000323,0.020879,0,0.130057
296625287,MessageFromLen,0,0,0,0,29617,0,1,4890.133981,2,0,2,0,0,0,0,0.000323,0.028027,0,0.132994
299180876,MedFacts101,0,0,0,0,2546,0,1,4885.582465,3,0,3,0,0,0,0,0.000326,0.029824,0,0.349602
299416026,BenWeinthal,0,0,0,0,18685,0,1,4885.212222,1,0,1,0,0,0,0,0.000323,0.020879,0,0.130057
306132454,tirimirii,0,0,0,0,1343,0,1,4873.852627,1,0,1,0,0,0,0,0.000323,0.006697,0,0.008371
307063886,FSeifikaran,0,0,0,0,43959,0,1,4872.304525,3,0,3,0,0,0,0,0.000324,0.041316,0,0.178766
307297819,farzad_bayan,0,0,0,0,15477,0,1,4871.812731,1,0,1,0,0,0,0,0.000323,0.013741,0,0.040338
307548068,Soroush_Pa,0,0,0,0,1987,0,1,4871.417755,2,0,2,0,0,0,0,0.000324,0.027576,0,0.138428
308991012,Sarah_Wyss,0,0,0,0,2769,0,1,4868.852488,1,0,1,0,0,0,0,0.000323,0.020879,0,0.130057
311724429,sarahraviani,0,0,0,0,36108,0,1,4864.315683,4,0,4,0,0,0,0,0.00033,0.0264,0,0.208741
313890182,caoilfhionnanna,0,0,0,0,37009,0,1,4860.810382,1,0,1,0,0,0,0,0.000323,0.020879,0,0.130057
317177251,simonederayeh,0,0,0,0,5649,0,1,4855.658634,1,0,1,0,0,0,0,0.000323,0.004345,0,0.08673
318492642,senateur61,0,0,0,0,35277,0,1,4853.638333,1,0,1,0,0,0,0,0.000323,0.020879,0,0.130057
318653354,chelseahartisme,0,0,0,0,63983,0,1,4853.426493,4,0,4,0,0,0,0,0.000325,0.048029,0,0.265883
320191210,moviizz,0,0,0,0,872,0,1,4850.723773,1,0,1,0,0,0,0,0.000323,0.013741,0,0.040338
323444570,ARMiranF1,0,0,0,0,2116,0,1,4845.416574,1,0,1,0,0,0,0,0.000323,0.013741,0,0.040338
324919871,ASN83,0,0,0,0,670,0,1,4842.754792,1,0,1,0,0,0,0,0.000323,0.007148,0,0.002936
325629203,afromike76,0,0,0,0,1873,0,1,4841.609248,1,0,1,0,0,0,0,0.000323,0.007148,0,0.002936
328106613,raviagrawal3,0,0,0,0,67061,0,1,4837.49772,1,0,1,0,0,0,0,0.000323,0.007148,0,0.002936
329600358,aliboskabady,0,0,0,0,76562,0,1,4834.85485,1,0,1,0,0,0,0,0.000323,0.006697,0,0.008371
331339782,maspersian2,0,0,0,0,1116,0,1,4832.239861,1,0,1,0,0,0,0,0.000324,0.002165,0,0.157572
334036057,HBrandstaetter,0,0,0,0,106518,0,1,4827.718056,1,0,1,0,0,0,0,0.000323,0.020879,0,0.130057
334161563,mamadporii,0,0,0,0,395488,0,1,4827.559919,8,0,8,0,0,0,0,0.00034,0.059878,0,0.47156
334581700,J_L__Seagull,0,0,0,0,2475,0,1,4826.86831,1,0,1,0,0,0,0,0.000324,0.002165,0,0.157572
336662190,KevinVuongMP,0,0,0,0,21768,0,1,4823.548299,1,0,1,0,0,0,0,0.000323,0.020879,0,0.130057
337808606,RobertKennedyJr,0,0,0,0,3893256,0,1,4821.607465,1,0,1,0,0,0,0,0.000323,0.007148,0,0.002936
338949202,HosseiniRouzbeh,0,0,0,0,4291,0,1,4819.848206,5,0,5,0,0,0,0,0.000326,0.037047,0,0.423878
342181234,AgnesCallamard,0,0,0,0,86924,0,1,4814.608669,1,0,1,0,0,0,0,0.000323,0.020879,0,0.130057
348732757,YossiGoldstein8,0,0,0,0,22721,0,1,4804.351748,1,0,1,0,0,0,0,0.000323,0.007148,0,0.002936
351120282,Ostrov_A,0,0,0,0,302013,0,1,4800.435336,2,0,2,0,0,0,0,0.000323,0.028027,0,0.132994
353536835,Mpmaziyar,0,0,0,0,2383,0,1,4797.001481,4,0,4,0,0,0,0,0.000327,0.043565,0,0.38994
367154974,how_shani,310,396,0,84,2900,1417,4.015777,4774.717014,0,0,0,0,0,0,0,0.000323,0,0,0
371317839,MonfaredAshkan,0,0,0,0,18368,0,1,4767.603576,2,0,2,0,0,0,0,0.000325,0.004674,0,0.204154
372113766,GFakhari,0,0,0,0,12025,0,1,4766.088553,1,0,1,0,0,0,0,0.000323,0.006697,0,0.008371
374712154,TRobinsonNewEra,0,0,0,0,1053635,0,1,4761.451273,1,0,1,0,0,0,0,0.000323,0.020879,0,0.130057
375050232,feyzaltun,0,0,0,0,993292,0,1,4760.776759,1,0,1,0,0,0,0,0.000323,0.013741,0,0.040338
376412378,HFXforum,0,0,0,0,12986,0,1,4758.415752,1,0,1,0,0,0,0,0.000323,0.020879,0,0.130057
381071318,liorsela,0,0,0,0,1604,0,1,4750.537488,1,0,1,0,0,0,0,0.000323,0.007148,0,0.002936
384481891,Sasan_n,0,0,0,0,1158,0,1,4744.480914,1,0,1,0,0,0,0,0.000323,0.020879,0,0.130057
391245309,NightmareLand07,0,0,0,0,685,0,1,4732.937083,1,0,1,0,0,0,0,0.000323,0.013741,0,0.040338
391684654,belonde_bald,0,0,0,0,1496,0,1,4732.316053,1,0,1,0,0,0,0,0.000323,0.007148,0,0.002936
395303368,talhagin,0,0,0,0,15514,0,1,4726.734815,1,0,1,0,0,0,0,0.000323,0.020879,0,0.130057
396148839,mehmoh89,0,0,0,0,9857,0,1,4725.431736,2,0,2,0,0,0,0,0.000327,0.007332,0,0.046574
398752046,StewGlobal,0,0,0,0,11656,0,1,4721.703113,1,0,1,0,0,0,0,0.000323,0.020879,0,0.130057
406527960,amjadt25,0,0,0,0,569095,0,1,4710.424641,3,0,3,0,0,0,0,0.000325,0.029736,0,0.141365
406666451,AshkanFadaei,0,0,0,0,180818,0,1,4710.238333,3,0,3,0,0,0,0,0.000327,0.035255,0,0.208599
407476218,Schahrzad_b,0,0,0,0,28462,0,1,4709.124248,2,0,2,0,0,0,0,0.000326,0.004613,0,0.209589
410326865,HaniBouraghi,0,0,0,0,29565,0,1,4705.311806,1,0,1,0,0,0,0,0.000323,0.007148,0,0.002936
410718052,ManotoNews,0,0,0,0,1258170,0,1,4704.723924,2,0,2,0,0,0,0,0.000325,0.009314,0,0.160508
419520517,DouglasKMurray,0,0,0,0,1004462,0,1,4693.742373,2,0,2,0,0,0,0,0.000324,0.022649,0,0.132994
419714770,pepero_123,0,0,0,0,2303,0,1,4693.538495,1,0,1,0,0,0,0,0.000323,0.006697,0,0.008371
423924903,artahermes,0,0,0,0,10980,0,1,4688.153391,1,0,1,0,0,0,0,0.000323,0.007148,0,0.002936
431867570,arash_sobhani,0,0,0,0,149681,0,1,4678.470255,6,0,6,0,0,0,0,0.000328,0.05741,0,0.401247
437780037,abdorezaahmadi,0,0,0,0,8444,0,1,4671.427963,1,0,1,0,0,0,0,0.000324,0.002904,0,0.201218
442737538,john_lucckk,0,0,0,0,65415,0,1,4665.780243,2,0,2,0,0,0,0,0.000324,0.010053,0,0.204154
448400938,Hamed_Gholami,0,0,0,0,3863,0,1,4659.300718,1,0,1,0,0,0,0,0.000325,0.002684,0,0.126993
449588356,Kasparov63,0,0,0,0,1071343,0,1,4657.94419,1,0,1,0,0,0,0,0.000323,0.020879,0,0.130057
452493137,OSO_Arash,0,0,0,0,9135,0,1,4654.346493,2,0,2,0,0,0,0,0.000324,0.02714,0,0.222609
455264233,GoldingBF,0,0,0,0,231934,0,1,4651.344306,2,0,2,0,0,0,0,0.000323,0.028027,0,0.132994
456965969,tishtrya,0,0,0,0,4028,0,1,4649.386944,1,0,1,0,0,0,0,0.000324,0.002165,0,0.157572
458008892,EylonALevy,0,0,0,0,216460,0,1,4648.181389,2,0,2,0,0,0,0,0.000324,0.008918,0,0.005873
461478172,SepiBordian,0,0,0,0,1377,0,1,4644.408935,1,0,1,0,0,0,0,0.000323,0.020879,0,0.130057
462103635,JFSteinfeld,0,0,0,0,3135,0,1,4643.644352,1,0,1,0,0,0,0,0.000323,0.020879,0,0.130057
470213087,hs_maryam,0,0,0,0,3479,0,1,4634.748079,1,0,1,0,0,0,0,0.000324,0.002165,0,0.157572
470388164,DDSBobby,0,0,0,0,7470,0,1,4634.529259,1,0,1,0,0,0,0,0.000324,0.002904,0,0.201218
472774081,AbdullahMohtadi,0,0,0,0,18936,0,1,4631.916759,2,0,2,0,0,0,0,0.000324,0.020437,0,0.048709
472897022,humanrightsir1,0,0,0,0,1264,0,1,4631.772315,1,0,1,0,0,0,0,0.000323,0.013741,0,0.040338
475317365,SasanAmjadi,0,0,0,0,27912,0,1,4629.340833,1,0,1,0,0,0,0,0.000323,0.013741,0,0.040338
476618879,LalehBazargan,0,0,0,0,1379,0,1,4627.883229,1,0,1,0,0,0,0,0.000323,0.020879,0,0.130057
476691303,Chris_Irani,0,0,0,0,5540,0,1,4627.803542,1,0,1,0,0,0,0,0.000323,0.004345,0,0.08673
477934944,emilykschrader,0,0,0,0,152298,0,1,4626.512836,7,0,7,0,0,0,0,0.000332,0.05355,0,0.344567
478899745,AvandFardi,0,0,0,0,38119,0,1,4625.460347,3,0,3,0,0,0,0,0.000325,0.033837,0,0.230979
480737104,HamedTabaar,0,0,0,0,11139,0,1,4623.419618,1,0,1,0,0,0,0,0.000323,0.006697,0,0.008371
488772327,AlirezaNader,0,0,0,0,37751,0,1,4614.428819,3,0,3,0,0,0,0,0.000324,0.041768,0,0.173332
494247906,MRYAZDAN,0,0,0,0,36311,0,1,4608.544653,2,0,2,0,0,0,0,0.000325,0.008467,0,0.011307
501942686,nooshabehamiri1,0,0,0,0,5115,0,1,4600.587083,1,0,1,0,0,0,0,0.000323,0.020879,0,0.130057
504656524,kafka2323,0,0,0,0,393,0,1,4598.634803,1,0,1,0,0,0,0,0.000324,0.002904,0,0.201218
518692321,farcrit,74,493,1505,104,1024,252637,11.368879,4587.566389,0,495,495,5,0.38431,0.492956,0,0.000323,0,0.250905,0
518873688,SedSia,0,0,0,0,11524,0,1,4587.413854,1,0,1,0,0,0,0,0.000323,0.020879,0,0.130057
519732224,Raafegh,0,0,0,0,1807,0,1,4586.497326,1,0,1,0,0,0,0,0.000323,0.013741,0,0.040338
520879927,Mooniter,0,0,0,0,20477,0,1,4585.247153,6,0,6,0,0,0,0,0.00033,0.051941,0,0.450209
523746267,akvanian,0,0,0,0,13727,0,1,4582.352975,1,0,1,0,0,0,0,0.000323,0.006697,0,0.008371
532379335,shahriyarkf,0,0,0,0,855,0,1,4574.582095,1,0,1,0,0,0,0,0.000323,0.007148,0,0.002936
535336909,ArdavanMofid,0,0,0,0,16117,0,1,4571.734005,1,0,1,0,0,0,0,0.000324,0.002904,0,0.201218
537709549,LauraLoomer,0,0,0,0,1326561,0,1,4569.252269,1,0,1,0,0,0,0,0.000323,0.007148,0,0.002936
540087698,Konandeh,0,0,0,0,2538,0,1,4566.61853,1,0,1,0,0,0,0,0.000323,0.007148,0,0.002936
540140962,Klaus70268175,0,0,0,0,6093,0,1,4566.56353,1,0,1,0,0,0,0,0.000324,0.002165,0,0.157572
540458181,nickdixoncomic,0,0,0,0,34112,0,1,4566.293403,1,0,1,0,0,0,0,0.000323,0.020879,0,0.130057
541125768,edleonklinger,0,0,0,0,32262,0,1,4565.509271,1,0,1,0,0,0,0,0.000323,0.007148,0,0.002936
542347917,Javanmardi75,0,0,0,0,157581,0,1,4564.068252,1,0,1,0,0,0,0,0.000323,0.013741,0,0.040338
543032047,IRAJMILANI_TW,0,0,0,0,15078,0,1,4563.194282,1,0,1,0,0,0,0,0.000323,0.006697,0,0.008371
545293473,farshidbabaei18,0,0,0,0,6579,0,1,4560.647083,2,0,2,0,0,0,0,0.000324,0.010053,0,0.204154
555234735,FareenAssemi,0,0,0,0,45607,0,1,4548.698646,1,0,1,0,0,0,0,0.000323,0.006697,0,0.008371
557396412,wolf_sea_,0,0,0,0,1496,0,1,4546.300556,1,0,1,0,0,0,0,0.000323,0.004345,0,0.08673
559891962,TinaGhazimorad,0,0,0,0,41241,0,1,4543.484155,1,0,1,0,0,0,0,0.000324,0.002904,0,0.201218
567528749,farhads95,0,0,0,0,4016,0,1,4534.431956,1,0,1,0,0,0,0,0.000324,0.002904,0,0.201218
569352569,EdvinFarhadG,0,0,0,0,5182,0,1,4532.482523,4,0,4,0,0,0,0,0.000326,0.043785,0,0.464164
570018183,europarlAV,0,0,0,0,8725,0,1,4531.767789,1,0,1,0,0,0,0,0.000323,0.013741,0,0.040338
570737752,parsia_kazmi,0,0,0,0,4174,0,1,4530.831076,1,0,1,0,0,0,0,0.000323,0.006697,0,0.008371
580956087,SJA461,0,0,0,0,2266,0,1,4519.742199,2,0,2,0,0,0,0,0.000329,0.007491,0,0.122871
583634818,6ernestoamin6,0,0,0,0,8670,0,1,4516.901481,1,0,1,0,0,0,0,0.000323,0.006697,0,0.008371
584376633,VATANDOOST54,0,0,0,0,1199,0,1,4516.25941,2,0,2,0,0,0,0,0.000324,0.020002,0,0.132889
586053229,ElendaTimaj,0,0,0,0,1835,0,1,4514.344977,1,0,1,0,0,0,0,0.000323,0.004345,0,0.08673
586291040,AuschwitzMuseum,0,0,0,0,1603781,0,1,4514.036586,1,0,1,0,0,0,0,0.000323,0.007148,0,0.002936
587281555,NaeimehDoustdar,0,0,0,0,10777,0,1,4512.905914,1,0,1,0,0,0,0,0.000323,0.013741,0,0.040338
592122714,KarmelMelamed,0,0,0,0,9651,0,1,4507.513021,2,0,2,0,0,0,0,0.000324,0.022649,0,0.132994
592730371,JackPosobiec,0,0,0,0,2738312,0,1,4506.726273,1,0,1,0,0,0,0,0.000323,0.007148,0,0.002936
593100097,craigscolorado,0,0,0,0,7032,0,1,4506.375833,1,0,1,0,0,0,0,0.000323,0.007148,0,0.002936
596050685,CALI4AZ,0,0,0,0,57777,0,1,4503.17331,3,0,3,0,0,0,0,0.000328,0.007282,0,0.152434
596413983,erwin_pyrite,0,0,0,0,15900,0,1,4502.85809,2,0,2,0,0,0,0,0.000325,0.008406,0,0.016742
601176054,AmirTaheri4,0,0,0,0,144423,0,1,4497.60772,1,0,1,0,0,0,0,0.000324,0.002904,0,0.201218
608065225,MalkahFleisher,0,0,0,0,10814,0,1,4489.807743,1,0,1,0,0,0,0,0.000323,0.007148,0,0.002936
614783844,zakaHQ,0,0,0,0,15711,0,1,4482.267604,1,0,1,0,0,0,0,0.000324,0.00177,0,0.002936
617263683,kyrixermis,0,0,0,0,12389,0,1,4479.672627,1,0,1,0,0,0,0,0.000323,0.007148,0,0.002936
617873909,PingouinHeureux,0,0,0,0,3729,0,1,4478.974769,1,0,1,0,0,0,0,0.000324,0.00177,0,0.002936
619323823,baharsp,0,0,0,0,775,0,1,4477.511065,2,0,2,0,0,0,0,0.000324,0.02714,0,0.222609
619400667,HananyaNaftali,0,0,0,0,455127,0,1,4477.510856,1,0,1,0,0,0,0,0.000323,0.007148,0,0.002936
620393146,SalmanSima,0,0,0,0,43457,0,1,4476.365278,3,0,3,0,0,0,0,0.000327,0.025011,0,0.388607
621407062,nimabir87,0,0,0,0,2723,0,1,4475.301736,2,0,2,0,0,0,0,0.000324,0.02714,0,0.222609
622945594,mojtabapourbakh,0,0,0,0,86850,0,1,4473.606956,1,0,1,0,0,0,0,0.000326,0.002042,0,0.067377
628139384,HosseinRonaghi,0,0,0,0,332298,0,1,4467.983981,4,0,4,0,0,0,0,0.000325,0.048464,0,0.181703
630578888,KavehGhoreishi,0,0,0,0,34594,0,1,4465.345,1,0,1,0,0,0,0,0.000323,0.020879,0,0.130057
634339745,Yampeleg,0,0,0,0,32300,0,1,4461.029699,1,0,1,0,0,0,0,0.000323,0.007148,0,0.002936
703414475,Leilibazargan,0,0,0,0,52977,0,1,4010.089861,1,0,1,0,0,0,0,0.000323,0.013741,0,0.040338
708026257,MattieHeaven,0,0,0,0,5111,0,1,4453.288137,1,0,1,0,0,0,0,0.000323,0.020879,0,0.130057
719596352,hamiparvane,1253,5558,811,840,271,21175,9.214519,4447.015162,1,381,382,5,0.400847,0.482201,0,0.000323,0,0.235062,0.008371
723878358,crozwalk,0,0,0,0,134,0,1,4444.791725,1,0,1,0,0,0,0,0.000324,0.006261,0,0.092551
736855813,ZahaakMardoosh,0,0,0,0,3812,0,1,4438.673299,1,0,1,0,0,0,0,0.000323,0.007148,0,0.002936
738333428,1000pa2,0,0,0,0,11453,0,1,4437.878391,4,0,4,0,0,0,0,0.000326,0.044,0,0.30576
740833886,PersianWaffle,0,0,0,0,1241,0,1,4436.650324,4,0,4,0,0,0,0,0.000325,0.047578,0,0.271318
753128432,Rsheermohammadi,0,0,0,0,1843,0,1,4430.723044,1,0,1,0,0,0,0,0.000323,0.006697,0,0.008371
755142367,ghorubeyek,0,0,0,0,9222,0,1,4429.730995,1,0,1,0,0,0,0,0.000323,0.006697,0,0.008371
759913021,darushmemar,0,0,0,0,87841,0,1,4427.517153,1,0,1,0,0,0,0,0.000323,0.006697,0,0.008371
774362214,DelbarTavakoli,0,0,0,0,2333,0,1,4420.465718,1,0,1,0,0,0,0,0.000323,0.020879,0,0.130057
774576972,ShahinModarres,0,0,0,0,3105,0,1,4420.372812,1,0,1,0,0,0,0,0.000323,0.020879,0,0.130057
780787484,tastefullysaucy,0,0,0,0,35662,0,1,4417.536319,1,0,1,0,0,0,0,0.000326,0.000635,0,0.038203
817403221,euronews_pe,0,0,0,0,754780,0,1,4400.740903,2,0,2,0,0,0,0,0.000376,0.013812,0,0.310756
828914851,ahmdakk,0,0,0,0,1684,0,1,4394.79375,1,0,1,0,0,0,0,0.000324,0.00177,0,0.002936
832035949,gghamari,0,0,0,0,41150,0,1,4393.342118,3,0,3,0,0,0,0,0.000325,0.02891,0,0.225545
833673914,michaelgwaltz,0,0,0,0,77412,0,1,4392.606539,3,0,3,0,0,0,0,0.000328,0.02463,0,0.205805
835992487,elinashirazi,0,0,0,0,5326,0,1,4391.567604,1,0,1,0,0,0,0,0.000323,0.020879,0,0.130057
842330377,bashirtash,0,0,0,0,72242,0,1,4388.450822,1,0,1,0,0,0,0,0.000324,0.002904,0,0.201218
851763438,sleepy_joe1,0,0,0,0,1238,0,1,4383.394826,1,0,1,0,0,0,0,0.000323,0.020879,0,0.130057
856691635,TavaanaTech,0,0,0,0,44541,0,1,4380.580764,1,0,1,0,0,0,0,0.000323,0.020879,0,0.130057
860332880,amin1917,0,0,0,0,3555,0,1,4378.41588,1,0,1,0,0,0,0,0.000323,0.004345,0,0.08673
875364810,mk_irani,0,0,0,0,7730,0,1,4369.845718,2,0,2,0,0,0,0,0.000324,0.011493,0,0.089666
909512912,FattahiFarzad,0,0,0,0,34572,0,1,4354.101273,5,0,5,0,0,0,0,0.000328,0.046166,0,0.463332
913063519,vakilroaya,0,0,0,0,8719,0,1,4352.487963,1,0,1,0,0,0,0,0.000323,0.020879,0,0.130057
918412532,whoisfarhad,0,0,0,0,1808,0,1,4349.999653,1,0,1,0,0,0,0,0.000323,0.006697,0,0.008371
928581456,GilaGamliel,0,0,0,0,43602,0,1,4345.321505,2,0,2,0,0,0,0,0.000326,0.003874,0,0.165943
933149324,chavoshi1,0,0,0,0,151689,0,1,4343.329433,1,0,1,0,0,0,0,0.000323,0.020879,0,0.130057
961897332,mahyarq,0,0,0,0,2456,0,1,4329.997917,1,0,1,0,0,0,0,0.000323,0.007148,0,0.002936
964998500,miladalavii,0,0,0,0,11916,0,1,4328.392674,1,0,1,0,0,0,0,0.000323,0.006697,0,0.008371
968650362,SenTomCotton,0,0,0,0,721181,0,1,4326.475023,2,0,2,0,0,0,0,0.000325,0.022588,0,0.138428
970229532,MirabelleW18,0,0,0,0,2727,0,1,4325.641424,1,0,1,0,0,0,0,0.000323,0.007148,0,0.002936
972611156,yaamaashitaa,0,0,0,0,26465,0,1,4324.457986,2,0,2,0,0,0,0,0.000324,0.011493,0,0.089666
979050684,Arsam_69,0,0,0,0,1068,0,1,4321.454294,1,0,1,0,0,0,0,0.000323,0.007148,0,0.002936
981134408,mohammadsoltann,0,0,0,0,31412,0,1,4320.453171,1,0,1,0,0,0,0,0.000323,0.020879,0,0.130057
993630523,Nima__Nikjoo,0,0,0,0,7260,0,1,4314.504363,1,0,1,0,0,0,0,0.000323,0.006697,0,0.008371
1009357110,isarpishan,0,0,0,0,3160,0,1,4307.543681,2,0,2,0,0,0,0,0.000323,0.03462,0,0.170395
1012443708,orenbarsky,0,0,0,0,37548,0,1,4306.139699,1,0,1,0,0,0,0,0.000323,0.007148,0,0.002936
1027813969,Safiaa_Nazari,0,0,0,0,3693,0,1,4299.070023,1,0,1,0,0,0,0,0.000323,0.007148,0,0.002936
1032558697,Parshang11,0,0,0,0,862,0,1,4296.780949,1,0,1,0,0,0,0,0.000323,0.004345,0,0.08673
1034477790,siamakrahmani2,0,0,0,0,8135,0,1,4295.863461,1,0,1,0,0,0,0,0.000323,0.007148,0,0.002936
1063489842,S0CI0L0GISTSAM,0,0,0,0,364,0,1,4284.571725,1,0,1,0,0,0,0,0.000323,0.006697,0,0.008371
1070230291,golnar_sharifii,0,0,0,0,3421,0,1,4281.985683,2,0,2,0,0,0,0,0.000323,0.03462,0,0.170395
1074480192,SenTedCruz,0,0,0,0,3759896,0,1,4280.531655,1,0,1,0,0,0,0,0.000325,0.001709,0,0.008371
1078042598,MPPregent,0,0,0,0,47924,0,1,4279.291609,1,0,1,0,0,0,0,0.000323,0.020879,0,0.130057
1080647556,adam_hesabi,0,0,0,0,20583,0,1,4278.488299,5,0,5,0,0,0,0,0.000327,0.030304,0,0.488794
1084271022,saharmeshksar,0,0,0,0,1478,0,1,4277.360613,1,0,1,0,0,0,0,0.000323,0.006697,0,0.008371
1089998124,abierkhatib,0,0,0,0,249622,0,1,4275.456424,1,0,1,0,0,0,0,0.000323,0.007148,0,0.002936
1103448882,DrMRReza,0,0,0,0,4853,0,1,4270.81515,1,0,1,0,0,0,0,0.000329,0.000343,0,0.119935
1113100093,SGhasseminejad,0,0,0,0,113278,0,1,4267.235891,4,0,4,0,0,0,0,0.000329,0.010186,0,0.353651
1125255000,manakibros,0,0,0,0,1509,0,1,4262.671053,1,0,1,0,0,0,0,0.000324,0.00177,0,0.002936
1131917492,JudiciaryGOP,0,0,0,0,486149,0,1,4260.480417,1,0,1,0,0,0,0,0.000323,0.007148,0,0.002936
1145806178,mhnajmi64,0,0,0,0,36460,0,1,4255.541076,1,0,1,0,0,0,0,0.000323,0.007148,0,0.002936
1170087800,2rni3a_ezm,0,0,0,0,10895,0,1,4247.3939,1,0,1,0,0,0,0,0.000324,0.002165,0,0.157572
1173898058,MohamadiniaAli,0,0,0,0,6484,0,1,4246.09956,1,0,1,0,0,0,0,0.000323,0.007148,0,0.002936
1189524954,Sheina__,0,0,0,0,6099,0,1,4241.725544,2,0,2,0,0,0,0,0.000324,0.020889,0,0.043274
1189752218,Cilia1919,0,0,0,0,13912,0,1,4241.669838,1,0,1,0,0,0,0,0.000323,0.004345,0,0.08673
1195954465,marketexpertir,0,0,0,0,11895,0,1,4240.076991,1,0,1,0,0,0,0,0.000344,0.000067,0,0.002936
1196864822,Nasrinrose1,0,0,0,0,5859,0,1,4239.788507,1,0,1,0,0,0,0,0.000323,0.004345,0,0.08673
1201045933,hosseinbastani,0,0,0,0,326784,0,1,4238.728009,2,0,2,0,0,0,0,0.000324,0.027576,0,0.138428
1201904378,YourBelovedDude,0,0,0,0,9534,0,1,4238.4925,1,0,1,0,0,0,0,0.000323,0.006697,0,0.008371
1239655549,proudlypersian1,0,0,0,0,3118,0,1,4227.481991,1,0,1,0,0,0,0,0.000323,0.004345,0,0.08673
1240457875,FarzadAhmadpour,0,0,0,0,1353,0,1,4227.119433,2,0,2,0,0,0,0,0.000324,0.027576,0,0.138428
1240672056,kyodo_official,0,0,0,0,386203,0,1,4227.010648,1,0,1,0,0,0,0,0.000324,0.002165,0,0.157572
1242363361,leylabelfi11,0,0,0,0,1659,0,1,4226.35191,1,0,1,0,0,0,0,0.000323,0.004345,0,0.08673
1252857842,FardadFarahzad,0,0,0,0,596850,0,1,4222.363819,3,0,3,0,0,0,0,0.000328,0.02479,0,0.314383
1271852322,Limportant_fr,0,0,0,0,314678,0,1,4214.898171,1,0,1,0,0,0,0,0.000323,0.020879,0,0.130057
1273698355,HRANA_English,0,0,0,0,8647,0,1,4214.248067,1,0,1,0,0,0,0,0.000323,0.020879,0,0.130057
1283461568,keithwolahan,0,0,0,0,2548,0,1,4210.672801,1,0,1,0,0,0,0,0.000323,0.020879,0,0.130057
1311480547,freeiran_2023,0,0,0,0,1066,0,1,4202.495683,2,0,2,0,0,0,0,0.000327,0.008739,0,0.075748
1316150730,NaderSoltanpour,0,0,0,0,33908,0,1,4200.860417,3,0,3,0,0,0,0,0.000324,0.040881,0,0.262947
1322420269,i24NEWS_EN,0,0,0,0,157750,0,1,4197.759479,1,0,1,0,0,0,0,0.000323,0.020879,0,0.130057
1323572124,TinaFay1978,0,0,0,0,6597,0,1,4197.242708,1,0,1,0,0,0,0,0.000323,0.004345,0,0.08673
1323728246,GLNoronha,0,0,0,0,28732,0,1,4197.169491,1,0,1,0,0,0,0,0.000323,0.020879,0,0.130057
1326027540,pournazeri,0,0,0,0,866,0,1,4196.145185,1,0,1,0,0,0,0,0.000323,0.004345,0,0.08673
1347894524,AminAkramipour,0,0,0,0,6011,0,1,4187.339572,1,0,1,0,0,0,0,0.000323,0.007148,0,0.002936
1351371042,___p___r___,0,0,0,0,2481,0,1,4185.920069,3,0,3,0,0,0,0,0.000326,0.025949,0,0.488847
1353957578,gravitywelt,0,0,0,0,352,0,1,4184.882326,1,0,1,0,0,0,0,0.000323,0.004345,0,0.08673
1354113871,MajidKasiri,0,0,0,0,8583,0,1,4184.822627,1,0,1,0,0,0,0,0.000344,0.000067,0,0.002936
1371454321,FarzanehAghaei,0,0,0,0,3176,0,1,4178.012616,1,0,1,0,0,0,0,0.000324,0.002904,0,0.201218
1373720898,SinaMihandoost,0,0,0,0,6879,0,1,4177.128877,2,0,2,0,0,0,0,0.000325,0.003935,0,0.160508
1376687676,mostafaa_karimi,0,0,0,0,3871,0,1,4175.85147,1,0,1,0,0,0,0,0.000323,0.020879,0,0.130057
1378970222,iranwire,0,0,0,0,111668,0,1,4174.939456,3,0,3,0,0,0,0,0.000324,0.040881,0,0.262947
1379391392,mbabakordi,0,0,0,0,696,0,1,4174.755694,1,0,1,0,0,0,0,0.000323,0.004345,0,0.08673
1398139273,ElaheBoghrat,0,0,0,0,40681,0,1,4167.437407,1,0,1,0,0,0,0,0.000324,0.002904,0,0.201218
1408312021,pouriazeraati,0,0,0,0,878621,0,1,4163.552986,8,0,8,0,0,0,0,0.000371,0.059671,0,0.530041
1408558266,amirhoossein78,0,0,0,0,7444,0,1,4163.464734,4,0,4,0,0,0,0,0.000325,0.048464,0,0.181703
1416128503,safarazlilipoot,0,0,0,0,3044,0,1,4160.539988,3,0,3,0,0,0,0,0.000327,0.007738,0,0.301635
1416725066,shahinnajafi80,0,0,0,0,681237,0,1,4160.300949,4,0,4,0,0,0,0,0.000326,0.015716,0,0.299255
1421082818,PardisSabeti,0,0,0,0,21333,0,1,4158.596088,1,0,1,0,0,0,0,0.000325,0.001228,0,0.057333
1431016177,KGDOnline,0,0,0,0,9554,0,1,4154.580521,1,0,1,0,0,0,0,0.000323,0.020879,0,0.130057
1435634995,PersiaKami,0,0,0,0,777,0,1,4152.745278,1,0,1,0,0,0,0,0.000323,0.004345,0,0.08673
1437967645,DumanRadmehr,0,0,0,0,2819,0,1,4151.876389,1,0,1,0,0,0,0,0.000323,0.020879,0,0.130057
1448799366,dmidvar,0,0,0,0,8438,0,1,4147.768634,4,0,4,0,0,0,0,0.000327,0.017324,0,0.022615
1460339257,ToukaNeyestani,0,0,0,0,22993,0,1,4143.522697,2,0,2,0,0,0,0,0.000324,0.020002,0,0.132889
1472488261,jimmydeputy,0,0,0,0,2029,0,1,4138.629549,1,0,1,0,0,0,0,0.000323,0.007148,0,0.002936
1492783710,Shervinator79,0,0,0,0,617,0,1,4130.765694,1,0,1,0,0,0,0,0.000323,0.004345,0,0.08673
1494577392,ramtin5790asli,0,0,0,0,7007,0,1,4130.117917,1,0,1,0,0,0,0,0.000323,0.007148,0,0.002936
1515956552,AmnestyIran,0,0,0,0,56078,0,1,4124.876296,2,0,2,0,0,0,0,0.000323,0.03462,0,0.170395
1526986332,irbriefing,0,0,0,0,9352,0,1,4120.988912,1,0,1,0,0,0,0,0.000323,0.020879,0,0.130057
1528104978,FatpixelFat,0,0,0,0,2558,0,1,4120.626678,1,0,1,0,0,0,0,0.000323,0.006697,0,0.008371
1583865109,Imamofpeace,0,0,0,0,899369,0,1,4098.48037,1,0,1,0,0,0,0,0.000323,0.007148,0,0.002936
1584066241,alibozorgian,0,0,0,0,29644,0,1,4098.404826,1,0,1,0,0,0,0,0.000323,0.006697,0,0.008371
1591904150,hey_itsmyturn,0,0,0,0,23030,0,1,4095.382882,1,0,1,0,0,0,0,0.000324,0.00177,0,0.002936
1596053533,hirbodhuman,0,0,0,0,5191,0,1,4093.667766,1,0,1,0,0,0,0,0.000323,0.020879,0,0.130057
1596294391,sharagim_zand,0,0,0,0,34329,0,1,4093.587558,5,0,5,0,0,0,0,0.00033,0.046042,0,0.373137
1600278877,ZinMarAungNUG,0,0,0,0,116285,0,1,4092.017419,1,0,1,0,0,0,0,0.000323,0.020879,0,0.130057
1606257278,Amir_Thorn,0,0,0,0,15484,0,1,4089.616725,1,0,1,0,0,0,0,0.000323,0.020879,0,0.130057
1616952684,aliladjevardi,0,0,0,0,503,0,1,4085.039861,1,0,1,0,0,0,0,0.000323,0.013741,0,0.040338
1620765565,Baharebahhar,0,0,0,0,6148,0,1,4083.611574,1,0,1,0,0,0,0,0.000323,0.013741,0,0.040338
1626059502,MitraHejazipour,0,0,0,0,3757,0,1,4081.504352,2,0,2,0,0,0,0,0.000324,0.023783,0,0.331275
1643346506,balochcampaign,0,0,0,0,11070,0,1,4074.540775,1,0,1,0,0,0,0,0.000323,0.020879,0,0.130057
1646685096,ameensol,0,0,0,0,40368,0,1,4073.169606,1,0,1,0,0,0,0,0.000323,0.020879,0,0.130057
1648719602,m_bayatzanjani,0,0,0,0,88729,0,1,4072.395961,1,0,1,0,0,0,0,0.000323,0.006697,0,0.008371
1657780411,oaken__shield,0,0,0,0,8839,0,1,4068.730162,1,0,1,0,0,0,0,0.000323,0.013741,0,0.040338
1660909368,ManUtd_FA,0,0,0,0,10070,0,1,4067.420984,2,0,2,0,0,0,0,0.000324,0.020889,0,0.043274
1664731507,hillary__vaughn,0,0,0,0,30545,0,1,4065.865463,1,0,1,0,0,0,0,0.000323,0.007148,0,0.002936
1680631610,marziyemahmoodi,0,0,0,0,9452,0,1,4059.764213,1,0,1,0,0,0,0,0.000323,0.020879,0,0.130057
1686270312,HenMazzig,0,0,0,0,234686,0,1,4057.561285,3,0,3,0,0,0,0,0.000325,0.029736,0,0.141365
1686668364,khansarinia,0,0,0,0,19230,0,1,4057.412593,1,0,1,0,0,0,0,0.000324,0.00177,0,0.002936
1706335075,gisouferferi,0,0,0,0,2913,0,1,4050.10934,1,0,1,0,0,0,0,0.000323,0.004345,0,0.08673
1724463450,DeepaParent,0,0,0,0,4892,0,1,4044.053912,1,0,1,0,0,0,0,0.000323,0.020879,0,0.130057
1849507512,israeliamerican,0,0,0,0,5971,0,1,4037.376782,1,0,1,0,0,0,0,0.000324,0.00177,0,0.002936
1850229792,kavehsaraj1,0,0,0,0,627,0,1,4037.131366,1,0,1,0,0,0,0,0.000323,0.004345,0,0.08673
1857556140,amirreiis,0,0,0,0,14797,0,1,4034.677546,2,0,2,0,0,0,0,0.000324,0.027576,0,0.138428
1865344082,saogr8,0,0,0,0,22144,0,1,4032.32434,6,0,6,0,0,0,0,0.000331,0.052303,0,0.465688
1882871270,MarcMillerVM,0,0,0,0,68614,0,1,4027.803981,1,0,1,0,0,0,0,0.000323,0.007148,0,0.002936
1895316878,AliEhsassi,0,0,0,0,13278,0,1,4024.346516,1,0,1,0,0,0,0,0.000323,0.020879,0,0.130057
1896699619,AtenaDaemi,0,0,0,0,229647,0,1,4023.922361,2,0,2,0,0,0,0,0.000324,0.027576,0,0.138428
1905636216,DoctorNazarian,0,0,0,0,40719,0,1,4021.329815,1,0,1,0,0,0,0,0.000325,0.001709,0,0.008371
1908627954,JasonMBrodsky,0,0,0,0,73404,0,1,4020.552477,3,0,3,0,0,0,0,0.000325,0.036329,0,0.178766
1912428248,hediekimiaee,0,0,0,0,22235,0,1,4019.370579,1,0,1,0,0,0,0,0.000323,0.020879,0,0.130057
1934767400,hastibarb,0,0,0,0,5284,0,1,4012.601296,1,0,1,0,0,0,0,0.000323,0.007148,0,0.002936
1938485509,iranianuc,0,0,0,0,1111,0,1,4011.53184,1,0,1,0,0,0,0,0.000323,0.020879,0,0.130057
1953522745,radiojibi,0,0,0,0,63248,0,1,4006.001968,1,0,1,0,0,0,0,0.000323,0.020879,0,0.130057
1955124895,ElhamOmidvari,0,0,0,0,8539,0,1,4005.409201,7,0,7,0,0,0,0,0.000339,0.05273,0,0.468624
1959507445,MrJournaliste,0,0,0,0,7862,0,1,4003.369363,1,0,1,0,0,0,0,0.000329,0.000343,0,0.119935
1967216306,StateDeptSpox,0,0,0,0,626361,0,1,3999.583576,1,0,1,0,0,0,0,0.000323,0.020879,0,0.130057
1976143068,EmmanuelMacron,0,0,0,0,9898911,0,1,3996.473426,1,0,1,0,0,0,0,0.000323,0.020879,0,0.130057
1978200242,persian_Tirdad,0,0,0,0,3236,0,1,3995.867789,1,0,1,0,0,0,0,0.000323,0.004345,0,0.08673
2149491403,Arasheshbaa,0,0,0,0,1262,0,1,3994.531111,1,0,1,0,0,0,0,0.000323,0.004345,0,0.08673
2160721947,daniel02667,0,0,0,0,37283,0,1,3986.495162,1,0,1,0,0,0,0,0.000324,0.00177,0,0.002936
2161051908,AvivaKlompas,0,0,0,0,306784,0,1,3988.666956,3,0,3,0,0,0,0,0.000328,0.009493,0,0.049511
2166352618,SepehriHamed,0,0,0,0,19829,0,1,3982.728194,1,0,1,0,0,0,0,0.000323,0.007148,0,0.002936
2167976370,Sarah_Kazeemi,0,0,0,0,3834,0,1,3984.966863,1,0,1,0,0,0,0,0.000323,0.013741,0,0.040338
2172599869,hashemasa,0,0,0,0,22495,0,1,3982.519039,1,0,1,0,0,0,0,0.000329,0.000343,0,0.119935
2176448622,sara_masoudy,0,0,0,0,2566,0,1,3980.581736,2,0,2,0,0,0,0,0.000323,0.03462,0,0.170395
2177326935,Alighazizade,0,0,0,0,556849,0,1,3974.432512,5,0,5,0,0,0,0,0.000328,0.050506,0,0.24908
2182332444,esmaeilion,0,0,0,0,702781,0,1,3977.677917,5,0,5,0,0,0,0,0.000326,0.054726,0,0.274254
2193495339,light_on_darks,0,0,0,0,1511,0,1,3962.23978,5,0,5,0,0,0,0,0.00033,0.038563,0,0.42535
2194905277,emilyhewertson,0,0,0,0,158555,0,1,3971.388762,1,0,1,0,0,0,0,0.000323,0.020879,0,0.130057
2198382318,arash_rah,0,0,0,0,3710,0,1,3969.4286,2,0,2,0,0,0,0,0.000324,0.013845,0,0.011307
2199020853,AshleaSimonBF,0,0,0,0,147830,0,1,3957.892303,2,0,2,0,0,0,0,0.000323,0.028027,0,0.132994
2203267723,gholamhoseiny,0,0,0,0,14218,0,1,3966.656181,2,0,2,0,0,0,0,0.000326,0.004613,0,0.209589
2209340905,McSaturday7,0,0,0,0,7909,0,1,3963.541053,1,0,1,0,0,0,0,0.000323,0.020879,0,0.130057
2214100350,4rd1t1,0,0,0,0,848,0,1,3960.712685,1,0,1,0,0,0,0,0.000323,0.020879,0,0.130057
2219480202,LaadKalus,0,0,0,0,1740,0,1,3957.826713,1,0,1,0,0,0,0,0.000323,0.013741,0,0.040338
2224624381,vinicheh,0,0,0,0,4574,0,1,3954.858287,1,0,1,0,0,0,0,0.000323,0.006697,0,0.008371
2230288177,foster_spar,0,0,0,0,6112,0,1,3951.545914,1,0,1,0,0,0,0,0.000323,0.013741,0,0.040338
2233404235,jalovemila,0,0,0,0,8012,0,1,3949.499676,2,0,2,0,0,0,0,0.000323,0.025224,0,0.216787
2236589471,heminhawrami,0,0,0,0,211210,0,1,3934.634525,1,0,1,0,0,0,0,0.000323,0.020879,0,0.130057
2241707204,ahmadrezaaei,0,0,0,0,7937,0,1,3944.16147,1,0,1,0,0,0,0,0.000325,0.001228,0,0.057333
2244243253,DrRebin93,0,0,0,0,8094,0,1,3942.54853,1,0,1,0,0,0,0,0.000323,0.020879,0,0.130057
2254982313,_noghteh,0,0,0,0,18399,0,1,3924.456713,2,0,2,0,0,0,0,0.000324,0.020437,0,0.048709
2260688268,MasoodMasjoody,0,0,0,0,3012,0,1,3931.425903,3,0,3,0,0,0,0,0.000324,0.040881,0,0.262947
2265794169,RBehrouzDO,0,0,0,0,15381,0,1,3918.428275,3,0,3,0,0,0,0,0.000326,0.011822,0,0.20709
2269814823,oshtb,0,0,0,0,3123,0,1,3916.276157,1,0,1,0,0,0,0,0.000323,0.004345,0,0.08673
2271666241,ErfanUND,0,0,0,0,31897,0,1,3923.714884,1,0,1,0,0,0,0,0.000323,0.020879,0,0.130057
2280161403,Mohamma_aad,0,0,0,0,972,0,1,3911.325394,1,0,1,0,0,0,0,0.000323,0.013741,0,0.040338
2293023016,LocallAndia,0,0,0,0,4352,0,1,3905.03625,1,0,1,0,0,0,0,0.000323,0.004345,0,0.08673
2300535848,monfared6,0,0,0,0,462,0,1,3905.253773,1,0,1,0,0,0,0,0.000323,0.004345,0,0.08673
2313967902,KambizGhafouri,0,0,0,0,55660,0,1,3897.584039,3,0,3,0,0,0,0,0.000324,0.041316,0,0.178766
2314094473,tonddarr,0,0,0,0,4530,0,1,3897.523148,2,0,2,0,0,0,0,0.000325,0.023563,0,0.25705
2320519958,DietmarBartsch,0,0,0,0,87506,0,1,3893.896944,1,0,1,0,0,0,0,0.000323,0.020879,0,0.130057
2322846787,AmirMiresmaeili,0,0,0,0,21212,0,1,3892.434329,4,0,4,0,0,0,0,0.000326,0.036741,0,0.432197
2324997597,MosalaeiHomeira,0,0,0,0,544,0,1,3889.250775,1,0,1,0,0,0,0,0.000323,0.020879,0,0.130057
2330215110,nasrinraj,0,0,0,0,7260,0,1,3887.772234,1,0,1,0,0,0,0,0.000323,0.004345,0,0.08673
2331584635,Digiato,0,0,0,0,90895,0,1,3886.901956,1,0,1,0,0,0,0,0.000325,0.001228,0,0.057333
2348492714,inlakech77,0,0,0,0,1372,0,1,3876.722269,1,0,1,0,0,0,0,0.000323,0.020879,0,0.130057
2351909388,HanifJazayeri,0,0,0,0,11192,0,1,3874.616968,1,0,1,0,0,0,0,0.000323,0.020879,0,0.130057
2356041844,BbcDariush,0,0,0,0,9514,0,1,3872.980995,1,0,1,0,0,0,0,0.000323,0.006697,0,0.008371
2364164407,KasraAarabi,0,0,0,0,29883,0,1,3866.738657,4,0,4,0,0,0,0,0.000328,0.031594,0,0.352538
2373174403,EretzIsrael,0,0,0,0,62570,0,1,3861.095127,1,0,1,0,0,0,0,0.000323,0.007148,0,0.002936
2377612094,KayhanLondon,0,0,0,0,231675,0,1,3858.439549,3,0,3,0,0,0,0,0.000326,0.025492,0,0.339646
2378039176,arashcml,0,0,0,0,297,0,1,3863.122361,1,0,1,0,0,0,0,0.000324,0.006261,0,0.092551
2378839566,AdelTalebi,0,0,0,0,29035,0,1,3857.669132,1,0,1,0,0,0,0,0.000323,0.013741,0,0.040338
2383455180,shooresh57,0,0,0,0,4245,0,1,3854.890266,1,0,1,0,0,0,0,0.000323,0.004345,0,0.08673
2386350236,thestevennabil,0,0,0,0,524731,0,1,3853.084306,1,0,1,0,0,0,0,0.000323,0.020879,0,0.130057
2387672676,RahamimoffTamar,0,0,0,0,2715,0,1,3852.50419,2,0,2,0,0,0,0,0.000325,0.023044,0,0.287629
2412738884,SundayFutures,0,0,0,0,36143,0,1,3839.662303,1,0,1,0,0,0,0,0.000329,0.000343,0,0.119935
2414979296,siamakfarid,0,0,0,0,2605,0,1,3838.345162,2,0,2,0,0,0,0,0.000323,0.03462,0,0.170395
2417586104,SebGorka,0,0,0,0,1602874,0,1,3836.643067,2,0,2,0,0,0,0,0.000326,0.022106,0,0.18739
2418896652,mahshciv,0,0,0,0,525,0,1,3835.790243,1,0,1,0,0,0,0,0.000323,0.013741,0,0.040338
2418945582,BlueJakk,0,0,0,0,47597,0,1,3835.761667,2,0,2,0,0,0,0,0.000324,0.020889,0,0.043274
2423038272,GTA6Intel,0,0,0,0,217354,0,1,3833.195544,1,0,1,0,0,0,0,0.000326,0.000635,0,0.038203
2423392771,Krawallstein,0,0,0,0,5679,0,1,3832.983148,1,0,1,0,0,0,0,0.000324,0.006261,0,0.092551
2424418705,NUFDIran,0,0,0,0,35749,0,1,3832.356574,2,0,2,0,0,0,0,0.000324,0.023783,0,0.331275
2427113856,iAmAshkanRahimi,0,0,0,0,1343,0,1,3830.81684,1,0,1,0,0,0,0,0.000323,0.020879,0,0.130057
2435148192,ArminTsp,0,0,0,0,0,0,1,3825.924907,1,0,1,0,0,0,0,0.000323,0.004345,0,0.08673
2435620488,AzadeMokhtari,0,0,0,0,26581,0,1,3825.637813,2,0,2,0,0,0,0,0.000324,0.027576,0,0.138428
2438498226,EtemadOnline,0,0,0,0,209810,0,1,3823.737975,1,0,1,0,0,0,0,0.000325,0.001228,0,0.057333
2442235959,AyatollaBoJiden,0,0,0,0,1209,0,1,3837.663762,3,0,3,0,0,0,0,0.000327,0.036661,0,0.237772
2442464718,Avajahangiri,0,0,0,0,13955,0,1,3821.456192,1,0,1,0,0,0,0,0.000323,0.020879,0,0.130057
2447969488,DarvishM20,0,0,0,0,1766,0,1,3835.448623,1,0,1,0,0,0,0,0.000323,0.006697,0,0.008371
2448586596,RezaSensourfree,0,0,0,0,3215,0,1,3818.1789,1,0,1,0,0,0,0,0.000323,0.004345,0,0.08673
2459966323,Qorabam,0,0,0,0,0,0,1,3811.608113,1,0,1,0,0,0,0,0.000326,0.000635,0,0.038203
2460678915,tabanejad,0,0,0,0,16214,0,1,3830.473449,1,0,1,0,0,0,0,0.000323,0.007148,0,0.002936
2463622908,SylviaPearl2,0,0,0,0,555,0,1,3809.45809,1,0,1,0,0,0,0,0.000323,0.020879,0,0.130057
2468209243,Aghaye_V_,0,0,0,0,702,0,1,3806.460035,2,0,2,0,0,0,0,0.000324,0.02714,0,0.222609
2473622660,farhadge,0,0,0,0,3711,0,1,3802.971632,1,0,1,0,0,0,0,0.000323,0.006697,0,0.008371
2481618301,justresearcher,0,0,0,0,6336,0,1,3797.973727,1,0,1,0,0,0,0,0.000324,0.00177,0,0.002936
2497923974,hmlt33,0,0,0,0,1887,0,1,3788.994954,1,0,1,0,0,0,0,0.000323,0.013741,0,0.040338
2529834984,a_baby_hamster,0,0,0,0,9582,0,1,3776.792697,2,0,2,0,0,0,0,0.000326,0.014376,0,0.078542
2555010592,aalchaa,0,0,0,0,7882,0,1,3785.030139,2,0,2,0,0,0,0,0.000324,0.011493,0,0.089666
2572588962,FreeMajidKazemi,0,0,0,0,5312,0,1,3756.884491,1,0,1,0,0,0,0,0.000323,0.020879,0,0.130057
2572902906,vahid__bahman,0,0,0,0,66961,0,1,3756.72691,2,0,2,0,0,0,0,0.000324,0.010053,0,0.204154
2581408111,SunLight__White,0,0,0,0,5919,0,1,3752.200914,2,0,2,0,0,0,0,0.000325,0.00507,0,0.35879
2584412810,ali_afrasiab,0,0,0,0,1550,0,1,3750.518403,2,0,2,0,0,0,0,0.000323,0.03462,0,0.170395
2588429818,DanyaliHamed,0,0,0,0,1109,0,1,3767.178704,1,0,1,0,0,0,0,0.000323,0.020879,0,0.130057
2592412147,fardad200,0,0,0,0,2718,0,1,3746.141215,1,0,1,0,0,0,0,0.000323,0.004345,0,0.08673
2598011401,Zebr4a,0,0,0,0,222,0,1,3742.731701,1,0,1,0,0,0,0,0.000323,0.006697,0,0.008371
2601628980,miladpoureisa,0,0,0,0,5124,0,1,3740.738819,1,0,1,0,0,0,0,0.000323,0.006697,0,0.008371
2613396403,ForEveryBd,0,0,0,0,23392,0,1,3734.824954,5,0,5,0,0,0,0,0.000327,0.046386,0,0.537556
2615173525,SGhanbarpour,0,0,0,0,8890,0,1,3733.895833,1,0,1,0,0,0,0,0.000323,0.006697,0,0.008371
2643010852,arizenevis,0,0,0,0,2034,0,1,3748.04015,1,0,1,0,0,0,0,0.000323,0.007148,0,0.002936
2650464768,TOIAlerts,0,0,0,0,72739,0,1,3727.915903,1,0,1,0,0,0,0,0.000323,0.020879,0,0.130057
2651688830,Behrouzjt,0,0,0,0,3446,0,1,3727.535475,1,0,1,0,0,0,0,0.000325,0.001228,0,0.057333
2693264754,reza_hamouleh,0,0,0,0,610,0,1,3713.624676,1,0,1,0,0,0,0,0.000323,0.013741,0,0.040338
2704421318,antisemitism,0,0,0,0,62308,0,1,3709.619618,1,0,1,0,0,0,0,0.000323,0.020879,0,0.130057
2714031800,NorthWestFOI,0,0,0,0,11477,0,1,3705.946991,1,0,1,0,0,0,0,0.000323,0.020879,0,0.130057
2714357858,Jael7102,0,0,0,0,3903,0,1,3705.802141,1,0,1,0,0,0,0,0.000323,0.007148,0,0.002936
2731248600,alexi_lalass,0,0,0,0,2249,0,1,3698.908819,1,0,1,0,0,0,0,0.000323,0.013741,0,0.040338
2744064398,MaryamMoqaddam,0,0,0,0,60885,0,1,3694.06478,4,0,4,0,0,0,0,0.000327,0.041952,0,0.21697
2744823798,Tiredgnat,0,0,0,0,23560,0,1,3693.742639,1,0,1,0,0,0,0,0.000323,0.006697,0,0.008371
2759350759,Craneosaurskya,0,0,0,0,1289,0,1,3689.612674,1,0,1,0,0,0,0,0.000323,0.013741,0,0.040338
2762279140,sadsark,0,0,0,0,807,0,1,3676.424769,1,0,1,0,0,0,0,0.000323,0.004345,0,0.08673
2764169126,masoud_bazmara,0,0,0,0,4080,0,1,3688.369317,1,0,1,0,0,0,0,0.000323,0.007148,0,0.002936
2766340924,amirmoghadam_ir,0,0,0,0,24623,0,1,3671.730845,1,0,1,0,0,0,0,0.000324,0.00177,0,0.002936
2778437004,zahraa_hajii,0,0,0,0,4022,0,1,3683.731134,1,0,1,0,0,0,0,0.000323,0.013741,0,0.040338
2782254822,JewishMCR,0,0,0,0,2318,0,1,3681.732072,1,0,1,0,0,0,0,0.000323,0.020879,0,0.130057
2792649947,nioscha1,0,0,0,0,1192,0,1,3652.470231,1,0,1,0,0,0,0,0.000323,0.013741,0,0.040338
2800216425,TheChelseaForum,0,0,0,0,174913,0,1,3649.635556,1,0,1,0,0,0,0,0.000323,0.007148,0,0.002936
2801472864,nasim_khoshdel,0,0,0,0,637,0,1,3671.865868,2,0,2,0,0,0,0,0.000324,0.020002,0,0.132889
2804605933,PnMd1982,0,0,0,0,4866,0,1,3670.286863,1,0,1,0,0,0,0,0.000323,0.004345,0,0.08673
2820866529,RKOTOfficial,0,0,0,0,82461,0,1,3642.293495,1,0,1,0,0,0,0,0.000325,0.001228,0,0.057333
2829571723,khademinaryyyy,0,0,0,0,746,0,1,3657.915833,1,0,1,0,0,0,0,0.000323,0.020879,0,0.130057
2831333656,ShelerHaghani,0,0,0,0,141375,0,1,3636.915382,5,0,5,0,0,0,0,0.00033,0.046042,0,0.373137
2831569527,Shayaniism,0,0,0,0,6774,0,1,3636.725775,1,0,1,0,0,0,0,0.000323,0.007148,0,0.002936
2831908699,Azadeh_Moshiri,0,0,0,0,8048,0,1,3656.692106,1,0,1,0,0,0,0,0.000323,0.020879,0,0.130057
2835451658,MrAndyNgo,0,0,0,0,1541013,0,1,3653.041042,1,0,1,0,0,0,0,0.000323,0.007148,0,0.002936
2850594323,MJ_Akbarin,0,0,0,0,77954,0,1,3622.350845,1,0,1,0,0,0,0,0.000323,0.006697,0,0.008371
2856787757,SenJoniErnst,0,0,0,0,169708,0,1,3618.725208,1,0,1,0,0,0,0,0.000323,0.020879,0,0.130057
2865656340,ItsDecado,0,0,0,0,8922,0,1,3632.467002,2,0,2,0,0,0,0,0.000324,0.02714,0,0.222609
2871004738,PanteaPeyvandi,0,0,0,0,31536,0,1,3610.509294,3,0,3,0,0,0,0,0.000327,0.006779,0,0.367161
2871405720,IntelliTimes,0,0,0,0,50920,0,1,3629.559109,1,0,1,0,0,0,0,0.000324,0.00177,0,0.002936
2876917115,persona7even7,0,0,0,0,1099,0,1,3606.450937,1,0,1,0,0,0,0,0.000324,0.00177,0,0.002936
2880366888,hesamorouji,0,0,0,0,4033,0,1,3624.037234,2,0,2,0,0,0,0,0.000325,0.00507,0,0.35879
2880839427,Navid3m,0,0,0,0,11261,0,1,3603.79713,1,0,1,0,0,0,0,0.000324,0.002165,0,0.157572
2884044251,Ghazzallz,0,0,0,0,2404,0,1,3601.712778,1,0,1,0,0,0,0,0.000323,0.013741,0,0.040338
2887580215,ak_ar3hi,0,0,0,0,8978,0,1,3618.668507,1,0,1,0,0,0,0,0.000323,0.020879,0,0.130057
2894661244,MrHiccup42,0,0,0,0,7695,0,1,3593.714745,2,0,2,0,0,0,0,0.000324,0.011493,0,0.089666
2901846037,Eretz_Nehederet,0,0,0,0,66823,0,1,3604.636863,1,0,1,0,0,0,0,0.000326,0.000635,0,0.038203
2906216146,mabi182,0,0,0,0,3796,0,1,3585.872025,1,0,1,0,0,0,0,0.000325,0.001228,0,0.057333
2910544868,Sherrichita,0,0,0,0,454,0,1,3595.115313,1,0,1,0,0,0,0,0.000323,0.013741,0,0.040338
2916680884,ILoveIran_,0,0,0,0,2750,0,1,3579.248924,1,0,1,0,0,0,0,0.000323,0.004345,0,0.08673
2921501520,truskesadeghi,0,0,0,0,56584,0,1,3583.842396,2,0,2,0,0,0,0,0.000323,0.03462,0,0.170395
2930114046,behtarin1760,0,0,0,0,39808,0,1,3576.514549,1,0,1,0,0,0,0,0.000323,0.006697,0,0.008371
2930578640,inbarspace,0,0,0,0,12275,0,1,3576.036019,1,0,1,0,0,0,0,0.000323,0.007148,0,0.002936
2934403896,FreddiePatriot,0,0,0,0,3135,0,1,3572.970185,3,0,3,0,0,0,0,0.000326,0.013202,0,0.098037
2937142730,AliKalaei62,0,0,0,0,5268,0,1,3570.71456,1,0,1,0,0,0,0,0.000323,0.006697,0,0.008371
2942360981,b_shirmardi,0,0,0,0,2223,0,1,3564.592164,1,0,1,0,0,0,0,0.000324,0.002165,0,0.157572
2942614180,MH_FREE_IRAN,0,0,0,0,6825,0,1,3564.477396,4,0,4,0,0,0,0,0.000327,0.04381,0,0.240709
2946300174,yairlapid,0,0,0,0,492040,0,1,3562.774167,1,0,1,0,0,0,0,0.000323,0.007148,0,0.002936
2950042619,Sashtyani,0,0,0,0,65118,0,1,3561.390891,5,0,5,0,0,0,0,0.000327,0.051148,0,0.308696
2951277580,Farivarkharabat,0,0,0,0,42370,0,1,3560.673206,1,0,1,0,0,0,0,0.000323,0.006697,0,0.008371
2951606220,jilamostajer,0,0,0,0,7657,0,1,3560.9711,2,0,2,0,0,0,0,0.000323,0.03462,0,0.170395
2955611162,shahnazali_ali,0,0,0,0,2832,0,1,3558.075845,3,0,3,0,0,0,0,0.000324,0.027586,0,0.051645
2960042892,Ivar_lathbrug2,0,0,0,0,16902,0,1,3554.380289,3,0,3,0,0,0,0,0.000326,0.009415,0,0.44552
2971069279,ItsNoOshabe,0,0,0,0,955,0,1,3550.1061,1,0,1,0,0,0,0,0.000323,0.020879,0,0.130057
2991576965,saraapoor,0,0,0,0,13290,0,1,3538.032616,1,0,1,0,0,0,0,0.000323,0.013741,0,0.040338
2992455768,AbdugheniSabit,0,0,0,0,20921,0,1,3537.523009,1,0,1,0,0,0,0,0.000323,0.007148,0,0.002936
2997699345,KamranMalekpour,0,0,0,0,1981,0,1,3534.768275,1,0,1,0,0,0,0,0.000323,0.020879,0,0.130057
3001858353,SeyedArmani,0,0,0,0,73,0,1,3532.481528,1,0,1,0,0,0,0,0.000324,0.006261,0,0.092551
3006348240,JoeTruzman,0,0,0,0,106297,0,1,3527.858588,1,0,1,0,0,0,0,0.000323,0.020879,0,0.130057
3012536404,joyfulbedbug,0,0,0,0,928,0,1,3526.600613,1,0,1,0,0,0,0,0.000323,0.007148,0,0.002936
3053731489,avraham_nir,0,0,0,0,4263,0,1,3499.404606,1,0,1,0,0,0,0,0.000323,0.020879,0,0.130057
3062906803,sorush_ab,0,0,0,0,6000,0,1,3495.759363,1,0,1,0,0,0,0,0.000323,0.013741,0,0.040338
3070942499,HassanRonaghi,0,0,0,0,284196,0,1,3496.384595,2,0,2,0,0,0,0,0.000323,0.03462,0,0.170395
3071626218,behaazin,0,0,0,0,1582,0,1,3490.613958,1,0,1,0,0,0,0,0.000323,0.013741,0,0.040338
3083953337,saidhsp,0,0,0,0,15717,0,1,3490.744803,1,0,1,0,0,0,0,0.000323,0.013741,0,0.040338
3118720037,SedayeBsedaee,0,0,0,0,672,0,1,3474.696609,2,0,2,0,0,0,0,0.000324,0.02714,0,0.222609
3123016344,BardiaMousavi_,0,0,0,0,14296,0,1,3469.063414,1,0,1,0,0,0,0,0.000323,0.020879,0,0.130057
3134651737,homaydard,0,0,0,0,1341,0,1,3466.959306,2,0,2,0,0,0,0,0.000324,0.020437,0,0.048709
3135844871,proximaton,0,0,0,0,701,0,1,3465.023218,1,0,1,0,0,0,0,0.000323,0.013741,0,0.040338
3136288799,AYarahamadi,0,0,0,0,5862,0,1,3464.869549,1,0,1,0,0,0,0,0.000323,0.006697,0,0.008371
3143104256,Israelkicksass,0,0,0,0,37188,0,1,3462.931007,1,0,1,0,0,0,0,0.000323,0.007148,0,0.002936
3145728307,goodbadatusa,0,0,0,0,43729,0,1,3461.052477,1,0,1,0,0,0,0,0.000329,0.000343,0,0.119935
3145802856,ShokriaSameem,0,0,0,0,3732,0,1,3460.935023,1,0,1,0,0,0,0,0.000323,0.013741,0,0.040338
3154244632,habibi_uk,0,0,0,0,14267,0,1,3459.527801,1,0,1,0,0,0,0,0.000323,0.020879,0,0.130057
3161558040,SaamGivrad,0,0,0,0,50767,0,1,3452.374734,1,0,1,0,0,0,0,0.000323,0.006697,0,0.008371
3164609911,AliEbrahimzade_,0,0,0,0,19027,0,1,3450.283345,4,0,4,0,0,0,0,0.000327,0.029834,0,0.262819
3164924710,TonyFreeman2015,0,0,0,0,7660,0,1,3456.560926,6,0,6,0,0,0,0,0.00033,0.039484,0,0.64589
3167076164,payaminekoo,0,0,0,0,1802,0,1,3447.909375,1,0,1,0,0,0,0,0.000323,0.020879,0,0.130057
3189754680,merlin_a_h,0,0,0,0,9759,0,1,3430.740417,1,0,1,0,0,0,0,0.000323,0.004345,0,0.08673
3230939541,Silmaethdante,0,0,0,0,4584,0,1,3436.603889,1,0,1,0,0,0,0,0.000324,0.00177,0,0.002936
3236635215,PejmanMousavi,0,0,0,0,11998,0,1,3434.474144,1,0,1,0,0,0,0,0.000323,0.006697,0,0.008371
3237741079,LostWeapons,0,0,0,0,55773,0,1,3402.925521,1,0,1,0,0,0,0,0.000325,0.001709,0,0.008371
3252582144,saly_121,0,0,0,0,10,0,1,3386.78081,1,0,1,0,0,0,0,0.000323,0.013741,0,0.040338
3255215282,davidmdraiman,0,0,0,0,73339,0,1,3384.115162,1,0,1,0,0,0,0,0.000323,0.007148,0,0.002936
3269273666,jannatkhah_ir,0,0,0,0,60947,0,1,3373.552662,2,0,2,0,0,0,0,0.000326,0.005588,0,0.328211
3278531995,israelipm_farsi,0,0,0,0,112399,0,1,3365.762789,1,0,1,0,0,0,0,0.000324,0.002165,0,0.157572
3279246488,HadiZonouzi,0,0,0,0,17556,0,1,3365.066863,2,0,2,0,0,0,0,0.000324,0.013845,0,0.011307
3296026530,YEKIazYEKI,0,0,0,0,400,0,1,3352.428102,2,0,2,0,0,0,0,0.000324,0.02714,0,0.222609
3297474789,MasihExperience,0,0,0,0,3056,0,1,3414.991204,1,0,1,0,0,0,0,0.000324,0.00177,0,0.002936
3297594548,masoudkazemi81,0,0,0,0,61678,0,1,3351.767836,5,0,5,0,0,0,0,0.000326,0.051369,0,0.38292
3297632319,mehrodadm,0,0,0,0,7143,0,1,3414.830775,1,0,1,0,0,0,0,0.000344,0.000067,0,0.002936
3298497218,AmmarMaleki,0,0,0,0,147164,0,1,3351.470243,3,0,3,0,0,0,0,0.000326,0.037304,0,0.297389
3301947536,inventor_kevin,0,0,0,0,4510,0,1,3348.245231,2,0,2,0,0,0,0,0.000329,0.004688,0,0.206665
3302486951,israel_advocacy,0,0,0,0,101910,0,1,3411.003727,1,0,1,0,0,0,0,0.000323,0.020879,0,0.130057
3309035576,Golishoon,0,0,0,0,446,0,1,3340.465637,1,0,1,0,0,0,0,0.000323,0.006697,0,0.008371
3341492770,moyashkalaf,0,0,0,0,653,0,1,3386.687118,1,0,1,0,0,0,0,0.000323,0.013741,0,0.040338
3347300099,adameaval,0,0,0,0,4289,0,1,3382.006053,1,0,1,0,0,0,0,0.000323,0.020879,0,0.130057
3352622686,monaborzouei,0,0,0,0,80533,0,1,3378.297512,2,0,2,0,0,0,0,0.000326,0.009381,0,0.135364
3355536909,Hordood,0,0,0,0,12427,0,1,3376.50397,1,0,1,0,0,0,0,0.000323,0.006697,0,0.008371
3369967613,renenbaum,0,0,0,0,2467,0,1,3368.31044,1,0,1,0,0,0,0,0.000326,0.000635,0,0.038203
3376384187,shehramelyasi51,0,0,0,0,403,0,1,3364.418252,1,0,1,0,0,0,0,0.000323,0.013741,0,0.040338
3391156168,zargar1982,0,0,0,0,7717,0,1,3352.757164,1,0,1,0,0,0,0,0.000323,0.020879,0,0.130057
3391179035,kaukavat,0,0,0,0,698,0,1,3351.29309,1,0,1,0,0,0,0,0.000326,0.000635,0,0.038203
3397477355,Ex_Muslimm,0,0,0,0,13586,0,1,3347.532431,4,0,4,0,0,0,0,0.000326,0.043477,0,0.181703
3414505683,IHRights,0,0,0,0,15721,0,1,3336.985845,2,0,2,0,0,0,0,0.000323,0.03462,0,0.170395
3421599215,Radioferferi,0,0,0,0,8123,0,1,3334.057766,3,0,3,0,0,0,0,0.000324,0.041316,0,0.178766
3424728015,expatsunleashed,0,0,0,0,57182,0,1,3332.400093,4,0,4,0,0,0,0,0.000327,0.035516,0,0.282877
3429427779,khosrowsb,0,0,0,0,2125,0,1,3330.005856,1,0,1,0,0,0,0,0.000323,0.020879,0,0.130057
3590077277,iranhrs99,0,0,0,0,37707,0,1,3308.535949,1,0,1,0,0,0,0,0.000323,0.020879,0,0.130057
3609078502,tovaherskovitz,0,0,0,0,2435,0,1,3306.775752,1,0,1,0,0,0,0,0.000323,0.007148,0,0.002936
3616678939,faezehabdipour,0,0,0,0,19159,0,1,3297.701319,2,0,2,0,0,0,0,0.000327,0.007332,0,0.046574
3823943241,fatemehheydari8,0,0,0,0,22713,0,1,3286.776944,6,0,6,0,0,0,0,0.00033,0.046565,0,0.426558
3845454017,Sadiography,0,0,0,0,5137,0,1,3284.498044,1,0,1,0,0,0,0,0.000326,0.000635,0,0.038203
3851000734,AminAnvary,0,0,0,0,19548,0,1,3283.911933,1,0,1,0,0,0,0,0.000331,0.000426,0,0.002936
4005388937,FaridehShahgoli,0,0,0,0,2409,0,1,3266.322373,1,0,1,0,0,0,0,0.000323,0.013741,0,0.040338
4075582205,abdolah_abdi,0,0,0,0,65970,0,1,3256.707442,1,0,1,0,0,0,0,0.000323,0.007148,0,0.002936
4105891150,jilavis,0,0,0,0,1325,0,1,3252.589248,1,0,1,0,0,0,0,0.000323,0.004345,0,0.08673
4129090039,DearSoodi,0,0,0,0,3614,0,1,3251.302025,1,0,1,0,0,0,0,0.000324,0.002165,0,0.157572
4148884994,nazaninmorabba,0,0,0,0,12121,0,1,3249.50706,1,0,1,0,0,0,0,0.000323,0.007148,0,0.002936
4159973201,MinionLn,0,0,0,0,8685,0,1,3245.297639,1,0,1,0,0,0,0,0.000326,0.000635,0,0.038203
4188202324,__li_i__,0,0,0,0,2030,0,1,3241.528738,1,0,1,0,0,0,0,0.000323,0.013741,0,0.040338
4204440580,ManBarayeIran,0,0,0,0,3219,0,1,3239.445243,1,0,1,0,0,0,0,0.000323,0.020879,0,0.130057
4346255919,ImanOracle,0,0,0,0,51667,0,1,3224.158333,1,0,1,0,0,0,0,0.000325,0.002684,0,0.126993
4356461356,JC_Constantine,0,0,0,0,5104,0,1,3223.219572,1,0,1,0,0,0,0,0.000329,0.000343,0,0.119935
4414166913,SMostafaMoosavi,0,0,0,0,11412,0,1,3217.900347,1,0,1,0,0,0,0,0.000344,0.000067,0,0.002936
4420207816,kasrakarimi3,0,0,0,0,17070,0,1,3217.357014,3,0,3,0,0,0,0,0.000327,0.006779,0,0.367161
4651329203,IAFsite,0,0,0,0,338375,0,1,3195.993843,1,0,1,0,0,0,0,0.000324,0.00177,0,0.002936
4691437897,darrengrimes_,0,0,0,0,391283,0,1,3193.460312,1,0,1,0,0,0,0,0.000323,0.020879,0,0.130057
4776838734,banannafish,0,0,0,0,30600,0,1,3177.059699,2,0,2,0,0,0,0,0.000324,0.027576,0,0.138428
4795342575,amiiirhosseein,0,0,0,0,4789,0,1,3181.637882,1,0,1,0,0,0,0,0.000323,0.013741,0,0.040338
4799185575,ysabellahazan,0,0,0,0,51040,0,1,3181.255764,1,0,1,0,0,0,0,0.000326,0.000635,0,0.038203
4847086839,ahampay,0,0,0,0,23422,0,1,3169.347546,4,0,4,0,0,0,0,0.000326,0.037408,0,0.268358
4865550959,grandoldmemes,0,0,0,0,597325,0,1,3164.281019,1,0,1,0,0,0,0,0.000323,0.007148,0,0.002936
4904979732,honar1401,0,0,0,0,348,0,1,3150.081134,3,0,3,0,0,0,0,0.000324,0.040881,0,0.262947
4914384040,TheBabylonBee,0,0,0,0,4109183,0,1,3148.61934,2,0,2,0,0,0,0,0.000325,0.008857,0,0.011307
695054484083470336,politicalelle,0,0,0,0,165097,0,1,3160.233275,1,0,1,0,0,0,0,0.000324,0.00177,0,0.002936
702078420843278336,mariam_zadah,0,0,0,0,3701,0,1,3140.850903,2,0,2,0,0,0,0,0.000323,0.028027,0,0.132994
703814694667198464,Verethragnan,0,0,0,0,6509,0,1,3136.059699,1,0,1,0,0,0,0,0.000323,0.004345,0,0.08673
704387476794830848,RadArtemis56,0,0,0,0,2047,0,1,3134.47912,1,0,1,0,0,0,0,0.000323,0.004345,0,0.08673
705854130896703488,Y0L0ISM,0,0,0,0,817,0,1,3130.431933,1,0,1,0,0,0,0,0.000324,0.00177,0,0.002936
707231479047315456,PeterSweden7,0,0,0,0,759156,0,1,3126.631169,1,0,1,0,0,0,0,0.000323,0.007148,0,0.002936
709152732230377472,netanyahupersia,0,0,0,0,23455,0,1,3121.329525,3,0,3,0,0,0,0,0.000325,0.022659,0,0.046211
709799258422173697,ateschgah,0,0,0,0,23084,0,1,3119.545451,3,0,3,0,0,0,0,0.000325,0.01601,0,0.168879
710745766827061248,marianmeyer0,0,0,0,0,2595,0,1,3116.933588,2,0,2,0,0,0,0,0.000332,0.021305,0,0.132994
711163935383273474,AmirSoltanzade2,0,0,0,0,3160,0,1,3115.779664,1,0,1,0,0,0,0,0.000323,0.006697,0,0.008371
711920564386988032,karimbeigi,0,0,0,0,39087,0,1,3113.691759,1,0,1,0,0,0,0,0.000323,0.020879,0,0.130057
713386067785809924,leillinga,0,0,0,0,573,0,1,3109.647743,2,0,2,0,0,0,0,0.000323,0.03462,0,0.170395
714077350904913920,BehrangRahbari,0,0,0,0,9961,0,1,3107.740162,2,0,2,0,0,0,0,0.000325,0.023563,0,0.25705
714366422806171648,nik_yousefi,0,0,0,0,94705,0,1,3106.942477,3,0,3,0,0,0,0,0.000324,0.041316,0,0.178766
716220554362150912,C_AB_,0,0,0,0,18922,0,1,3101.826053,3,0,3,0,0,0,0,0.000326,0.03026,0,0.265421
717349448523902976,pulsantedipausa,0,0,0,0,881,0,1,3098.710891,1,0,1,0,0,0,0,0.000323,0.006697,0,0.008371
720675761825456132,behzadm75,0,0,0,0,20017,0,1,3089.532025,1,0,1,0,0,0,0,0.000323,0.013741,0,0.040338
722528529716383744,ACTBrigitte,0,0,0,0,1177076,0,1,3084.419352,2,0,2,0,0,0,0,0.000323,0.028027,0,0.132994
722757627877335040,YeOne_Rhie,0,0,0,0,27029,0,1,3083.787164,2,0,2,0,0,0,0,0.000324,0.02714,0,0.222609
722960833853173760,shahram_sab,0,0,0,0,5936,0,1,3083.226424,1,0,1,0,0,0,0,0.000323,0.020879,0,0.130057
723720232720838657,alireza82920462,0,0,0,0,654,0,1,3081.13088,1,0,1,0,0,0,0,0.000323,0.004345,0,0.08673
724170852464496641,DeGraeveWies,0,0,0,0,3142,0,1,3079.887407,1,0,1,0,0,0,0,0.000323,0.020879,0,0.130057
724352740051324928,BaraneBahari123,0,0,0,0,814,0,1,3079.385498,1,0,1,0,0,0,0,0.000325,0.002684,0,0.126993
724650385940557828,injanebamin,0,0,0,0,947,0,1,3078.564144,1,0,1,0,0,0,0,0.000323,0.020879,0,0.130057
724709308445917184,R0tterdamer,0,0,0,0,3144,0,1,3078.401551,2,0,2,0,0,0,0,0.000324,0.013845,0,0.011307
725608553332006912,EllaTravelsLove,0,0,0,0,73824,0,1,3075.920104,1,0,1,0,0,0,0,0.000323,0.007148,0,0.002936
726040292424617985,ajibzade,0,0,0,0,101864,0,1,3074.728738,1,0,1,0,0,0,0,0.000324,0.002904,0,0.201218
727433056001380353,GonenYonatan,0,0,0,0,67641,0,1,3070.88544,1,0,1,0,0,0,0,0.000323,0.007148,0,0.002936
728252911675944961,IranIntl,0,0,0,0,1905209,0,1,3068.623067,5,0,5,0,0,0,0,0.000368,0.036099,0,0.359773
728278501745373185,jimy1__neutron,0,0,0,0,2485,0,1,3068.552454,1,0,1,0,0,0,0,0.000324,0.00177,0,0.002936
729966282188148736,znbrahimi,0,0,0,0,11433,0,1,3063.895069,1,0,1,0,0,0,0,0.000323,0.020879,0,0.130057
730129892877049857,jilabani,0,0,0,0,65063,0,1,3063.443588,1,0,1,0,0,0,0,0.000323,0.006697,0,0.008371
730148033225211906,ali_h7521,0,0,0,0,3948,0,1,3063.39353,1,0,1,0,0,0,0,0.000323,0.007148,0,0.002936
731066315897626625,Lotusbisscofs,0,0,0,0,12036,0,1,3060.859549,1,0,1,0,0,0,0,0.000323,0.006697,0,0.008371
733085131972300800,Persuasion_elli,0,0,0,0,0,0,1,3055.288681,1,0,1,0,0,0,0,0.000323,0.013741,0,0.040338
734703626099232768,AvonandsomerRob,0,0,0,0,85595,0,1,3050.822488,1,0,1,0,0,0,0,0.000323,0.020879,0,0.130057
737049250366820356,YasMohammedxx,0,0,0,0,198070,0,1,3044.349803,1,0,1,0,0,0,0,0.000324,0.00177,0,0.002936
737387991820296192,IsraelWarRoom,0,0,0,0,333380,0,1,3043.415046,3,0,3,0,0,0,0,0.000328,0.005163,0,0.217841
737494902481657858,Elyria2016,0,0,0,0,2333,0,1,3043.120035,1,0,1,0,0,0,0,0.000323,0.020879,0,0.130057
740550489490743296,OmidKT62,0,0,0,0,48925,0,1,3034.688218,2,0,2,0,0,0,0,0.000325,0.009314,0,0.160508
741464348099371008,FarhadIraniiii,0,0,0,0,1866,0,1,3032.166447,1,0,1,0,0,0,0,0.000323,0.006697,0,0.008371
743210519260192773,dariush_Zand,0,0,0,0,16657,0,1,3027.34794,1,0,1,0,0,0,0,0.000323,0.013741,0,0.040338
744256897050611712,pouriy4,0,0,0,0,7832,0,1,3024.460486,1,0,1,0,0,0,0,0.000323,0.013741,0,0.040338
746767750635356160,mahsairani44,0,0,0,0,8050,0,1,3017.53184,3,0,3,0,0,0,0,0.000324,0.040881,0,0.262947
746817874002579457,Rezza2b,0,0,0,0,1154,0,1,3017.39353,1,0,1,0,0,0,0,0.000323,0.004345,0,0.08673
748584200014536704,Kingdom0fIran,0,0,0,0,4049,0,1,3012.519398,1,0,1,0,0,0,0,0.000323,0.004345,0,0.08673
748962728333553668,young_sheldon1,0,0,0,0,5094,0,1,3011.474861,6,0,6,0,0,0,0,0.000336,0.046068,0,0.342211
749551939483004928,bahmandaroshafa,0,0,0,0,79380,0,1,3009.848947,1,0,1,0,0,0,0,0.000323,0.006697,0,0.008371
751764121876475905,Marjillu,0,0,0,0,5145,0,1,3003.744491,1,0,1,0,0,0,0,0.000323,0.006697,0,0.008371
751811653633617920,Catallaxii,0,0,0,0,17401,0,1,3003.613322,2,0,2,0,0,0,0,0.000324,0.020889,0,0.043274
751858775045263360,Catjaan1,0,0,0,0,1437,0,1,3003.483299,1,0,1,0,0,0,0,0.000324,0.006261,0,0.092551
754718787237281792,Terror_Alarm,0,0,0,0,130250,0,1,2995.591169,2,0,2,0,0,0,0,0.000327,0.002937,0,0.065704
754996830774161408,NavidFarda,0,0,0,0,10129,0,1,2994.823912,3,0,3,0,0,0,0,0.000324,0.025234,0,0.130005
755076367558074370,vahid_y1,0,0,0,0,5779,0,1,2994.604433,1,0,1,0,0,0,0,0.000323,0.020879,0,0.130057
756576901481783296,NeginNiknaam0,0,0,0,0,6446,0,1,2990.46375,4,0,4,0,0,0,0,0.000325,0.047578,0,0.271318
758155303238176772,MOSSADil,0,0,0,0,462249,0,1,2986.108194,4,0,4,0,0,0,0,0.000327,0.031506,0,0.144301
758182858716348416,salimklnr,0,0,0,0,14419,0,1,2986.032153,1,0,1,0,0,0,0,0.000325,0.001228,0,0.057333
759797500802920448,fuckedupchill,0,0,0,0,472,0,1,2981.576586,2,0,2,0,0,0,0,0.000326,0.008376,0,0.060269
760474628682838016,EhsanTmusique,0,0,0,0,252,0,1,2979.708067,1,0,1,0,0,0,0,0.000324,0.002165,0,0.157572
760618514797436928,CassandaneIran,0,0,0,0,12302,0,1,2979.311019,2,0,2,0,0,0,0,0.000324,0.006115,0,0.089666
765628985187397632,kingof0011,0,0,0,0,35774,0,1,2965.484757,2,0,2,0,0,0,0,0.000344,0.007215,0,0.005873
766564329122594816,HHeLLFireeeeee,0,0,0,0,10420,0,1,2962.903704,4,0,4,0,0,0,0,0.000329,0.008067,0,0.419058
768018830014685184,joker_yaghi67,0,0,0,0,2172,0,1,2958.890046,1,0,1,0,0,0,0,0.000323,0.013741,0,0.040338
769194300991234048,Fereshtetabani1,0,0,0,0,9562,0,1,2955.646354,2,0,2,0,0,0,0,0.000324,0.027576,0,0.138428
770969457682329600,deafowl,0,0,0,0,17010,0,1,2950.747859,4,0,4,0,0,0,0,0.000334,0.013629,0,0.100974
772457957829316608,ForadiMohammad,0,0,0,0,9686,0,1,2946.640382,1,0,1,0,0,0,0,0.000323,0.004345,0,0.08673
773040422990049280,CFWIJ,0,0,0,0,22828,0,1,2945.033079,1,0,1,0,0,0,0,0.000323,0.020879,0,0.130057
773230604133564416,FaranakAzad1,0,0,0,0,26558,0,1,2944.508287,1,0,1,0,0,0,0,0.000323,0.004345,0,0.08673
774174489458331649,TheMossadIL,0,0,0,0,662969,0,1,2941.903657,6,0,6,0,0,0,0,0.000332,0.035713,0,0.36925
775067343349288960,IranImmortals,0,0,0,0,7683,0,1,2939.43985,2,0,2,0,0,0,0,0.000326,0.004613,0,0.209589
775333387909431296,PIR00Z,0,0,0,0,1970,0,1,2938.705706,1,0,1,0,0,0,0,0.000323,0.006697,0,0.008371
777159380294782976,iFightForKids,0,0,0,0,385790,0,1,2933.666933,1,0,1,0,0,0,0,0.000323,0.007148,0,0.002936
785463520070606848,Elyas_Cile,0,0,0,0,40863,0,1,2910.751863,1,0,1,0,0,0,0,0.000323,0.020879,0,0.130057
785860478069342209,soheili84,0,0,0,0,11906,0,1,2909.65647,3,0,3,0,0,0,0,0.000325,0.014398,0,0.290884
788782854025207813,LollllllaJR,0,0,0,0,17774,0,1,2901.592245,1,0,1,0,0,0,0,0.000323,0.007148,0,0.002936
792177705831858176,MikeCrispi,0,0,0,0,35700,0,1,2892.224248,1,0,1,0,0,0,0,0.000323,0.007148,0,0.002936
793590097425887233,claire_jungman,0,0,0,0,2455,0,1,2888.326782,1,0,1,0,0,0,0,0.000323,0.020879,0,0.130057
794530811970195457,57hostage,0,0,0,0,1123,0,1,2885.730903,1,0,1,0,0,0,0,0.000323,0.013741,0,0.040338
795252888201203712,bamdad2016irani,0,0,0,0,18653,0,1,2883.738356,1,0,1,0,0,0,0,0.000323,0.013741,0,0.040338
797159363811147776,tanhayektiger,0,0,0,0,19279,0,1,2878.477488,5,0,5,0,0,0,0,0.000329,0.015697,0,0.373033
797201048490430465,RepTenney,0,0,0,0,44093,0,1,2878.362454,1,0,1,0,0,0,0,0.000323,0.020879,0,0.130057
797894729946038276,ada_mash,0,0,0,0,1687,0,1,2876.448264,1,0,1,0,0,0,0,0.000324,0.002165,0,0.157572
799352435034771456,aband0kht000,0,0,0,0,3904,0,1,2872.425764,1,0,1,0,0,0,0,0.000323,0.004345,0,0.08673
799374709053915136,lutrking,0,0,0,0,5840,0,1,2872.364294,2,0,2,0,0,0,0,0.000324,0.020889,0,0.043274
800044839131811840,MohaIzadi,0,0,0,0,13781,0,1,2870.515093,1,0,1,0,0,0,0,0.000323,0.007148,0,0.002936
801203059359678464,DrEliDavid,0,0,0,0,680740,0,1,2867.319016,5,0,5,0,0,0,0,0.00033,0.032141,0,0.182504
802011472964546560,dscampaign1,0,0,0,0,8873,0,1,2865.088218,1,0,1,0,0,0,0,0.000323,0.006697,0,0.008371
802994025695510529,navidmanam,0,0,0,0,57004,0,1,2862.376887,1,0,1,0,0,0,0,0.000325,0.001709,0,0.008371
803104613629104128,MShakiba0,0,0,0,0,3213,0,1,2862.071725,1,0,1,0,0,0,0,0.000324,0.002165,0,0.157572
804249337672908800,Israel_katz,0,0,0,0,152369,0,1,2858.912882,1,0,1,0,0,0,0,0.000324,0.00177,0,0.002936
806244423961104388,kalbalouchi,0,0,0,0,51875,0,1,2853.4075,4,0,4,0,0,0,0,0.000327,0.042995,0,0.230664
807182914651877381,HSheibanyrad,0,0,0,0,6716,0,1,2850.817755,2,0,2,0,0,0,0,0.000325,0.00507,0,0.35879
808471274255220737,kouresh_kabir,0,0,0,0,5834,0,1,2847.262558,1,0,1,0,0,0,0,0.000323,0.004345,0,0.08673
809557260145807360,shortfairy809,0,0,0,0,11280,0,1,2844.26581,2,0,2,0,0,0,0,0.00033,0.002508,0,0.277507
812299621527588864,allfatherrrrr,0,0,0,0,14049,0,1,2836.698333,1,0,1,0,0,0,0,0.000323,0.004345,0,0.08673
813404671079514112,moradyw,0,0,0,0,3099,0,1,2833.648981,1,0,1,0,0,0,0,0.000323,0.020879,0,0.130057
814103950404239360,RepBrianMast,0,0,0,0,123026,0,1,2831.71934,1,0,1,0,0,0,0,0.000325,0.001709,0,0.008371
814530850868043777,RayTorabi8,0,0,0,0,6114,0,1,2830.541319,1,0,1,0,0,0,0,0.000323,0.020879,0,0.130057
814864263189843968,patrick_jane77,0,0,0,0,233630,0,1,2829.621273,3,0,3,0,0,0,0,0.000326,0.011762,0,0.212525
815188996297003008,gh0lch0magh,0,0,0,0,66400,0,1,2828.725174,7,0,7,0,0,0,0,0.000332,0.036111,0,0.44556
815193696152985601,_connectedroots,0,0,0,0,18316,0,1,2828.712211,1,0,1,0,0,0,0,0.000323,0.006697,0,0.008371
815832079233478656,Amir60118403,0,0,0,0,6941,0,1,2826.950613,1,0,1,0,0,0,0,0.000323,0.013741,0,0.040338
816504369629822976,mansourinanloo,0,0,0,0,31101,0,1,2825.09544,1,0,1,0,0,0,0,0.000323,0.007148,0,0.002936
817735020043505667,GeneralAtabak,0,0,0,0,3426,0,1,2821.699491,2,0,2,0,0,0,0,0.000323,0.03462,0,0.170395
818212054804926466,InfoMansour,0,0,0,0,12430,0,1,2820.383125,1,0,1,0,0,0,0,0.000323,0.013741,0,0.040338
818837224003289088,EP_President,0,0,0,0,435740,0,1,2818.657986,1,0,1,0,0,0,0,0.000323,0.020879,0,0.130057
819230361368412160,moh_heidari,0,0,0,0,7101,0,1,2817.573137,1,0,1,0,0,0,0,0.000324,0.002904,0,0.201218
819963533303705601,gaurdianofwater,0,0,0,0,1407,0,1,2815.549965,1,0,1,0,0,0,0,0.000324,0.00177,0,0.002936
821685114186895362,Mohammad_kali,0,0,0,0,14472,0,1,2810.799306,1,0,1,0,0,0,0,0.000344,0.000067,0,0.002936
821995795243270145,sherminnaderi,0,0,0,0,13928,0,1,2809.941991,1,0,1,0,0,0,0,0.000323,0.006697,0,0.008371
822188103360188416,Parinaz_ETSM,0,0,0,0,28519,0,1,2809.411319,2,0,2,0,0,0,0,0.000329,0.007491,0,0.122871
822271080085622784,aydin_areta,0,0,0,0,710,0,1,2809.18235,1,0,1,0,0,0,0,0.000323,0.020879,0,0.130057
822347309979672577,bluecrow111,0,0,0,0,4940,0,1,2808.972002,1,0,1,0,0,0,0,0.000323,0.006697,0,0.008371
822392395555708928,Atefeh0__,0,0,0,0,317,0,1,2808.847581,1,0,1,0,0,0,0,0.000323,0.006697,0,0.008371
822523445275717633,MrsEllieh,0,0,0,0,721,0,1,2808.485961,1,0,1,0,0,0,0,0.000323,0.020879,0,0.130057
822897904968986624,janana653,0,0,0,0,33267,0,1,2807.452639,1,0,1,0,0,0,0,0.000324,0.002904,0,0.201218
824030456333135876,rezaraul7,0,0,0,0,1418,0,1,2804.327396,1,0,1,0,0,0,0,0.000323,0.013741,0,0.040338
824916487647404034,MehdiHajati,0,0,0,0,99225,0,1,2801.882419,1,0,1,0,0,0,0,0.000324,0.002904,0,0.201218
824933986560573441,yoavgallant,0,0,0,0,133805,0,1,2801.834132,1,0,1,0,0,0,0,0.000324,0.00177,0,0.002936
825629504072617984,Edd_persian,0,0,0,0,981,0,1,2799.914861,1,0,1,0,0,0,0,0.000323,0.020879,0,0.130057
826088887604899844,amirsld,0,0,0,0,745,0,1,2798.647211,1,0,1,0,0,0,0,0.000323,0.013741,0,0.040338
826551747971805186,IrTimes,0,0,0,0,5948,0,1,2797.369954,1,0,1,0,0,0,0,0.000323,0.013741,0,0.040338
828566340365643776,HNeumannMEP,0,0,0,0,54201,0,1,2791.810741,2,0,2,0,0,0,0,0.000324,0.02714,0,0.222609
829018916190035968,thewayoulookt,0,0,0,0,1450,0,1,2790.561875,1,0,1,0,0,0,0,0.000323,0.013741,0,0.040338
829627156976242689,Mima_kapa,0,0,0,0,2206,0,1,2788.883449,2,0,2,0,0,0,0,0.000324,0.020002,0,0.132889
829733919499100160,0DZiSITpiiNtEKe,0,0,0,0,4275,0,1,2788.588843,1,0,1,0,0,0,0,0.000323,0.004345,0,0.08673
829772284550328324,Farid84150783,0,0,0,0,3973,0,1,2788.482975,1,0,1,0,0,0,0,0.000323,0.004345,0,0.08673
829813524037779457,ferox_mehri,0,0,0,0,962,0,1,2788.369167,1,0,1,0,0,0,0,0.000323,0.013741,0,0.040338
830055191395201024,sohrabkarimi5,0,0,0,0,2213,0,1,2787.702292,1,0,1,0,0,0,0,0.000323,0.013741,0,0.040338
830726294077792260,tired_phantom,0,0,0,0,54173,0,1,2785.850405,1,0,1,0,0,0,0,0.000323,0.007148,0,0.002936
831525989616332801,KFravahar,0,0,0,0,33882,0,1,2783.643669,1,0,1,0,0,0,0,0.000329,0.000343,0,0.119935
836037739397033984,SamieSkyee,0,0,0,0,1359,0,1,2771.193611,1,0,1,0,0,0,0,0.000323,0.020879,0,0.130057
837738968523341825,BaniTaherian,0,0,0,0,11725,0,1,2766.499109,2,0,2,0,0,0,0,0.000324,0.027576,0,0.138428
838643211736211456,Sari_pishik,0,0,0,0,16785,0,1,2764.003877,3,0,3,0,0,0,0,0.000324,0.027586,0,0.051645
839104090621759488,ADariush2536,0,0,0,0,2209,0,1,2762.732095,1,0,1,0,0,0,0,0.000323,0.013741,0,0.040338
840814070160842753,sina_mim,0,0,0,0,88458,0,1,2758.013449,1,0,1,0,0,0,0,0.000323,0.013741,0,0.040338
842078884950601728,nmi2nm,0,0,0,0,4630,0,1,2754.523218,1,0,1,0,0,0,0,0.000323,0.013741,0,0.040338
843659641473064961,Gavaznab,0,0,0,0,3056,0,1,2750.161169,1,0,1,0,0,0,0,0.000323,0.013741,0,0.040338
845376539315204096,TheHarrisSultan,0,0,0,0,102889,0,1,2745.423426,2,0,2,0,0,0,0,0.000323,0.028027,0,0.132994
845414205654286336,mondajune,0,0,0,0,1010,0,1,2745.319491,1,0,1,0,0,0,0,0.000323,0.020879,0,0.130057
846046192370880512,Davood_Souri,0,0,0,0,23027,0,1,2743.575544,1,0,1,0,0,0,0,0.000323,0.006697,0,0.008371
847301196465414145,emilyshar1,0,0,0,0,13318,0,1,2740.112384,3,0,3,0,0,0,0,0.000327,0.029182,0,0.289985
847723061583372288,aban_khoonin,0,0,0,0,8931,0,1,2738.948264,1,0,1,0,0,0,0,0.000323,0.020879,0,0.130057
848620374153715717,namira713,0,0,0,0,5015,0,1,2736.472153,3,0,3,0,0,0,0,0.000324,0.040881,0,0.262947
849025028519809025,aliabyane,0,0,0,0,2298,0,1,2735.355521,1,0,1,0,0,0,0,0.000323,0.007148,0,0.002936
849543493970259968,mahshid_nazemi,0,0,0,0,645,0,1,2733.924826,2,0,2,0,0,0,0,0.000324,0.027576,0,0.138428
849819334293803013,inavidoo,0,0,0,0,1461,0,1,2733.163646,1,0,1,0,0,0,0,0.000323,0.004345,0,0.08673
851214088793448450,homelandnation,0,0,0,0,7264,0,1,2729.314861,2,0,2,0,0,0,0,0.000324,0.011493,0,0.089666
851750146001993728,ChattanoogaRes1,0,0,0,0,4986,0,1,2727.835625,1,0,1,0,0,0,0,0.000323,0.007148,0,0.002936
853237472150659072,pir_e_khereft,0,0,0,0,1176,0,1,2723.731389,1,0,1,0,0,0,0,0.000325,0.001709,0,0.008371
855300206086168576,HumansNoContext,0,0,0,0,5474927,0,1,2718.039329,1,0,1,0,0,0,0,0.000323,0.007148,0,0.002936
855481986290524160,historyinmemes,0,0,0,0,5417217,0,1,2717.537708,2,0,2,0,0,0,0,0.000325,0.008857,0,0.011307
856093944622358528,abbbas1035,0,0,0,0,9333,0,1,2715.849028,1,0,1,0,0,0,0,0.000323,0.013741,0,0.040338
857988025191682048,esmailifarshad,0,0,0,0,8644,0,1,2710.622361,1,0,1,0,0,0,0,0.000323,0.006697,0,0.008371
858410836796338177,aferat74,0,0,0,0,751,0,1,2709.455625,2,0,2,0,0,0,0,0.000325,0.009314,0,0.160508
858459815177318404,goushehneshin,0,0,0,0,1487,0,1,2709.320463,1,0,1,0,0,0,0,0.000323,0.013741,0,0.040338
859052578969182210,RAMINKANTAL,0,0,0,0,9293,0,1,2707.684745,2,0,2,0,0,0,0,0.000323,0.03462,0,0.170395
862372323562848263,DarGoldan2,0,0,0,0,4994,0,1,2698.524005,1,0,1,0,0,0,0,0.000324,0.002165,0,0.157572
864099594841489409,vahshate_shomam,0,0,0,0,2243,0,1,2693.757639,1,0,1,0,0,0,0,0.000323,0.020879,0,0.130057
864438647076081669,HawarHelp,0,0,0,0,5563,0,1,2692.822037,1,0,1,0,0,0,0,0.000323,0.006697,0,0.008371
866023004450566145,SEpidar151,0,0,0,0,5316,0,1,2688.450046,1,0,1,0,0,0,0,0.000323,0.013741,0,0.040338
866352530321801216,Erfan_khosravi,0,0,0,0,25413,0,1,2687.540718,1,0,1,0,0,0,0,0.000323,0.006697,0,0.008371
867126568451280896,HengawO,0,0,0,0,54394,0,1,2685.40478,5,0,5,0,0,0,0,0.000348,0.042169,0,0.297905
867126692321656832,Mohammad64karim,0,0,0,0,3295,0,1,2685.404444,1,0,1,0,0,0,0,0.000323,0.006697,0,0.008371
867400983340568576,JamaatMohamad,0,0,0,0,1816,0,1,2684.647546,1,0,1,0,0,0,0,0.000323,0.020879,0,0.130057
868099066516975617,cinemaa_1,0,0,0,0,13794,0,1,2682.721204,1,0,1,0,0,0,0,0.000323,0.006697,0,0.008371
868108839987630080,mehdifily,0,0,0,0,6651,0,1,2682.694236,1,0,1,0,0,0,0,0.000323,0.006697,0,0.008371
868231463061377029,powerpeople_,0,0,0,0,27899,0,1,2682.355856,1,0,1,0,0,0,0,0.000323,0.007148,0,0.002936
868904778042134528,yarrahimehdi,0,0,0,0,260795,0,1,2680.497859,5,0,5,0,0,0,0,0.000329,0.049619,0,0.338695
869987821649625088,shahinmilani81,0,0,0,0,23501,0,1,2677.509225,2,0,2,0,0,0,0,0.000324,0.027576,0,0.138428
872000721893371904,NR2OH,0,0,0,0,23918,0,1,2671.954688,7,0,7,0,0,0,0,0.000328,0.059796,0,0.633044
872397577009934336,SoudabehQaisari,0,0,0,0,16042,0,1,2670.859572,1,0,1,0,0,0,0,0.000323,0.006697,0,0.008371
872447296499314689,farhad_mottaghi,0,0,0,0,8493,0,1,2670.722373,3,0,3,0,0,0,0,0.000324,0.027586,0,0.051645
872506553911390208,Bahar_e_Azadi,0,0,0,0,15463,0,1,2670.558854,2,0,2,0,0,0,0,0.000323,0.03462,0,0.170395
872762088632004612,Amir0x01,0,0,0,0,2565,0,1,2669.853715,1,0,1,0,0,0,0,0.000323,0.006697,0,0.008371
873302941020688384,Sadafbanooo,0,0,0,0,95021,0,1,2668.361238,3,0,3,0,0,0,0,0.000326,0.011767,0,0.367161
874330245037527040,VidaSarafraz,830,11750,137,93,62329,1696557,17.375645,2665.526424,4,46,50,4,0.374854,0.404762,0.000073,0.000325,0.00902,0.012043,0.410819
874629444224376833,elicalebon,0,0,0,0,111151,0,1,2664.700787,1,0,1,0,0,0,0,0.000323,0.020879,0,0.130057
874896844878381057,pesarejavoon,0,0,0,0,1469,0,1,2663.962905,1,0,1,0,0,0,0,0.000323,0.013741,0,0.040338
875599848761737216,ArezooAlizolfi,0,0,0,0,17491,0,1,2662.022986,2,0,2,0,0,0,0,0.000324,0.011493,0,0.089666
875742452270989312,AstroJaws,0,0,0,0,39391,0,1,2661.629479,2,0,2,0,0,0,0,0.000323,0.028027,0,0.132994
876750583037927429,Mojtabapacino,0,0,0,0,63101,0,1,2658.847558,9,0,9,0,0,0,0,0.000343,0.061105,0,0.528893
876819899406053376,mahdy_asady,0,0,0,0,882,0,1,2658.656285,1,0,1,0,0,0,0,0.000323,0.007148,0,0.002936
876852749765181445,khaabgardaan,0,0,0,0,766,0,1,2658.565637,1,0,1,0,0,0,0,0.000323,0.006697,0,0.008371
876905949872750593,ShahryarShefigh,0,0,0,0,3241,0,1,2658.418831,1,0,1,0,0,0,0,0.000324,0.00177,0,0.002936
877618173280911360,reza_shafakhah,0,0,0,0,8238,0,1,2656.453472,1,0,1,0,0,0,0,0.000323,0.020879,0,0.130057
877998693202485250,yaaKar1m,0,0,0,0,1646,0,1,2655.403438,1,0,1,0,0,0,0,0.000326,0.000635,0,0.038203
878301870468608000,SavaSavadkoohi,0,0,0,0,7680,0,1,2654.566829,4,0,4,0,0,0,0,0.000325,0.041869,0,0.458343
878310899756433408,nakcama,0,0,0,0,13697,0,1,2654.54191,1,0,1,0,0,0,0,0.000323,0.013741,0,0.040338
878420453509001216,StupidJalal,0,0,0,0,3818,0,1,2654.239595,1,0,1,0,0,0,0,0.000323,0.007148,0,0.002936
878896900937789440,AntiProp_aganda,0,0,0,0,45959,0,1,2652.92485,2,0,2,0,0,0,0,0.000326,0.003479,0,0.011307
879022777730293762,MahmoudZibaie,0,0,0,0,8847,0,1,2652.5775,2,0,2,0,0,0,0,0.000324,0.010053,0,0.204154
879209721902891010,SirousNikan,0,0,0,0,2587,0,1,2652.061632,1,0,1,0,0,0,0,0.000323,0.013741,0,0.040338
880801993039761408,M_Rad43,0,0,0,0,2901,0,1,2647.667801,1,0,1,0,0,0,0,0.000323,0.004345,0,0.08673
881098225092087808,Miss___monaliza,0,0,0,0,8349,0,1,2646.850359,2,0,2,0,0,0,0,0.000325,0.009314,0,0.160508
881242741166022659,hubble098,0,0,0,0,2658,0,1,2646.451574,1,0,1,0,0,0,0,0.000325,0.001709,0,0.008371
883008422089826304,zanzanza6789,0,0,0,0,544,0,1,2641.579213,2,0,2,0,0,0,0,0.000323,0.03462,0,0.170395
884148547267985412,saeedpaydarfard,0,0,0,0,5853,0,1,2638.433067,1,0,1,0,0,0,0,0.000323,0.006697,0,0.008371
884525585501966336,NilofarAyoubi,0,0,0,0,68045,0,1,2637.392639,1,0,1,0,0,0,0,0.000323,0.020879,0,0.130057
886197630753280000,TatiTatikon,0,0,0,0,1066,0,1,2632.778681,1,0,1,0,0,0,0,0.000326,0.000635,0,0.038203
886279755305234434,h4nni64l,0,0,0,0,1706,0,1,2632.55206,1,0,1,0,0,0,0,0.000323,0.007148,0,0.002936
888120721783742467,ayatsubzero,0,0,0,0,37692,0,1,2627.471956,2,0,2,0,0,0,0,0.000325,0.008467,0,0.011307
888966422893928449,FAli1969,0,0,0,0,22225,0,1,2625.138264,1,0,1,0,0,0,0,0.000323,0.004345,0,0.08673
890061634181373952,CollinRugg,0,0,0,0,1499838,0,1,2622.116065,1,0,1,0,0,0,0,0.000325,0.001709,0,0.008371
890881362491736065,sorcererseducer,0,0,0,0,997,0,1,2619.854039,1,0,1,0,0,0,0,0.000331,0.000426,0,0.002936
891346400386134016,a8n3s,0,0,0,0,83180,0,1,2618.570775,1,0,1,0,0,0,0,0.000323,0.006697,0,0.008371
892203732657504257,Alithegeek,0,0,0,0,1386,0,1,2616.204988,1,0,1,0,0,0,0,0.000326,0.000635,0,0.038203
892356724442636288,cristoball1111,0,0,0,0,8011,0,1,2615.782813,1,0,1,0,0,0,0,0.000344,0.000067,0,0.002936
893443960793952260,ImNotMarsh,0,0,0,0,2807,0,1,2612.782616,1,0,1,0,0,0,0,0.000323,0.013741,0,0.040338
893757772025798656,YaarDabestaani,1078,5451,612,319,87322,3420237,17.562345,2611.916667,7,177,184,4,0.409149,0.486974,0.000266,0.000331,0.019104,0.076007,0.517096
894177293710610434,AliAlimartin893,0,0,0,0,7148,0,1,2610.759005,1,0,1,0,0,0,0,0.000323,0.004345,0,0.08673
895538480192868352,Soheil_alamiri,0,0,0,0,11415,0,1,2607.002847,1,0,1,0,0,0,0,0.000331,0.000426,0,0.002936
896665728463638528,Me_Hamed_Myself,0,0,0,0,27180,0,1,2603.892234,4,0,4,0,0,0,0,0.000326,0.016563,0,0.448456
898098068079468544,pumpdwight,0,0,0,0,752,0,1,2599.939722,1,0,1,0,0,0,0,0.000324,0.00177,0,0.002936
900995846673649665,KhosroIsfahani,0,0,0,0,9651,0,1,2591.94338,1,0,1,0,0,0,0,0.000323,0.020879,0,0.130057
901410954071748608,Sooresrafill,0,0,0,0,15387,0,1,2590.797905,1,0,1,0,0,0,0,0.000324,0.006261,0,0.092551
903154908039348224,iwasshiin,0,0,0,0,0,0,1,2585.985509,1,0,1,0,0,0,0,0.000325,0.001709,0,0.008371
904044099040403457,smaeel_azari,0,0,0,0,59766,0,1,2583.531806,1,0,1,0,0,0,0,0.000323,0.006697,0,0.008371
905153715245637634,S_Bahraminejad,0,0,0,0,64130,0,1,2580.46985,1,0,1,0,0,0,0,0.000324,0.002165,0,0.157572
905359031694491648,persephone7597,0,0,0,0,13522,0,1,2579.903287,1,0,1,0,0,0,0,0.000323,0.006697,0,0.008371
905563470707515394,Global_Mil_Info,0,0,0,0,328063,0,1,2579.339144,1,0,1,0,0,0,0,0.000323,0.020879,0,0.130057
905710939575595008,moohammadmajidi,0,0,0,0,831,0,1,2578.932199,1,0,1,0,0,0,0,0.000344,0.000067,0,0.002936
905916780119547904,shokrani_maryam,0,0,0,0,50405,0,1,2578.36419,2,0,2,0,0,0,0,0.000324,0.012958,0,0.100922
906578736467779584,mlhobbyist,0,0,0,0,26910,0,1,2576.537535,1,0,1,0,0,0,0,0.000323,0.020879,0,0.130057
907606627880198145,1hundredf,0,0,0,0,1966,0,1,2573.7011,2,0,2,0,0,0,0,0.000324,0.020437,0,0.048709
908580919132459008,cryptosamz,1269,1849,623,61,56421,914382,14.187104,2571.012569,6,122,128,5,0.299416,0.366707,0.00033,0.000326,0.054726,0.094211,0.401247
908765636108709888,theedrisishouse,0,0,0,0,842,0,1,2570.502847,1,0,1,0,0,0,0,0.000323,0.006697,0,0.008371
909065211059036160,nainraq,0,0,0,0,585,0,1,2569.676181,1,0,1,0,0,0,0,0.000326,0.000635,0,0.038203
910018914213662721,Alinanvayi,0,0,0,0,10457,0,1,2567.044456,1,0,1,0,0,0,0,0.000323,0.006697,0,0.008371
911309327276929024,alilaaaas,0,0,0,0,0,0,1,2563.4836,1,0,1,0,0,0,0,0.000323,0.013741,0,0.040338
911550247133999104,ordii26,0,0,0,0,1741,0,1,2562.818785,1,0,1,0,0,0,0,0.000323,0.013741,0,0.040338
911978250813009921,dariush_omran,0,0,0,0,6236,0,1,2561.63772,1,0,1,0,0,0,0,0.000324,0.002165,0,0.157572
915384490796748800,NiohBerg,0,0,0,0,132457,0,1,2552.238287,7,0,7,0,0,0,0,0.000331,0.049835,0,0.59239
915874542245081088,old_man1990,0,0,0,0,736,0,1,2550.886007,1,0,1,0,0,0,0,0.000323,0.013741,0,0.040338
918198302742630401,shahrad55,0,0,0,0,2414,0,1,2544.473646,1,0,1,0,0,0,0,0.000324,0.006261,0,0.092551
919725913469747200,ArianArian00,0,0,0,0,4644,0,1,2540.258241,6,0,6,0,0,0,0,0.000328,0.05741,0,0.401247
920307525643272193,sunnyshinelinee,0,0,0,0,3957,0,1,2538.653299,1,0,1,0,0,0,0,0.000323,0.013741,0,0.040338
920590762294816769,M0rtezaaaa,0,0,0,0,5358,0,1,2537.871713,2,0,2,0,0,0,0,0.000324,0.006115,0,0.089666
921487619342692352,iambnavi,0,0,0,0,5607,0,1,2535.396863,1,0,1,0,0,0,0,0.000323,0.007148,0,0.002936
921793308715823105,Abtin_Pishdadi,0,0,0,0,1557,0,1,2534.553322,1,0,1,0,0,0,0,0.000323,0.006697,0,0.008371
925299893681491968,AmirwWeissbrod,0,0,0,0,1665,0,1,2524.876991,1,0,1,0,0,0,0,0.000323,0.020879,0,0.130057
926031038371061760,TheDrIman,0,0,0,0,90051,0,1,2522.85941,1,0,1,0,0,0,0,0.000323,0.020879,0,0.130057
927309656787124225,ApostateProphet,0,0,0,0,119901,0,1,2519.3311,1,0,1,0,0,0,0,0.000324,0.00177,0,0.002936
927513257946083329,ImtiazMadmood,0,0,0,0,301598,0,1,2518.769271,4,0,4,0,0,0,0,0.000327,0.031506,0,0.144301
928585225566699520,khanoom_tameshk,0,0,0,0,501,0,1,2515.811204,1,0,1,0,0,0,0,0.000324,0.002165,0,0.157572
928712499804827648,saman_sarraf,0,0,0,0,7700,0,1,2515.459988,3,0,3,0,0,0,0,0.000331,0.006397,0,0.215036
930405992776511488,iguana_yeka,0,0,0,0,1337,0,1,2510.78684,1,0,1,0,0,0,0,0.000323,0.013741,0,0.040338
932815016549539840,thegeev_,0,0,0,0,0,0,1,2504.139201,1,0,1,0,0,0,0,0.000323,0.013741,0,0.040338
935701736051920896,HeKasrehCrisis,0,0,0,0,40534,0,1,2496.173368,2,0,2,0,0,0,0,0.000324,0.009601,0,0.209589
936411354214178816,GladiatorOfShah,0,0,0,0,750,0,1,2494.215197,1,0,1,0,0,0,0,0.000323,0.004345,0,0.08673
936731383845834752,HVerkiany,0,0,0,0,4537,0,1,2493.332083,1,0,1,0,0,0,0,0.000324,0.006261,0,0.092551
938050231454793728,sazanist40,0,0,0,0,5327,0,1,2489.692755,2,0,2,0,0,0,0,0.000323,0.03462,0,0.170395
940847601921986562,hafezeh_tarikhi,0,0,0,0,235872,0,1,2481.973484,2,0,2,0,0,0,0,0.000325,0.008467,0,0.011307
943300780383141888,JustinHaubrich,0,0,0,0,6294,0,1,2475.204005,1,0,1,0,0,0,0,0.000323,0.007148,0,0.002936
943502519992573952,Sima_Sabet,0,0,0,0,770089,0,1,2474.647315,5,0,5,0,0,0,0,0.000327,0.050262,0,0.398311
944260145244143617,L_khov,0,0,0,0,10834,0,1,2472.556667,1,0,1,0,0,0,0,0.000323,0.013741,0,0.040338
945669101237751808,Khalifaevaz,0,0,0,0,11164,0,1,2468.668681,1,0,1,0,0,0,0,0.000323,0.006697,0,0.008371
945886639603310592,alikarimi_ak8,0,0,0,0,2019883,0,1,2468.068391,10,0,10,0,0,0,0,0.000392,0.027945,0,1
945912853197864960,YaldaRod,0,0,0,0,10644,0,1,2467.996053,1,0,1,0,0,0,0,0.000323,0.004345,0,0.08673
945923613420544000,samrajabii,0,0,0,0,96619,0,1,2467.966366,3,0,3,0,0,0,0,0.000324,0.041768,0,0.173332
946107449890820096,irani_engineer,0,0,0,0,4845,0,1,2467.459074,1,0,1,0,0,0,0,0.000323,0.013741,0,0.040338
946806590249848842,iranovsky,0,0,0,0,4581,0,1,2465.529815,5,0,5,0,0,0,0,0.000328,0.017877,0,0.302191
946961836003401734,HastiGh4,0,0,0,0,4898,0,1,2465.101412,1,0,1,0,0,0,0,0.000323,0.004345,0,0.08673
947066796342956032,alirezay2k,0,0,0,0,1446,0,1,2464.811782,1,0,1,0,0,0,0,0.000323,0.004345,0,0.08673
947099292182990848,GMMMM32,0,0,0,0,3417,0,1,2464.722106,1,0,1,0,0,0,0,0.000323,0.020879,0,0.130057
947107471985926145,Ansari_Bahman,0,0,0,0,52552,0,1,2464.699537,2,0,2,0,0,0,0,0.000325,0.00507,0,0.35879
947242675350228992,AliHamid27,0,0,0,0,28736,0,1,2464.326447,2,0,2,0,0,0,0,0.000326,0.004613,0,0.209589
947313892883140608,anosh3322,0,0,0,0,944,0,1,2464.129919,1,0,1,0,0,0,0,0.000323,0.013741,0,0.040338
947322816990298112,Hila1363,0,0,0,0,9016,0,1,2464.105301,1,0,1,0,0,0,0,0.000323,0.004345,0,0.08673
947626817493585920,marjan_raad,0,0,0,0,13422,0,1,2463.266412,1,0,1,0,0,0,0,0.000323,0.004345,0,0.08673
947728476135501825,FreedomBecon,0,0,0,0,4874,0,1,2462.985891,1,0,1,0,0,0,0,0.000323,0.013741,0,0.040338
947914487692234752,Baharak_Irani,0,0,0,0,12709,0,1,2462.472593,3,0,3,0,0,0,0,0.000325,0.01601,0,0.168879
947924373029171200,AlinejadMasih,0,0,0,0,742912,0,1,2462.445324,6,0,6,0,0,0,0,0.000329,0.056768,0,0.341631
947931989587439616,DanielBordmanOG,0,0,0,0,57006,0,1,2462.424306,2,0,2,0,0,0,0,0.000326,0.022106,0,0.18739
947985297287122945,MizrahiJew,0,0,0,0,4198,0,1,2462.277199,1,0,1,0,0,0,0,0.000323,0.013741,0,0.040338
948910895136149504,shahintahmaseb,0,0,0,0,12115,0,1,2459.723032,2,0,2,0,0,0,0,0.000324,0.010053,0,0.204154
948968653374017537,Unforgiven1371,0,0,0,0,1535,0,1,2459.563657,3,0,3,0,0,0,0,0.000324,0.040881,0,0.262947
949022730065797120,TheRitalin,0,0,0,0,766,0,1,2459.414433,1,0,1,0,0,0,0,0.000323,0.006697,0,0.008371
949072114916777985,arash_joudaki,0,0,0,0,16756,0,1,2459.278148,1,0,1,0,0,0,0,0.000323,0.020879,0,0.130057
949680157857632258,MahmoudiSasan,0,0,0,0,703,0,1,2457.600278,1,0,1,0,0,0,0,0.000326,0.002042,0,0.067377
949756970109517824,mohsen671168,0,0,0,0,644,0,1,2457.38831,1,0,1,0,0,0,0,0.000323,0.004345,0,0.08673
949759277224419328,AmandaMary369,0,0,0,0,1048,0,1,2457.381944,1,0,1,0,0,0,0,0.000323,0.004345,0,0.08673
950080458439774208,Irandoxt,0,0,0,0,1813,0,1,2456.49566,2,0,2,0,0,0,0,0.000324,0.020437,0,0.048709
950267536003747840,AsgharSepehri,0,0,0,0,37944,0,1,2455.979421,5,0,5,0,0,0,0,0.000328,0.034806,0,0.500154
950657206399176704,PesareIRANN,0,0,0,0,1313,0,1,2454.904132,1,0,1,0,0,0,0,0.000324,0.002165,0,0.157572
950766802329518080,bohlooledivane,0,0,0,0,5376,0,1,2454.601713,3,0,3,0,0,0,0,0.000325,0.014398,0,0.290884
951222365878353922,NickBuckleyMBE,0,0,0,0,37740,0,1,2453.344595,1,0,1,0,0,0,0,0.000323,0.020879,0,0.130057
951741779581329408,Secolaic,0,0,0,0,10552,0,1,2451.911285,2,0,2,0,0,0,0,0.000324,0.00725,0,0.287948
952978023372017664,Azadlavasani,0,0,0,0,3450,0,1,2448.499896,4,0,4,0,0,0,0,0.000327,0.028378,0,0.193158
953191984432336896,DR_KEVIN00,0,0,0,0,2454,0,1,2447.909479,1,0,1,0,0,0,0,0.000323,0.013741,0,0.040338
953537928277487616,SiamakEidin,0,0,0,0,745,0,1,2446.954861,1,0,1,0,0,0,0,0.000323,0.013741,0,0.040338
953623284830146560,rostami2b,0,0,0,0,2365,0,1,2446.719317,1,0,1,0,0,0,0,0.000323,0.007148,0,0.002936
954653399970086913,dehkhodaaa,0,0,0,0,7367,0,1,2443.876748,2,0,2,0,0,0,0,0.000324,0.020437,0,0.048709
956250773708591111,Vaghefiiman,0,0,0,0,7253,0,1,2439.468831,1,0,1,0,0,0,0,0.000323,0.007148,0,0.002936
958274012081217536,afkaarenavid,0,0,0,0,1013,0,1,2433.885752,1,0,1,0,0,0,0,0.000323,0.004345,0,0.08673
959142611025059842,studio_1357,0,0,0,0,2405,0,1,2431.488877,1,0,1,0,0,0,0,0.000323,0.007148,0,0.002936
959891302421815296,hojjat_kalashi,0,0,0,0,49037,0,1,2429.422882,1,0,1,0,0,0,0,0.000324,0.002904,0,0.201218
960279607286132736,itshamedfard,0,0,0,0,28051,0,1,2428.351366,2,0,2,0,0,0,0,0.000325,0.00507,0,0.35879
961645487022657537,AnneEstellaRock,0,0,0,0,17448,0,1,2424.582257,1,0,1,0,0,0,0,0.000323,0.020879,0,0.130057
961742450632069121,mark_d_wallace,0,0,0,0,3008,0,1,2424.314688,4,0,4,0,0,0,0,0.000325,0.048029,0,0.265883
962387325845164032,daneshgary,0,0,0,0,32919,0,1,2422.535174,5,0,5,0,0,0,0,0.000329,0.043027,0,0.301293
963412604952727552,johnsmithofiran,0,0,0,0,6219,0,1,2419.705937,1,0,1,0,0,0,0,0.000323,0.013741,0,0.040338
963777541910577152,Usebashi,0,0,0,0,2386,0,1,2418.698912,1,0,1,0,0,0,0,0.000323,0.013741,0,0.040338
963878358026211330,AhouraaM,0,0,0,0,2305,0,1,2418.420706,2,0,2,0,0,0,0,0.00033,0.002508,0,0.277507
964786948849242112,simin75689455,0,0,0,0,1367,0,1,2415.913472,1,0,1,0,0,0,0,0.000323,0.020879,0,0.130057
965715917413015552,Kamand08853952,0,0,0,0,785,0,1,2413.350012,1,0,1,0,0,0,0,0.000323,0.013741,0,0.040338
967325689472053249,bad6an3,0,0,0,0,8254,0,1,2408.907882,4,0,4,0,0,0,0,0.000327,0.036972,0,0.352538
967709919540596736,Rayan9717,0,0,0,0,32993,0,1,2407.847616,1,0,1,0,0,0,0,0.000325,0.001228,0,0.057333
969677837333606400,StArian_97,0,0,0,0,715,0,1,2402.417199,1,0,1,0,0,0,0,0.000324,0.00177,0,0.002936
973471717937967104,GarbageHuman24,0,0,0,0,255460,0,1,2391.948079,1,0,1,0,0,0,0,0.000326,0.000635,0,0.038203
975494625095028737,zhiyan_shah,0,0,0,0,3830,0,1,2386.365914,3,0,3,0,0,0,0,0.000326,0.008281,0,0.247238
975514363913293824,alinaghi2018,0,0,0,0,3266,0,1,2386.311447,2,0,2,0,0,0,0,0.000325,0.004674,0,0.204154
976966801685925888,chamli69,0,0,0,0,3394,0,1,2382.303484,1,0,1,0,0,0,0,0.000325,0.002684,0,0.126993
978606266040938496,no_itsmyturn,0,0,0,0,132842,0,1,2377.779421,3,0,3,0,0,0,0,0.000327,0.023284,0,0.171197
978996880834158595,BabakShekarabi,0,0,0,0,37083,0,1,2376.701528,1,0,1,0,0,0,0,0.000324,0.002904,0,0.201218
979547029675368449,GadflyPersia,0,0,0,0,22715,0,1,2375.183414,1,0,1,0,0,0,0,0.000325,0.001709,0,0.008371
981149624303054848,sakueedr7,0,0,0,0,473,0,1,2370.761088,1,0,1,0,0,0,0,0.000344,0.000217,0,0.080935
981471236617330688,keyonek1,0,0,0,0,6112,0,1,2369.873611,1,0,1,0,0,0,0,0.000325,0.001228,0,0.057333
981579100669272065,MACSJ1149,0,0,0,0,357,0,1,2369.575961,1,0,1,0,0,0,0,0.000323,0.013741,0,0.040338
982322806275719168,miladb444,0,0,0,0,1454,0,1,2367.523727,1,0,1,0,0,0,0,0.000323,0.013741,0,0.040338
982661856170053633,sina_jahaani,0,0,0,0,12436,0,1,2366.588125,1,0,1,0,0,0,0,0.000323,0.007148,0,0.002936
982872801026760704,georg_patriot,0,0,0,0,3525,0,1,2366.00603,2,0,2,0,0,0,0,0.000325,0.006054,0,0.095101
982979291884474369,Mahan24727630,0,0,0,0,2415,0,1,2365.712176,1,0,1,0,0,0,0,0.000323,0.004345,0,0.08673
984193418694938625,etelaf10,0,0,0,0,33467,0,1,2362.361817,2,0,2,0,0,0,0,0.00033,0.002113,0,0.122871
984701142260215808,sweetwordsvaez,0,0,0,0,2815,0,1,2360.960775,1,0,1,0,0,0,0,0.000324,0.00177,0,0.002936
984887272393904128,_KhodaBiamorz,0,0,0,0,36666,0,1,2360.447153,3,0,3,0,0,0,0,0.000329,0.009041,0,0.054945
984979596343902208,KamHengi,0,0,0,0,353,0,1,2360.192384,1,0,1,0,0,0,0,0.000323,0.020879,0,0.130057
986232040021549056,MarinaMedvin,0,0,0,0,308093,0,1,2356.736296,3,0,3,0,0,0,0,0.000325,0.034288,0,0.225545
986604828066541569,MParsa56716832,0,0,0,0,1450,0,1,2355.707593,3,0,3,0,0,0,0,0.000326,0.025949,0,0.488847
987052008011124742,pouyajegarvnd,0,0,0,0,1384,0,1,2354.473611,1,0,1,0,0,0,0,0.000323,0.013741,0,0.040338
988791808615383041,AdamSmitm2018,0,0,0,0,1131,0,1,2349.672685,1,0,1,0,0,0,0,0.000325,0.001709,0,0.008371
989653387359776773,shimababaeii,0,0,0,0,113073,0,1,2347.295174,3,0,3,0,0,0,0,0.000324,0.034724,0,0.141365
989801651333722112,ZiaNabavi1,0,0,0,0,90608,0,1,2346.886042,1,0,1,0,0,0,0,0.000323,0.006697,0,0.008371
989887176803528704,mahboubeh_mdi,0,0,0,0,8202,0,1,2346.650046,2,0,2,0,0,0,0,0.000325,0.009314,0,0.160508
990479944374505472,M_R_Taheri,0,0,0,0,2382,0,1,2345.014317,1,0,1,0,0,0,0,0.000323,0.006697,0,0.008371
990532165850095617,Maryamshariatm,0,0,0,0,24921,0,1,2344.870208,2,0,2,0,0,0,0,0.000326,0.004613,0,0.209589
991330529659191296,sanshothebailif,0,0,0,0,758,0,1,2342.667141,1,0,1,0,0,0,0,0.000324,0.00177,0,0.002936
991596211437277184,ltermehl,0,0,0,0,4690,0,1,2341.934005,1,0,1,0,0,0,0,0.000323,0.013741,0,0.040338
991646194958000128,fromIranLand,0,0,0,0,2175,0,1,2341.796076,3,0,3,0,0,0,0,0.000326,0.011762,0,0.212525
991910028213972992,k_Mostafavi,0,0,0,0,15686,0,1,2341.068032,2,0,2,0,0,0,0,0.000325,0.00507,0,0.35879
992124138356707328,with_a_pear,0,0,0,0,4516,0,1,2340.477199,1,0,1,0,0,0,0,0.000323,0.013741,0,0.040338
993049181907509249,aghaayekaaf,0,0,0,0,14642,0,1,2337.924572,1,0,1,0,0,0,0,0.000323,0.013741,0,0.040338
993183721460260868,SFaeze_Alavi,0,0,0,0,3332,0,1,2337.55331,1,0,1,0,0,0,0,0.000323,0.004345,0,0.08673
993539066363826176,israelrouydad,0,0,0,0,10697,0,1,2336.572743,3,0,3,0,0,0,0,0.000328,0.010541,0,0.217841
993941740552892416,SnakeDocTop,0,0,0,0,56687,0,1,2335.461574,2,0,2,0,0,0,0,0.000326,0.003479,0,0.011307
994197734684024832,mehdisasver,0,0,0,0,2429,0,1,2334.755162,2,0,2,0,0,0,0,0.000323,0.03462,0,0.170395
994276795192086528,shayan_shahnazi,0,0,0,0,58580,0,1,2334.537002,3,0,3,0,0,0,0,0.000325,0.014398,0,0.290884
994413874681036800,Na_zzz_y,0,0,0,0,1094,0,1,2334.158738,1,0,1,0,0,0,0,0.000323,0.013741,0,0.040338
994707367966191621,MahnazShirali,0,0,0,0,38653,0,1,2333.348843,4,0,4,0,0,0,0,0.000328,0.013927,0,0.370097
996029104267976704,NilofarMoradi2,0,0,0,0,38123,0,1,2329.701551,1,0,1,0,0,0,0,0.000323,0.020879,0,0.130057
997167399240683521,Mah_Shaaad,0,0,0,0,3293,0,1,2326.560451,1,0,1,0,0,0,0,0.000323,0.013741,0,0.040338
998289099353198592,ordinaryman1980,0,0,0,0,20484,0,1,2323.46515,1,0,1,0,0,0,0,0.000324,0.002904,0,0.201218
998618523483156480,kamangir_1,0,0,0,0,7040,0,1,2322.556111,1,0,1,0,0,0,0,0.000323,0.004345,0,0.08673
999484750955012098,BamdadEtemad,0,0,0,0,153229,0,1,2320.165787,3,0,3,0,0,0,0,0.000327,0.006383,0,0.212525
1001222093034479616,Safa_8863,0,0,0,0,5460,0,1,2315.371632,1,0,1,0,0,0,0,0.000323,0.013741,0,0.040338
1001931386293510145,fariba312,0,0,0,0,23982,0,1,2313.414352,2,0,2,0,0,0,0,0.000324,0.020002,0,0.132889
1002047432950104070,IamZeus6,0,0,0,0,14440,0,1,2313.094132,1,0,1,0,0,0,0,0.000324,0.002165,0,0.157572
1002149552974106624,AfsoonAB,0,0,0,0,6012,0,1,2312.812326,3,0,3,0,0,0,0,0.000325,0.036785,0,0.327967
1003969706691321857,QawluAlsawarem,0,0,0,0,17482,0,1,2307.789664,1,0,1,0,0,0,0,0.000326,0.000635,0,0.038203
1004844064389378048,OALD24,0,0,0,0,33199,0,1,2305.376898,1,0,1,0,0,0,0,0.000323,0.020879,0,0.130057
1005175674229936128,rish_germez,0,0,0,0,5097,0,1,2304.461829,1,0,1,0,0,0,0,0.000323,0.007148,0,0.002936
1005185803172106241,IranIntlbrk,0,0,0,0,1554049,0,1,2304.433877,3,0,3,0,0,0,0,0.000325,0.026699,0,0.14126
1005232959547469824,fighte____r,0,0,0,0,25216,0,1,2304.30375,1,0,1,0,0,0,0,0.000323,0.013741,0,0.040338
1006533118692593669,Afshar070239441,0,0,0,0,3690,0,1,2300.715995,1,0,1,0,0,0,0,0.000324,0.006261,0,0.092551
1006924896847433728,faraaaz21_,0,0,0,0,4271,0,1,2299.634884,1,0,1,0,0,0,0,0.000323,0.013741,0,0.040338
1008062167172644864,Khomeini_fucker,0,0,0,0,8788,0,1,2296.49662,2,0,2,0,0,0,0,0.000324,0.011493,0,0.089666
1008316359405637633,Saman15216939,0,0,0,0,23271,0,1,2295.795185,1,0,1,0,0,0,0,0.000323,0.020879,0,0.130057
1008371760293609473,no_______idea,0,0,0,0,2043,0,1,2295.642303,1,0,1,0,0,0,0,0.000326,0.000635,0,0.038203
1008840549565063168,sedmamood,0,0,0,0,643,0,1,2294.348692,2,0,2,0,0,0,0,0.000324,0.012958,0,0.100922
1009104801815236608,MaryamDior,0,0,0,0,3911,0,1,2293.619502,4,0,4,0,0,0,0,0.000325,0.043933,0,0.330904
1009843913832718336,MansouriSirwan,0,0,0,0,8415,0,1,2291.579942,2,0,2,0,0,0,0,0.000324,0.020437,0,0.048709
1010212973128843265,SiminDokhtz,0,0,0,0,16854,0,1,2290.561528,1,0,1,0,0,0,0,0.000323,0.006697,0,0.008371
1010662308261982208,Ali_Sn13,0,0,0,0,965,0,1,2289.321597,1,0,1,0,0,0,0,0.000323,0.013741,0,0.040338
1011039993341661184,hamid_rav4,0,0,0,0,883,0,1,2288.279387,1,0,1,0,0,0,0,0.000323,0.007148,0,0.002936
1011518845230702592,k_maryam67,0,0,0,0,3340,0,1,2286.958009,1,0,1,0,0,0,0,0.000323,0.013741,0,0.040338
1011684640627810304,ghalamfarsa,0,0,0,0,147717,0,1,2286.500498,7,0,7,0,0,0,0,0.000334,0.046938,0,0.485618
1012324488736854016,smmirkhani,0,0,0,0,14720,0,1,2284.734861,1,0,1,0,0,0,0,0.000323,0.007148,0,0.002936
1012427773678366721,oootred18,0,0,0,0,7400,0,1,2284.449838,1,0,1,0,0,0,0,0.000323,0.004345,0,0.08673
1013454919104450560,618340878175g,0,0,0,0,2707,0,1,2281.615463,1,0,1,0,0,0,0,0.000324,0.00177,0,0.002936
1013868078701137921,Heviaaaaa,0,0,0,0,1367,0,1,2280.475359,1,0,1,0,0,0,0,0.000323,0.013741,0,0.040338
1013935197274791936,Cactustongue2,0,0,0,0,1253,0,1,2280.29015,1,0,1,0,0,0,0,0.000323,0.013741,0,0.040338
1013964115092443136,AliAshtari9,0,0,0,0,12847,0,1,2280.210347,4,0,4,0,0,0,0,0.000326,0.044,0,0.30576
1014832940176601089,Naser_alhokama,0,0,0,0,1016,0,1,2277.812847,1,0,1,0,0,0,0,0.000323,0.007148,0,0.002936
1015748838135681024,MinaAhadi9,0,0,0,0,3456,0,1,2275.285451,2,0,2,0,0,0,0,0.000326,0.022106,0,0.18739
1016226437886509056,HajipourShervin,0,0,0,0,450311,0,1,2273.967523,4,0,4,0,0,0,0,0.000325,0.047578,0,0.271318
1019848525641932800,NoaMagid,0,0,0,0,66124,0,1,2263.972465,1,0,1,0,0,0,0,0.000324,0.00177,0,0.002936
1020098966225063942,rnartike,0,0,0,0,2151,0,1,2263.281389,1,0,1,0,0,0,0,0.000323,0.013741,0,0.040338
1020349970342383617,seemorgh_anka,0,0,0,0,15515,0,1,2262.58875,2,0,2,0,0,0,0,0.000324,0.020889,0,0.043274
1021124789044490240,daystar98173834,0,0,0,0,7521,0,1,2260.450648,1,0,1,0,0,0,0,0.000323,0.004345,0,0.08673
1021411049231331328,Inter_4everr,0,0,0,0,1215,0,1,2259.660729,1,0,1,0,0,0,0,0.000325,0.001228,0,0.057333
1022435485371781120,cicikhanoom,0,0,0,0,60381,0,1,2256.833819,3,0,3,0,0,0,0,0.000326,0.010627,0,0.014244
1022955628686401536,Qaaaasem,0,0,0,0,4049,0,1,2255.398495,3,0,3,0,0,0,0,0.000325,0.014398,0,0.290884
1026326118029303808,bangekabir,0,0,0,0,95893,0,1,2246.09772,1,0,1,0,0,0,0,0.000324,0.00177,0,0.002936
1026725826459521024,iraj_mesdaghi,0,0,0,0,57706,0,1,2244.994734,1,0,1,0,0,0,0,0.000325,0.001709,0,0.008371
1026937415288676354,JonathanHaroun1,0,0,0,0,7560,0,1,2244.410856,1,0,1,0,0,0,0,0.000323,0.020879,0,0.130057
1027067758276751360,basedakiva,0,0,0,0,718,0,1,2244.051181,1,0,1,0,0,0,0,0.000326,0.000635,0,0.038203
1027792538512633857,amir41355273,0,0,0,0,3984,0,1,2242.051169,1,0,1,0,0,0,0,0.000323,0.004345,0,0.08673
1028770525160660993,IranIntl_En,0,0,0,0,207227,0,1,2239.352442,1,0,1,0,0,0,0,0.000323,0.020879,0,0.130057
1029210461684867072,infintymind,0,0,0,0,7400,0,1,2238.138449,1,0,1,0,0,0,0,0.000323,0.004345,0,0.08673
1029347598249943040,IranNovinParty,0,0,0,0,77330,0,1,2237.760023,1,0,1,0,0,0,0,0.000324,0.002904,0,0.201218
1031531188677173249,FarinAylin,0,0,0,0,6560,0,1,2231.734456,2,0,2,0,0,0,0,0.000323,0.03462,0,0.170395
1032920346968707073,iranhrs_en,0,0,0,0,3360,0,1,2227.901111,1,0,1,0,0,0,0,0.000323,0.020879,0,0.130057
1033111267639222272,HrrGhostWriter,0,0,0,0,3076,0,1,2227.374271,1,0,1,0,0,0,0,0.000326,0.000635,0,0.038203
1034182794963025920,kavarama1,0,0,0,0,5642,0,1,2224.417419,1,0,1,0,0,0,0,0.000323,0.013741,0,0.040338
1035649020465688576,6njeli,0,0,0,0,163623,0,1,2220.371412,2,0,2,0,0,0,0,0.000326,0.005588,0,0.328211
1036128301541191681,golli_nmrk,0,0,0,0,2679,0,1,2219.048843,1,0,1,0,0,0,0,0.000323,0.020879,0,0.130057
1036318437587341340,ali_mp2018,0,0,0,0,1479,0,1,2218.524167,1,0,1,0,0,0,0,0.000323,0.007148,0,0.002936
1037678661187641345,sunshine_h2018,0,0,0,0,781,0,1,2214.770671,1,0,1,0,0,0,0,0.000324,0.006261,0,0.092551
1040160799208161280,n_roettgen,0,0,0,0,144816,0,1,2207.921273,1,0,1,0,0,0,0,0.000323,0.020879,0,0.130057
1040326301285052418,Benil_da,0,0,0,0,2878,0,1,2207.464572,1,0,1,0,0,0,0,0.000323,0.004345,0,0.08673
1040441302930935809,BeJooneTo,0,0,0,0,324,0,1,2207.147234,1,0,1,0,0,0,0,0.000325,0.001709,0,0.008371
1040647294532702208,UScharlottt,0,0,0,0,3693,0,1,2206.578796,1,0,1,0,0,0,0,0.000323,0.004345,0,0.08673
1040968883144990725,HegeI_javan,0,0,0,0,19167,0,1,2205.691389,2,0,2,0,0,0,0,0.000324,0.00725,0,0.287948
1041033204260593665,hirshsaidian,0,0,0,0,3639,0,1,2205.513889,1,0,1,0,0,0,0,0.000323,0.007148,0,0.002936
1041626746410295297,iraan_land,0,0,0,0,1651,0,1,2203.87603,3,0,3,0,0,0,0,0.000326,0.011762,0,0.212525
1041674345926389760,iranintlsport,0,0,0,0,274912,0,1,2203.744676,1,0,1,0,0,0,0,0.000324,0.006261,0,0.092551
1041710183477465088,AshkanHaifa,0,0,0,0,13223,0,1,2203.645787,1,0,1,0,0,0,0,0.000324,0.00177,0,0.002936
1041985034964672512,Booji_Mooji,0,0,0,0,2697,0,1,2202.887338,1,0,1,0,0,0,0,0.000323,0.004345,0,0.08673
1042544987626500097,E6h6o5a3HyPp6EE,0,0,0,0,2678,0,1,2201.342164,1,0,1,0,0,0,0,0.000325,0.001228,0,0.057333
1042829667714166785,mr_yousefi_,0,0,0,0,7881,0,1,2200.556597,1,0,1,0,0,0,0,0.000323,0.013741,0,0.040338
1043181897088729088,kayvanrassooli,0,0,0,0,10379,0,1,2199.58463,2,0,2,0,0,0,0,0.000325,0.023563,0,0.25705
1043185714437992449,catturd2,0,0,0,0,2963447,0,1,2199.574097,1,0,1,0,0,0,0,0.000323,0.007148,0,0.002936
1043631398366654464,venus133333,0,0,0,0,29123,0,1,2198.344248,2,0,2,0,0,0,0,0.000324,0.011493,0,0.089666
1044874735811735552,FarzandeIRAN123,0,0,0,0,1537,0,1,2194.913287,1,0,1,0,0,0,0,0.000323,0.004345,0,0.08673
1045696705507852288,fat_partisan,0,0,0,0,2108,0,1,2192.645081,1,0,1,0,0,0,0,0.000323,0.007148,0,0.002936
1048229681273741312,StopAntisemites,0,0,0,0,319847,0,1,2185.655405,1,0,1,0,0,0,0,0.000323,0.007148,0,0.002936
1048546242719100929,Smkokurd,0,0,0,0,5377,0,1,2184.781852,3,0,3,0,0,0,0,0.000324,0.041316,0,0.178766
1049616746804629504,occam_razor01,0,0,0,0,19136,0,1,2181.827824,4,0,4,0,0,0,0,0.000327,0.043565,0,0.38994
1050478262009262080,AuroraIntel,0,0,0,0,276246,0,1,2179.450498,2,0,2,0,0,0,0,0.000325,0.022588,0,0.138428
1051208754102964224,adrian_brodi,0,0,0,0,1389,0,1,2177.434722,1,0,1,0,0,0,0,0.000323,0.006697,0,0.008371
1051212328065294336,H_kiakojouri,0,0,0,0,915,0,1,2177.424861,1,0,1,0,0,0,0,0.000323,0.020879,0,0.130057
1051549047234777088,FirstIBOX,0,0,0,0,7704,0,1,2176.495694,1,0,1,0,0,0,0,0.000323,0.013741,0,0.040338
1051876850258124800,ErnestMach39,0,0,0,0,883,0,1,2175.591134,1,0,1,0,0,0,0,0.000324,0.002165,0,0.157572
1051879859444682752,daryadarya2023,0,0,0,0,318,0,1,2175.582824,1,0,1,0,0,0,0,0.000323,0.013741,0,0.040338
1052660106637266945,PeaceHappyJoy,0,0,0,0,11345,0,1,2173.429757,1,0,1,0,0,0,0,0.000323,0.004345,0,0.08673
1052813208426172417,KRadjabi,0,0,0,0,4099,0,1,2173.00728,1,0,1,0,0,0,0,0.000323,0.013741,0,0.040338
1053039006487842816,mmd026mrd,0,0,0,0,774,0,1,2172.38419,1,0,1,0,0,0,0,0.000323,0.013741,0,0.040338
1053580015986765824,bayondor1320,0,0,0,0,29731,0,1,2170.891285,1,0,1,0,0,0,0,0.000323,0.004345,0,0.08673
1053592986632814592,Aminnab2,0,0,0,0,833,0,1,2170.855498,1,0,1,0,0,0,0,0.000323,0.013741,0,0.040338
1055110353586192384,alireza_hosein,0,0,0,0,1663,0,1,2166.668356,1,0,1,0,0,0,0,0.000323,0.013741,0,0.040338
1056093629549182976,SilenceVoice00,0,0,0,0,3583,0,1,2163.955035,1,0,1,0,0,0,0,0.000323,0.013741,0,0.040338
1057697633001709568,i_am_pooya,0,0,0,0,6889,0,1,2159.528831,3,0,3,0,0,0,0,0.000324,0.040881,0,0.262947
1057741438878920704,Ardalan59247928,0,0,0,0,2040,0,1,2159.407951,1,0,1,0,0,0,0,0.000323,0.004345,0,0.08673
1057972711446716416,Emen43054466,0,0,0,0,5247,0,1,2158.769757,1,0,1,0,0,0,0,0.000323,0.004345,0,0.08673
1058264231118692354,MajidTavakolii,0,0,0,0,173906,0,1,2157.965312,1,0,1,0,0,0,0,0.000323,0.006697,0,0.008371
1058292545548140544,amirali_t2,0,0,0,0,4858,0,1,2157.887187,1,0,1,0,0,0,0,0.000323,0.020879,0,0.130057
1058823972450697217,truecoopspapa,0,0,0,0,2357,0,1,2156.420729,3,0,3,0,0,0,0,0.000327,0.014637,0,0.15282
1059151582841970689,Chetoriarzeshi,0,0,0,0,10379,0,1,2155.51669,1,0,1,0,0,0,0,0.000323,0.004345,0,0.08673
1062336497737699328,hanieh35,0,0,0,0,70284,0,1,2146.727998,1,0,1,0,0,0,0,0.000323,0.006697,0,0.008371
1062710517821857794,FARED_ALHOR,0,0,0,0,26085,0,1,2145.695903,1,0,1,0,0,0,0,0.000326,0.000635,0,0.038203
1064284412630757377,khandan__,0,0,0,0,8026,0,1,2141.352778,1,0,1,0,0,0,0,0.000324,0.00177,0,0.002936
1065189303268065280,shobin1414,0,0,0,0,1792,0,1,2138.855764,1,0,1,0,0,0,0,0.000324,0.006261,0,0.092551
1065658304884547585,indypersian,0,0,0,0,297125,0,1,2137.561563,2,0,2,0,0,0,0,0.000324,0.010053,0,0.204154
1065677660880338944,TigayBarry,0,0,0,0,14613,0,1,2137.508148,1,0,1,0,0,0,0,0.000323,0.007148,0,0.002936
1065717383514341376,sangtarash_azad,0,0,0,0,19698,0,1,2137.39853,2,0,2,0,0,0,0,0.000326,0.004613,0,0.209589
1066392792715399171,Timesofgaza,0,0,0,0,840015,0,1,2135.534757,1,0,1,0,0,0,0,0.000323,0.020879,0,0.130057
1066791061882851334,rkzasafari,0,0,0,0,8174,0,1,2134.435752,1,0,1,0,0,0,0,0.000323,0.013741,0,0.040338
1067232530502483969,DeborahProudJew,0,0,0,0,4783,0,1,2133.217523,1,0,1,0,0,0,0,0.000323,0.007148,0,0.002936
1067468128806989824,SaeedKoushafar,0,0,0,0,3222,0,1,2132.567396,1,0,1,0,0,0,0,0.000324,0.002165,0,0.157572
1067735777793200129,DetectivePiyJey,0,0,0,0,14240,0,1,2131.828831,1,0,1,0,0,0,0,0.000323,0.007148,0,0.002936
1067770380222414848,varzeshmedia,0,0,0,0,3351,0,1,2131.733345,1,0,1,0,0,0,0,0.000325,0.001228,0,0.057333
1068977654764879874,panaaaaaaah,0,0,0,0,11227,0,1,2128.401898,1,0,1,0,0,0,0,0.000323,0.006697,0,0.008371
1070248436837072896,arantabitaa,0,0,0,0,2363,0,1,2124.895208,1,0,1,0,0,0,0,0.000323,0.004345,0,0.08673
1071846551822184449,shahriyar_shams,0,0,0,0,60645,0,1,2120.485255,3,0,3,0,0,0,0,0.000325,0.023342,0,0.249927
1072149465748922368,Survivor_2_,0,0,0,0,81722,0,1,2119.649363,5,0,5,0,0,0,0,0.000328,0.030573,0,0.307203
1072660589061791745,TPointUK,0,0,0,0,125390,0,1,2118.238935,1,0,1,0,0,0,0,0.000323,0.020879,0,0.130057
1073964891977986048,Kamran99575602,0,0,0,0,4363,0,1,2114.639745,1,0,1,0,0,0,0,0.000323,0.004345,0,0.08673
1074568633970540544,FarhadiIvar,0,0,0,0,22914,0,1,2112.973738,2,0,2,0,0,0,0,0.000328,0.004207,0,0.224949
1074594327979003904,Leadsoldier3,0,0,0,0,9018,0,1,2112.902836,2,0,2,0,0,0,0,0.000325,0.008467,0,0.011307
1074665434442596352,Amooamirkhan,0,0,0,0,3468,0,1,2112.70662,5,0,5,0,0,0,0,0.000327,0.050262,0,0.398311
1075893643272224768,negannegan55,0,0,0,0,6107,0,1,2109.317407,2,0,2,0,0,0,0,0.000324,0.011493,0,0.089666
1078152426195173381,2ndravanparish,0,0,0,0,34891,0,1,2103.084352,1,0,1,0,0,0,0,0.000323,0.013741,0,0.040338
1078355119920562176,RepColinAllred,0,0,0,0,55464,0,1,2102.525023,1,0,1,0,0,0,0,0.000323,0.020879,0,0.130057
1078579557605785602,MasIoob,0,0,0,0,16108,0,1,2101.905694,1,0,1,0,0,0,0,0.000323,0.013741,0,0.040338
1079462649690238977,borhanimohsen1,0,0,0,0,133752,0,1,2099.468831,1,0,1,0,0,0,0,0.000323,0.006697,0,0.008371
1079651391562547200,farazpartoei,0,0,0,0,733,0,1,2098.947998,1,0,1,0,0,0,0,0.000323,0.020879,0,0.130057
1079776144524754944,NikkiHaley,0,0,0,0,1078702,0,1,2098.60375,1,0,1,0,0,0,0,0.000326,0.000635,0,0.038203
1080240353347813376,Nashville932,0,0,0,0,1024,0,1,2097.322778,1,0,1,0,0,0,0,0.000323,0.020879,0,0.130057
1081767272895590400,Ali63164295,0,0,0,0,247,0,1,2093.109282,1,0,1,0,0,0,0,0.000325,0.001228,0,0.057333
1082699331260608512,fcpii_official,0,0,0,0,14010,0,1,2090.537292,1,0,1,0,0,0,0,0.000323,0.007148,0,0.002936
1083808148534640640,MrWinMarshall,0,0,0,0,124597,0,1,2087.477535,1,0,1,0,0,0,0,0.000323,0.020879,0,0.130057
1084626783608102912,MohammadSigari,0,0,0,0,7379,0,1,2085.21853,1,0,1,0,0,0,0,0.000323,0.020879,0,0.130057
1086655314064076800,suspended2019,0,0,0,0,434,0,1,2079.620856,1,0,1,0,0,0,0,0.000323,0.013741,0,0.040338
1087816271582937090,safa8863,0,0,0,0,2656,0,1,2076.417222,4,0,4,0,0,0,0,0.000325,0.045226,0,0.349677
1088120132113760256,masen2559,0,0,0,0,246,0,1,2075.578727,1,0,1,0,0,0,0,0.000323,0.020879,0,0.130057
1088295046061805568,AussieInspector,0,0,0,0,5060,0,1,2075.096053,1,0,1,0,0,0,0,0.000326,0.002042,0,0.067377
1088547322986930176,k63157132,0,0,0,0,201,0,1,2074.399907,1,0,1,0,0,0,0,0.000339,0.000011,0,0.006054
1088586629525180421,Fareydunfarrokh,0,0,0,0,16900,0,1,2074.291435,1,0,1,0,0,0,0,0.000323,0.004345,0,0.08673
1088926637469646848,Hengaw_English,0,0,0,0,15552,0,1,2073.353194,1,0,1,0,0,0,0,0.000323,0.020879,0,0.130057
1089110280179761153,GheshlaghiAidin,0,0,0,0,2172,0,1,2072.846435,1,0,1,0,0,0,0,0.000323,0.006697,0,0.008371
1090158040026963968,james_bidin,0,0,0,0,90631,0,1,2069.955174,8,0,8,0,0,0,0,0.000343,0.038502,0,0.6278
1090313893015179265,1makisf,0,0,0,0,441,0,1,2069.525104,1,0,1,0,0,0,0,0.000323,0.006697,0,0.008371
1090505235494301696,_Rainy_Boi,0,0,0,0,6122,0,1,2068.997095,1,0,1,0,0,0,0,0.000331,0.000426,0,0.002936
1090527664111345664,MrOblomof,0,0,0,0,1292,0,1,2068.935208,1,0,1,0,0,0,0,0.000323,0.013741,0,0.040338
1090714432022462474,Shookarane,0,0,0,0,23814,0,1,2068.419826,1,0,1,0,0,0,0,0.000323,0.013741,0,0.040338
1090888948006744064,Zir_O_Rou,0,0,0,0,9131,0,1,2067.938252,1,0,1,0,0,0,0,0.000323,0.013741,0,0.040338
1092008549344002049,2EXPvZWQ7LLPX4P,0,0,0,0,5523,0,1,2064.848738,1,0,1,0,0,0,0,0.000323,0.004345,0,0.08673
1093058258372194304,tierraElibertad,0,0,0,0,547,0,1,2061.952095,2,0,2,0,0,0,0,0.000324,0.02714,0,0.222609
1093331497212362753,AdrianCalamel,0,0,0,0,4578,0,1,2061.198102,1,0,1,0,0,0,0,0.000323,0.020879,0,0.130057
1094463562997731329,thesittinggav,0,0,0,0,5143,0,1,2058.07419,1,0,1,0,0,0,0,0.000325,0.001709,0,0.008371
1094742534348251136,CrimeLdn,0,0,0,0,335049,0,1,2057.304375,1,0,1,0,0,0,0,0.000323,0.020879,0,0.130057
1096445535433752576,lila2052,0,0,0,0,1224,0,1,2052.604988,1,0,1,0,0,0,0,0.000323,0.013741,0,0.040338
1099329582363275265,hadimehrane1,0,0,0,0,46469,0,1,2044.646539,5,0,5,0,0,0,0,0.000333,0.019363,0,0.34719
1101499633631670272,SoshiyanZarrin,0,0,0,0,5993,0,1,2038.658333,2,0,2,0,0,0,0,0.000325,0.008857,0,0.011307
1102237601317224448,Aghabgard,0,0,0,0,3633,0,1,2036.621933,1,0,1,0,0,0,0,0.000326,0.002042,0,0.067377
1106236889311395840,moh53n_fa,0,0,0,0,12465,0,1,2025.585995,1,0,1,0,0,0,0,0.000325,0.002684,0,0.126993
1106789874701619200,infiniite_space,0,0,0,0,2245,0,1,2024.060046,1,0,1,0,0,0,0,0.000323,0.004345,0,0.08673
1107034164228960257,ghomaarbaazz,0,0,0,0,11345,0,1,2023.385937,1,0,1,0,0,0,0,0.000324,0.002904,0,0.201218
1107179341421707264,n00rpahlavi,0,0,0,0,15445,0,1,2022.985324,2,0,2,0,0,0,0,0.000329,0.004688,0,0.206665
1107256166432821248,ZoroastersChild,0,0,0,0,2332,0,1,2022.773333,1,0,1,0,0,0,0,0.000324,0.00177,0,0.002936
1109163883082637312,MeghUpdates,0,0,0,0,433880,0,1,2017.509039,1,0,1,0,0,0,0,0.000324,0.00177,0,0.002936
1109410475203313664,khorafatkade,0,0,0,0,7697,0,1,2016.828576,1,0,1,0,0,0,0,0.000325,0.001228,0,0.057333
1110568745502732289,ssdmanz,0,0,0,0,638,0,1,2013.63235,1,0,1,0,0,0,0,0.000323,0.013741,0,0.040338
1110607722624573441,seyedmohammadww,0,0,0,0,67859,0,1,2013.524803,1,0,1,0,0,0,0,0.000326,0.002042,0,0.067377
1110999955999580160,hadiisii,0,0,0,0,446,0,1,2012.442442,1,0,1,0,0,0,0,0.000325,0.001709,0,0.008371
1112025263850901506,HananyaPersian,907,286,19,4,39445,2924584,13.793855,2009.613125,4,7,11,2,0.705882,0.791667,0.000003,0.000326,0.019525,0.007716,0.185154
1112853145657335808,shino_sdch,0,0,0,0,3913,0,1,2007.328611,2,0,2,0,0,0,0,0.000324,0.020437,0,0.048709
1113140035547791360,joia_isaac,0,0,0,0,29761,0,1,2006.536944,1,0,1,0,0,0,0,0.000323,0.020879,0,0.130057
1113835958691074056,aria_ultras,0,0,0,0,671,0,1,2004.616563,1,0,1,0,0,0,0,0.000323,0.007148,0,0.002936
1114393125395619845,pirezanhafhafo,0,0,0,0,807,0,1,2003.079074,1,0,1,0,0,0,0,0.000323,0.020879,0,0.130057
1116856792124813314,NahidGhani,0,0,0,0,20280,0,1,1996.280648,2,0,2,0,0,0,0,0.00033,0.002508,0,0.277507
1117210361592205312,VividProwess,0,0,0,0,162125,0,1,1995.304988,2,0,2,0,0,0,0,0.000324,0.008918,0,0.005873
1118159767338389506,bahmanparskian,0,0,0,0,2373,0,1,1992.685127,1,0,1,0,0,0,0,0.000325,0.001228,0,0.057333
1118512883661459456,Victorious_20,0,0,0,0,27963,0,1,1991.710706,1,0,1,0,0,0,0,0.000323,0.013741,0,0.040338
1120377028979462147,RahaeeNews,0,0,0,0,1190,0,1,1986.566644,1,0,1,0,0,0,0,0.000323,0.004345,0,0.08673
1120738440310607873,JawedAKargar,0,0,0,0,657,0,1,1985.56934,1,0,1,0,0,0,0,0.000325,0.001228,0,0.057333
1121114158907428866,SenateForeign,0,0,0,0,89350,0,1,1984.532558,1,0,1,0,0,0,0,0.000323,0.020879,0,0.130057
1122035021844496384,Chamroshirani,0,0,0,0,1443,0,1,1981.991458,1,0,1,0,0,0,0,0.000323,0.004345,0,0.08673
1123291947572060160,MEHDII2023II,0,0,0,0,5218,0,1,1978.523009,4,0,4,0,0,0,0,0.000328,0.038827,0,0.395344
1126471400188010497,JimmyRahmati,0,0,0,0,1178,0,1,1969.749387,1,0,1,0,0,0,0,0.000323,0.004345,0,0.08673
1130573358687543297,ANITABAKT,0,0,0,0,9274,0,1,1958.430139,3,0,3,0,0,0,0,0.000325,0.020251,0,0.28464
1131870649440526336,MoHa78MmaD,0,0,0,0,325,0,1,1954.850301,1,0,1,0,0,0,0,0.000323,0.006697,0,0.008371
1132928106736435201,zhina2019,0,0,0,0,5939,0,1,1951.932269,1,0,1,0,0,0,0,0.000323,0.013741,0,0.040338
1133510366422392833,DrewPavlou,0,0,0,0,120132,0,1,1950.325544,1,0,1,0,0,0,0,0.000323,0.007148,0,0.002936
1134119371780104192,Salwan_Momika1,0,0,0,0,213476,0,1,1948.645012,2,0,2,0,0,0,0,0.000323,0.028027,0,0.132994
1134770768276066304,Fr_Bechieau,0,0,0,0,20652,0,1,1946.8475,1,0,1,0,0,0,0,0.000323,0.020879,0,0.130057
1135284150460719104,doosimusic,0,0,0,0,345,0,1,1945.430833,1,0,1,0,0,0,0,0.000323,0.006697,0,0.008371
1137370225903640576,faRiBa_8,0,0,0,0,230,0,1,1939.674363,1,0,1,0,0,0,0,0.000323,0.020879,0,0.130057
1138024085475266561,CxZIVhIksbFcr37,0,0,0,0,1181,0,1,1937.870046,1,0,1,0,0,0,0,0.000323,0.020879,0,0.130057
1138878994525413376,dokhtareatash1,0,0,0,0,5944,0,1,1935.510949,1,0,1,0,0,0,0,0.000324,0.002165,0,0.157572
1139302566788046848,Nikoo_Golabaton,0,0,0,0,1556,0,1,1934.342118,1,0,1,0,0,0,0,0.000323,0.020879,0,0.130057
1141084462509371397,HertfordshireI,0,0,0,0,7433,0,1,1929.425023,1,0,1,0,0,0,0,0.000323,0.007148,0,0.002936
1142157279543910402,laurapalmerirl,0,0,0,0,4793,0,1,1926.464606,1,0,1,0,0,0,0,0.000326,0.000635,0,0.038203
1143641667750301698,Kamangir_133,0,0,0,0,12484,0,1,1922.368472,1,0,1,0,0,0,0,0.000323,0.013741,0,0.040338
1147279258831773696,hosseyn1988,0,0,0,0,92700,0,1,1912.330637,7,0,7,0,0,0,0,0.000351,0.052038,0,0.409618
1149196560632360960,HedayatiMe,0,0,0,0,1382,0,1,1907.039896,1,0,1,0,0,0,0,0.000323,0.007148,0,0.002936
1149224532361850881,GolestanParsa,0,0,0,0,7221,0,1,1906.962708,1,0,1,0,0,0,0,0.000323,0.006697,0,0.008371
1149318648659697664,PDKIfarsi,0,0,0,0,13472,0,1,1906.702998,1,0,1,0,0,0,0,0.000323,0.007148,0,0.002936
1149790135073947648,shazde777,0,0,0,0,1659,0,1,1905.401933,3,0,3,0,0,0,0,0.000324,0.040881,0,0.262947
1150724925210157057,Morteza_Sorkh1,0,0,0,0,15861,0,1,1902.822407,1,0,1,0,0,0,0,0.000323,0.006697,0,0.008371
1152200890079678464,mehd_ban,0,0,0,0,3862,0,1,1898.749525,1,0,1,0,0,0,0,0.000323,0.006697,0,0.008371
1154546295555710977,Arrested_voice,0,0,0,0,18845,0,1,1892.277431,1,0,1,0,0,0,0,0.000323,0.004345,0,0.08673
1154738022497378304,rayehe_rabi,0,0,0,0,3304,0,1,1891.748368,1,0,1,0,0,0,0,0.000323,0.004345,0,0.08673
1154833589109972995,ebrahimi_mazyar,0,0,0,0,26197,0,1,1891.484653,2,0,2,0,0,0,0,0.000329,0.007491,0,0.122871
1155068297290932226,dahraaab,0,0,0,0,481,0,1,1890.836991,1,0,1,0,0,0,0,0.000326,0.000635,0,0.038203
1156625716655599617,taj_taj5,0,0,0,0,5572,0,1,1886.539329,1,0,1,0,0,0,0,0.000323,0.004345,0,0.08673
1157128312877006850,J74wb,0,0,0,0,1017,0,1,1885.152431,3,0,3,0,0,0,0,0.000324,0.034724,0,0.141365
1157357999909818368,Ahmad_12jr,0,0,0,0,1367,0,1,1884.518611,1,0,1,0,0,0,0,0.000323,0.007148,0,0.002936
1157702019920142336,Nabialsareghin,0,0,0,0,1617,0,1,1883.569294,2,0,2,0,0,0,0,0.000325,0.016425,0,0.167331
1160896363749675008,TheLordChung,0,0,0,0,609,0,1,1874.754583,1,0,1,0,0,0,0,0.000323,0.020879,0,0.130057
1162219997977960449,PatrickBWeiler,0,0,0,0,2764,0,1,1871.101806,1,0,1,0,0,0,0,0.000323,0.020879,0,0.130057
1162847343093440519,omidvivo,0,0,0,0,30833,0,1,1869.370729,1,0,1,0,0,0,0,0.000323,0.013741,0,0.040338
1163760331002392577,IDFFarsi,1872,230,9,32,46132,1877796,14.245029,1866.851447,10,6,16,1,1,1,0.000005,0.000373,0.042148,0.002497,0.904764
1163992520252153857,mikepompeo,0,0,0,0,1592886,0,1,1866.210683,1,0,1,0,0,0,0,0.000323,0.020879,0,0.130057
1165946822134771712,bemirdgkiri,0,0,0,0,2973,0,1,1860.817778,1,0,1,0,0,0,0,0.000324,0.002904,0,0.201218
1166975397000613888,Illwill________,0,0,0,0,866,0,1,1857.97941,2,0,2,0,0,0,0,0.000328,0.002345,0,0.046574
1169476002222940162,Alireza7553,0,0,0,0,3900,0,1,1851.079144,3,0,3,0,0,0,0,0.000324,0.038965,0,0.257126
1169723149383979008,rahbar001,0,0,0,0,1047,0,1,1850.397106,1,0,1,0,0,0,0,0.000323,0.013741,0,0.040338
1170038752753979393,mansurehhossai2,0,0,0,0,19496,0,1,1849.526285,1,0,1,0,0,0,0,0.000323,0.006697,0,0.008371
1170953052075044864,PesareKourosh,0,0,0,0,0,0,1,1847.003264,1,0,1,0,0,0,0,0.000323,0.007148,0,0.002936
1171463733576491009,Maryammiiiii,0,0,0,0,1493,0,1,1845.594074,1,0,1,0,0,0,0,0.000323,0.007148,0,0.002936
1171521728616386561,Saraa_Sepid,0,0,0,0,3085,0,1,1845.433553,2,0,2,0,0,0,0,0.000344,0.013958,0,0.121273
1172960240314331137,Pushkinove,0,0,0,0,6578,0,1,1841.464444,1,0,1,0,0,0,0,0.000323,0.013741,0,0.040338
1175625128950095873,Jokernejad,0,0,0,0,78236,0,1,1834.110764,2,0,2,0,0,0,0,0.000325,0.00507,0,0.35879
1176506435800313856,sattarkhan121,0,0,0,0,41510,0,1,1831.678588,1,0,1,0,0,0,0,0.000323,0.004345,0,0.08673
1180273217795170304,Zeighamii,0,0,0,0,3903,0,1,1821.284572,1,0,1,0,0,0,0,0.000323,0.013741,0,0.040338
1181046985471746050,SedSulfuric,0,0,0,0,527,0,1,1819.149329,1,0,1,0,0,0,0,0.000323,0.006697,0,0.008371
1181895419347050497,19shiamir,0,0,0,0,1613,0,1,1816.808102,5,0,5,0,0,0,0,0.000327,0.050262,0,0.398311
1183847830059917314,pershia22314145,0,0,0,0,710,0,1,1811.420475,1,0,1,0,0,0,0,0.000323,0.004345,0,0.08673
1186029754010492928,lecturiasus,0,0,0,0,21392,0,1,1805.399514,1,0,1,0,0,0,0,0.000323,0.006697,0,0.008371
1186590420626804737,Bahar__Bahari,0,0,0,0,10773,0,1,1803.85235,3,0,3,0,0,0,0,0.000326,0.009415,0,0.44552
1186805594285576193,Sepideh52191550,0,0,0,0,4719,0,1,1803.258553,1,0,1,0,0,0,0,0.000323,0.004345,0,0.08673
1187077926648459265,mansoureh_1996,0,0,0,0,9234,0,1,1802.507072,1,0,1,0,0,0,0,0.000323,0.020879,0,0.130057
1188329290162675713,Osinttechnical,0,0,0,0,963234,0,1,1799.054063,2,0,2,0,0,0,0,0.000325,0.01545,0,0.048709
1188783195468251138,BabakTaghvaee1,0,0,0,0,45003,0,1,1797.80066,1,0,1,0,0,0,0,0.000323,0.020879,0,0.130057
1191466789269471232,Dream_freedom1,0,0,0,0,699,0,1,1790.394618,1,0,1,0,0,0,0,0.000323,0.004345,0,0.08673
1191843903458205696,juneslater17,0,0,0,0,166749,0,1,1789.354734,1,0,1,0,0,0,0,0.000323,0.020879,0,0.130057
1194418597730213888,merswan,0,0,0,0,747,0,1,1782.250706,2,0,2,0,0,0,0,0.000324,0.02714,0,0.222609
1194968523870629888,hisnameisbojack,0,0,0,0,27879,0,1,1780.733137,1,0,1,0,0,0,0,0.000323,0.013741,0,0.040338
1195086138190573587,eliiii984,0,0,0,0,14349,0,1,1780.408669,1,0,1,0,0,0,0,0.000323,0.013741,0,0.040338
1195165942658895873,hanNa_ane,0,0,0,0,1617,0,1,1780.18728,1,0,1,0,0,0,0,0.000323,0.013741,0,0.040338
1195988340643811329,secular_d,0,0,0,0,2891,0,1,1777.919051,1,0,1,0,0,0,0,0.000323,0.013741,0,0.040338
1196590283967881216,JimLaFleur10,0,0,0,0,2756,0,1,1776.255069,3,0,3,0,0,0,0,0.000324,0.040881,0,0.262947
1197553032696934400,amirancan,0,0,0,0,2308,0,1,1773.601331,2,0,2,0,0,0,0,0.000325,0.016425,0,0.167331
1198659505430630407,vantweet99,0,0,0,0,843,0,1,1770.547164,1,0,1,0,0,0,0,0.000323,0.020879,0,0.130057
1198691072769249281,allahbakhshii,0,0,0,0,18449,0,1,1770.460833,5,0,5,0,0,0,0,0.000328,0.034354,0,0.505589
1199034655711866882,Mobak9020,0,0,0,0,391,0,1,1769.512847,1,0,1,0,0,0,0,0.000323,0.020879,0,0.130057
1199168954721349634,Hourtaab,0,0,0,0,61,0,1,1769.142095,1,0,1,0,0,0,0,0.000326,0.000635,0,0.038203
1199633460945727488,DanelBenNamer,0,0,0,0,13613,0,1,1767.860405,1,0,1,0,0,0,0,0.000323,0.007148,0,0.002936
1199816676675670016,pizza_facey,0,0,0,0,8176,0,1,1767.354826,4,0,4,0,0,0,0,0.000326,0.016563,0,0.448456
1200007669425352705,arsham_rezaee,0,0,0,0,5391,0,1,1766.827523,1,0,1,0,0,0,0,0.000329,0.000343,0,0.119935
1201049331802890240,dHorsemanDeath,0,0,0,0,142,0,1,1763.953356,1,0,1,0,0,0,0,0.000324,0.006261,0,0.092551
1201194426367979521,Mohamad99209625,0,0,0,0,1872,0,1,1763.552431,2,0,2,0,0,0,0,0.000323,0.03462,0,0.170395
1201516981037551619,ADabestany,0,0,0,0,1389,0,1,1762.662859,1,0,1,0,0,0,0,0.000329,0.000343,0,0.119935
1201933728752246785,wheeee71,0,0,0,0,1215,0,1,1761.512373,1,0,1,0,0,0,0,0.000323,0.013741,0,0.040338
1202315051987800064,NaeimShahi_Nima,0,0,0,0,29206,0,1,1760.460567,1,0,1,0,0,0,0,0.000324,0.002904,0,0.201218
1202360836292935681,memar1982,0,0,0,0,4831,0,1,1760.334271,1,0,1,0,0,0,0,0.000324,0.002904,0,0.201218
1202887381856194561,pariar__,0,0,0,0,4358,0,1,1758.881181,1,0,1,0,0,0,0,0.000323,0.007148,0,0.002936
1203372312298426369,mikhake_noqrehi,0,0,0,0,5603,0,1,1757.543137,2,0,2,0,0,0,0,0.000324,0.00725,0,0.287948
1209802369325776896,baronessedulac,0,0,0,0,1957,0,1,1739.79912,1,0,1,0,0,0,0,0.000324,0.002165,0,0.157572
1210491700709335041,vahid_silent,0,0,0,0,222,0,1,1737.897199,1,0,1,0,0,0,0,0.000323,0.013741,0,0.040338
1210956632638676992,Chimmmich,0,0,0,0,1237,0,1,1736.61434,1,0,1,0,0,0,0,0.000331,0.000426,0,0.002936
1211138037624631296,AbousahlZoozani,0,0,0,0,54144,0,1,1736.113738,1,0,1,0,0,0,0,0.000323,0.006697,0,0.008371
1211464637746532352,MrDadsetan,0,0,0,0,384,0,1,1735.212639,1,0,1,0,0,0,0,0.000323,0.020879,0,0.130057
1211477762222874624,lion_4_zion,0,0,0,0,12111,0,1,1735.176377,1,0,1,0,0,0,0,0.000323,0.007148,0,0.002936
1212062497517137920,BijanSazesh,0,0,0,0,1714,0,1,1733.562755,1,0,1,0,0,0,0,0.000323,0.020879,0,0.130057
1212402841656016896,IVANI4N,0,0,0,0,1018,0,1,1732.623611,2,0,2,0,0,0,0,0.000324,0.02714,0,0.222609
1212783083272855552,Osint613,0,0,0,0,210356,0,1,1731.574363,3,0,3,0,0,0,0,0.000325,0.029797,0,0.13593
1212822458408960000,honyblack1997,0,0,0,0,2541,0,1,1731.465475,1,0,1,0,0,0,0,0.000323,0.013741,0,0.040338
1213444186420039680,atari74930106,0,0,0,0,681,0,1,1729.750104,1,0,1,0,0,0,0,0.000323,0.020879,0,0.130057
1213701347775664129,SamNoori1968,0,0,0,0,4371,0,1,1729.040313,5,0,5,0,0,0,0,0.000327,0.050262,0,0.398311
1214319515128889344,Habeh2023,0,0,0,0,1394,0,1,1727.334549,2,0,2,0,0,0,0,0.000323,0.03462,0,0.170395
1214871674358652928,maria74rzi,0,0,0,0,4086,0,1,1725.810972,1,0,1,0,0,0,0,0.000323,0.013741,0,0.040338
1215385541442768916,HaDs_gh_,0,0,0,0,4840,0,1,1724.393009,1,0,1,0,0,0,0,0.000323,0.006697,0,0.008371
1215885555956944896,navitehrani,0,0,0,0,2235,0,1,1723.01316,1,0,1,0,0,0,0,0.000323,0.020879,0,0.130057
1215915965579497472,Minou_Banou,0,0,0,0,34740,0,1,1722.929016,2,0,2,0,0,0,0,0.000324,0.020889,0,0.043274
1215948376753233921,rezahajilou,0,0,0,0,211496,0,1,1722.839815,6,0,6,0,0,0,0,0.000351,0.045824,0,0.538252
1215952054692302848,Elahe_Feminist,0,0,0,0,2458,0,1,1722.82963,1,0,1,0,0,0,0,0.000323,0.013741,0,0.040338
1216083515802079232,Nika_Sara_Thkr,0,0,0,0,447,0,1,1722.466782,1,0,1,0,0,0,0,0.000323,0.013741,0,0.040338
1216146263428751361,____ROHI____,0,0,0,0,2320,0,1,1722.293704,1,0,1,0,0,0,0,0.000323,0.004345,0,0.08673
1216224241479114752,kosmopolitann,0,0,0,0,2192,0,1,1722.078623,1,0,1,0,0,0,0,0.000323,0.004345,0,0.08673
1216319834436308992,Seyyed_Zakariaa,0,0,0,0,4843,0,1,1721.814572,3,0,3,0,0,0,0,0.000327,0.008477,0,0.34528
1216361622551384065,parsdailynews1,0,0,0,0,2201,0,1,1721.69875,1,0,1,0,0,0,0,0.000323,0.004345,0,0.08673
1216564046184505344,behroozrezaei61,0,0,0,0,40041,0,1,1721.140787,1,0,1,0,0,0,0,0.000323,0.013741,0,0.040338
1216586453439913985,RShemroon,0,0,0,0,9718,0,1,1721.079062,1,0,1,0,0,0,0,0.000325,0.001228,0,0.057333
1216591524751790081,IRAJ2020,0,0,0,0,132,0,1,1721.064965,1,0,1,0,0,0,0,0.000323,0.007148,0,0.002936
1216838812673900546,khoshnevisnaser,0,0,0,0,16003,0,1,1720.38272,3,0,3,0,0,0,0,0.000326,0.011767,0,0.367161
1216997801189691392,kharkhali,0,0,0,0,5336,0,1,1719.9439,1,0,1,0,0,0,0,0.000323,0.004345,0,0.08673
1217028738535301121,ostovaran,0,0,0,0,225,0,1,1719.858229,1,0,1,0,0,0,0,0.000323,0.020879,0,0.130057
1218640877419188224,yYh8x5hC6nxh1Wd,0,0,0,0,31945,0,1,1715.409745,1,0,1,0,0,0,0,0.000323,0.004345,0,0.08673
1219666645964271616,BeniSabti,0,0,0,0,11920,0,1,1712.578796,4,0,4,0,0,0,0,0.000367,0.010365,0,0.124622
1219900649401249793,Manijock,0,0,0,0,930,0,1,1711.933657,1,0,1,0,0,0,0,0.000323,0.007148,0,0.002936
1220230342533095424,azam15330917,0,0,0,0,210,0,1,1711.023866,1,0,1,0,0,0,0,0.000323,0.006697,0,0.008371
1220289508572389378,Hasti__amiri,0,0,0,0,2401,0,1,1710.860509,1,0,1,0,0,0,0,0.000323,0.013741,0,0.040338
1220301118783266816,Iac2023,0,0,0,0,8684,0,1,1710.828252,1,0,1,0,0,0,0,0.000324,0.002904,0,0.201218
1220928529090666496,Grrmanesh,0,0,0,0,14173,0,1,1709.097106,6,0,6,0,0,0,0,0.000333,0.019376,0,0.423964
1221084831334797312,s_a_b_s_a_b,0,0,0,0,1995,0,1,1708.665903,1,0,1,0,0,0,0,0.000323,0.006697,0,0.008371
1221535572537286664,ps752justice,0,0,0,0,43685,0,1,1707.422083,1,0,1,0,0,0,0,0.000323,0.020879,0,0.130057
1221832590094753793,XiyueWang9,0,0,0,0,30147,0,1,1706.602465,1,0,1,0,0,0,0,0.000324,0.00177,0,0.002936
1222099872700141568,Milad417,0,0,0,0,5794,0,1,1705.864699,1,0,1,0,0,0,0,0.000323,0.013741,0,0.040338
1222488702045302786,grandmama98,0,0,0,0,577,0,1,1704.791991,1,0,1,0,0,0,0,0.000323,0.004345,0,0.08673
1222773302441148416,visegrad24,0,0,0,0,1146888,0,1,1704.006343,8,0,8,0,0,0,0,0.000333,0.042531,0,0.746646
1224754397260984328,Amardiyamm,0,0,0,0,4753,0,1,1698.539803,1,0,1,0,0,0,0,0.000323,0.007148,0,0.002936
1224943771860770816,pardis__rabiee,0,0,0,0,3898,0,1,1698.017164,4,0,4,0,0,0,0,0.000327,0.041952,0,0.21697
1225903431333924864,Fariba60867811,0,0,0,0,7469,0,1,1695.36897,2,0,2,0,0,0,0,0.000323,0.018086,0,0.127068
1226879160200704000,Sepehr_TheNK,0,0,0,0,3459,0,1,1692.676574,1,0,1,0,0,0,0,0.000324,0.00177,0,0.002936
1226899205895139334,ShayanX0,0,0,0,0,26977,0,1,1692.620613,5,0,5,0,0,0,0,0.000332,0.016906,0,0.568391
1228644082341249025,Alfredhitchbock,0,0,0,0,953,0,1,1687.806319,1,0,1,0,0,0,0,0.000323,0.013741,0,0.040338
1228770929079193600,Him_wood,0,0,0,0,8903,0,1,1687.456204,1,0,1,0,0,0,0,0.000323,0.006697,0,0.008371
1230142907136593920,Mostafa19857636,0,0,0,0,3074,0,1,1683.670417,3,0,3,0,0,0,0,0.000325,0.026699,0,0.14126
1230463139927543810,APasserby12,0,0,0,0,8373,0,1,1682.786042,1,0,1,0,0,0,0,0.000324,0.002904,0,0.201218
1232537827096846338,windymileer,0,0,0,0,1638,0,1,1677.061678,1,0,1,0,0,0,0,0.000323,0.006697,0,0.008371
1233876069771595777,Celia9008,0,0,0,0,2255,0,1,1673.368843,1,0,1,0,0,0,0,0.000323,0.013741,0,0.040338
1234312195627941890,Astarieee,0,0,0,0,13518,0,1,1672.165451,1,0,1,0,0,0,0,0.000325,0.001709,0,0.008371
1235665538292109312,hanitaiii,0,0,0,0,8185,0,1,1668.430683,1,0,1,0,0,0,0,0.000323,0.020879,0,0.130057
1236396423786135556,Iamtomm71846740,0,0,0,0,1216,0,1,1666.413738,1,0,1,0,0,0,0,0.000323,0.020879,0,0.130057
1236448339937419266,fridaaaaf,0,0,0,0,15936,0,1,1666.270729,1,0,1,0,0,0,0,0.000323,0.006697,0,0.008371
1238038895570321410,I2ationaL,0,0,0,0,5375,0,1,1661.881655,1,0,1,0,0,0,0,0.000326,0.000635,0,0.038203
1238155401612361738,esmaeils1169,0,0,0,0,34723,0,1,1661.559815,2,0,2,0,0,0,0,0.000324,0.027576,0,0.138428
1238564924508516353,REGIME_CHANGE03,0,0,0,0,15946,0,1,1660.429653,1,0,1,0,0,0,0,0.000323,0.004345,0,0.08673
1239088173344571392,hengmeham,0,0,0,0,24142,0,1,1658.986157,4,0,4,0,0,0,0,0.000325,0.043933,0,0.330904
1241379174079590400,Irandok99760678,0,0,0,0,808,0,1,1652.664213,1,0,1,0,0,0,0,0.000323,0.004345,0,0.08673
1241789012362309633,j98str,0,0,0,0,274,0,1,1651.533264,1,0,1,0,0,0,0,0.000323,0.020879,0,0.130057
1241983992909443084,Nushin76643881,0,0,0,0,183,0,1,1650.995116,1,0,1,0,0,0,0,0.000323,0.004345,0,0.08673
1242287686095794176,Raha_B_E_1,0,0,0,0,8332,0,1,1650.156875,1,0,1,0,0,0,0,0.000323,0.004345,0,0.08673
1242908290016739330,mogharebati,0,0,0,0,95637,0,1,1648.444606,2,0,2,0,0,0,0,0.000323,0.03462,0,0.170395
1243088479224913921,RealPersianGod,0,0,0,0,208687,0,1,1647.947442,6,0,6,0,0,0,0,0.000331,0.0195,0,0.51416
1243170788682936321,Sadegh_Hedayat7,0,0,0,0,9172,0,1,1647.720174,1,0,1,0,0,0,0,0.000329,0.000343,0,0.119935
1243202212689522690,mst12358132134,0,0,0,0,6172,0,1,1647.63338,1,0,1,0,0,0,0,0.000323,0.013741,0,0.040338
1243539768404738052,Jeanne2022Rev,0,0,0,0,6289,0,1,1646.702049,4,0,4,0,0,0,0,0.000325,0.047578,0,0.271318
1244223261220704256,MonirehKazemi,0,0,0,0,4426,0,1,1644.815926,1,0,1,0,0,0,0,0.000323,0.020879,0,0.130057
1244701394008977412,zarei_arad,0,0,0,0,19202,0,1,1643.496551,3,0,3,0,0,0,0,0.000326,0.011822,0,0.20709
1245234538424360962,shirin200400,0,0,0,0,23079,0,1,1642.025359,3,0,3,0,0,0,0,0.000324,0.040881,0,0.262947
1245355966792470528,coinicap,0,0,0,0,2401,0,1,1641.690197,1,0,1,0,0,0,0,0.000325,0.002684,0,0.126993
1246231730555686917,RenzoGraciani,0,0,0,0,5306,0,1,1639.273565,1,0,1,0,0,0,0,0.000325,0.001709,0,0.008371
1246515349803106305,emamjamkaroon,0,0,0,0,2988,0,1,1638.490961,1,0,1,0,0,0,0,0.000324,0.006261,0,0.092551
1246810016088236034,BarAndazAbadani,0,0,0,0,11680,0,1,1637.677778,1,0,1,0,0,0,0,0.000323,0.013741,0,0.040338
1247111964276527104,SabaBakhtyari,0,0,0,0,15237,0,1,1636.844595,3,0,3,0,0,0,0,0.000326,0.025492,0,0.339646
1247421493094551555,emhaash,0,0,0,0,910,0,1,1635.990486,1,0,1,0,0,0,0,0.000331,0.000426,0,0.002936
1248350208225878016,parysatis_banoo,0,0,0,0,8232,0,1,1633.427662,1,0,1,0,0,0,0,0.000323,0.004345,0,0.08673
1249146360584114177,Ebne_noah,0,0,0,0,37366,0,1,1631.230741,4,0,4,0,0,0,0,0.000326,0.016563,0,0.448456
1249184800721772544,Mehr_mihan,0,0,0,0,9693,0,1,1631.124687,3,0,3,0,0,0,0,0.000328,0.022044,0,0.200266
1249443053988769792,Rppress0,0,0,0,0,10738,0,1,1630.412141,1,0,1,0,0,0,0,0.000323,0.006697,0,0.008371
1251234815493496836,hamidsanati6661,0,0,0,0,8716,0,1,1625.467836,1,0,1,0,0,0,0,0.000323,0.004345,0,0.08673
1251475704803405826,PahlaviahoraeeP,0,0,0,0,18612,0,1,1624.802963,1,0,1,0,0,0,0,0.000323,0.004345,0,0.08673
1251530881858224128,sina_kh93,0,0,0,0,4077,0,1,1624.650729,3,0,3,0,0,0,0,0.000325,0.023793,0,0.244492
1251752192417071104,JackieMeek6,0,0,0,0,9399,0,1,1624.039502,1,0,1,0,0,0,0,0.000323,0.020879,0,0.130057
1252192266443272196,KiMo10626877,0,0,0,0,30862,0,1,1622.825671,3,0,3,0,0,0,0,0.00033,0.007593,0,0.407882
1252203214377824256,omid_AV2,0,0,0,0,8322,0,1,1622.795475,1,0,1,0,0,0,0,0.000323,0.004345,0,0.08673
1252333501447315460,UncleRevi,0,0,0,0,1015,0,1,1622.435937,1,0,1,0,0,0,0,0.000323,0.013741,0,0.040338
1253936998143811589,rezaeipanah1,0,0,0,0,729,0,1,1618.010926,1,0,1,0,0,0,0,0.000323,0.020879,0,0.130057
1255820959942086656,JaneVatan,0,0,0,0,4446,0,1,1612.812442,1,0,1,0,0,0,0,0.000323,0.013741,0,0.040338
1256047963945787398,RealDrAttari,0,0,0,0,5604,0,1,1612.186019,2,0,2,0,0,0,0,0.000325,0.023563,0,0.25705
1256430703325196292,ArvinAdriyan_IR,0,0,0,0,955,0,1,1611.12985,1,0,1,0,0,0,0,0.000325,0.001228,0,0.057333
1256864700647845888,OutFarsi,0,0,0,0,316315,0,1,1609.932269,6,0,6,0,0,0,0,0.00033,0.051941,0,0.450209
1257575212301737984,banosuozan,0,0,0,0,4182,0,1,1607.970694,1,0,1,0,0,0,0,0.000323,0.013741,0,0.040338
1258494225458573313,MuradyDiako,0,0,0,0,8859,0,1,1605.435648,2,0,2,0,0,0,0,0.000324,0.020002,0,0.132889
1259292835569979398,nirvanalover83,0,0,0,0,44,0,1,1603.231921,1,0,1,0,0,0,0,0.000323,0.020879,0,0.130057
1260530095841783809,KingBacker1,0,0,0,0,4333,0,1,1599.81735,1,0,1,0,0,0,0,0.000323,0.004345,0,0.08673
1261397632112570371,Afrasiabrap,0,0,0,0,7862,0,1,1597.423507,1,0,1,0,0,0,0,0.000323,0.020879,0,0.130057
1261564837470953472,Bri30s,0,0,0,0,6035,0,1,1596.962257,1,0,1,0,0,0,0,0.000324,0.002165,0,0.157572
1261807960885321729,Banuirani84,0,0,0,0,20347,0,1,1596.291435,1,0,1,0,0,0,0,0.000323,0.004345,0,0.08673
1261991879375089665,voriaghafuri,0,0,0,0,456527,0,1,1595.783773,2,0,2,0,0,0,0,0.000324,0.02714,0,0.222609
1262498994347036672,hastyarrr,0,0,0,0,10588,0,1,1594.384491,1,0,1,0,0,0,0,0.000323,0.004345,0,0.08673
1262728136485109762,Michael_Wgd,0,0,0,0,11473,0,1,1593.75228,1,0,1,0,0,0,0,0.000323,0.007148,0,0.002936
1263614720877133825,IranianPlateau,0,0,0,0,150666,0,1,1591.305637,4,0,4,0,0,0,0,0.000329,0.013446,0,0.419058
1264709649800052736,Hastowa,0,0,0,0,1744,0,1,1588.284387,2,0,2,0,0,0,0,0.000327,0.002405,0,0.04114
1265169006564016130,Yakhbandane,0,0,0,0,11652,0,1,1587.016806,1,0,1,0,0,0,0,0.000323,0.006697,0,0.008371
1265605528434159616,miniminiiyoongi,0,0,0,0,1616,0,1,1585.812176,1,0,1,0,0,0,0,0.000326,0.000635,0,0.038203
1266443918981255169,ShiraziShaheen,0,0,0,0,15848,0,1,1583.497593,1,0,1,0,0,0,0,0.000323,0.004345,0,0.08673
1266804354058784769,BeeVan88,0,0,0,0,2181,0,1,1582.503646,1,0,1,0,0,0,0,0.000323,0.004345,0,0.08673
1268609463017144322,An_Eastern_Girl,0,0,0,0,4899,0,1,1577.521875,1,0,1,0,0,0,0,0.000323,0.013741,0,0.040338
1268983666711171072,hoda2728,0,0,0,0,5089,0,1,1576.490324,1,0,1,0,0,0,0,0.000323,0.004345,0,0.08673
1270789421756026881,SinaMobarez,0,0,0,0,6740,0,1,1571.507361,1,0,1,0,0,0,0,0.000323,0.004345,0,0.08673
1271021929785368581,Jila88514114,0,0,0,0,2033,0,1,1570.865718,3,0,3,0,0,0,0,0.000324,0.041316,0,0.178766
1271510369312419844,Sara_pl_ir,0,0,0,0,1076,0,1,1569.517801,1,0,1,0,0,0,0,0.000324,0.00177,0,0.002936
1271883607003578368,lkhakbarsaretl,0,0,0,0,385,0,1,1568.488032,1,0,1,0,0,0,0,0.000323,0.013741,0,0.040338
1271892865082368004,azaadiiyeiraan7,839,1741,3286,134,5009,91556,11.209671,1568.462072,2,700,702,4,0.429618,0.543646,0.000595,0.000344,0.000217,0.482316,0.121273
1272279252499599360,SoroushRabiei,0,0,0,0,1013,0,1,1567.396088,2,0,2,0,0,0,0,0.000323,0.028027,0,0.132994
1273357923595554827,Chakavak_cherry,0,0,0,0,696,0,1,1564.419479,2,0,2,0,0,0,0,0.000324,0.027576,0,0.138428
1273515518444650496,GhaviSisters,0,0,0,0,752,0,1,1563.984641,1,0,1,0,0,0,0,0.000323,0.020879,0,0.130057
1273546506012897281,anar_khanoom,0,0,0,0,60258,0,1,1563.899248,2,0,2,0,0,0,0,0.000325,0.023563,0,0.25705
1275134957833334785,Halb0rz,0,0,0,0,6056,0,1,1559.515949,1,0,1,0,0,0,0,0.000325,0.002684,0,0.126993
1276522782327791616,FA59612572,0,0,0,0,2713,0,1,1555.686169,1,0,1,0,0,0,0,0.000323,0.020879,0,0.130057
1276613019406082048,parli731,0,0,0,0,1083,0,1,1555.437257,1,0,1,0,0,0,0,0.000323,0.013741,0,0.040338
1278730309681496064,sedaye_omiid,0,0,0,0,228,0,1,1549.594456,1,0,1,0,0,0,0,0.000324,0.002904,0,0.201218
1280753632783273984,SsIiNnAaIRan,0,0,0,0,1524,0,1,1544.011366,1,0,1,0,0,0,0,0.000324,0.00177,0,0.002936
1280880567630823424,Jesvinquotes,0,0,0,0,12949,0,1,1543.661042,1,0,1,0,0,0,0,0.000323,0.007148,0,0.002936
1281076316066869251,Kourosh_techart,0,0,0,0,1845,0,1,1543.120938,1,0,1,0,0,0,0,0.000324,0.002165,0,0.157572
1281612531140878336,Shakibafarnam2,0,0,0,0,4804,0,1,1541.641181,1,0,1,0,0,0,0,0.000323,0.007148,0,0.002936
1282133040831950849,Banafshehviola,0,0,0,0,38208,0,1,1540.204769,1,0,1,0,0,0,0,0.000323,0.006697,0,0.008371
1282369538261233664,Marsin63502389,0,0,0,0,1384,0,1,1539.551991,1,0,1,0,0,0,0,0.000323,0.013741,0,0.040338
1282594960160825347,PanahiRafiq,0,0,0,0,10117,0,1,1538.930289,1,0,1,0,0,0,0,0.000323,0.006697,0,0.008371
1282921215259144193,Veresk2020,0,0,0,0,2856,0,1,1538.028113,1,0,1,0,0,0,0,0.000323,0.004345,0,0.08673
1283173964190298112,OzerNazlii,0,0,0,0,1078,0,1,1537.332535,1,0,1,0,0,0,0,0.000323,0.020879,0,0.130057
1283321039951482881,Hakim62880888,0,0,0,0,1717,0,1,1536.926505,1,0,1,0,0,0,0,0.000323,0.013741,0,0.040338
1283718362372202496,JavadKrostami,0,0,0,0,2810,0,1,1535.830197,1,0,1,0,0,0,0,0.000323,0.013741,0,0.040338
1284068387103166464,honeybuty,0,0,0,0,3214,0,1,1534.864248,2,0,2,0,0,0,0,0.000324,0.00725,0,0.287948
1284847451388739584,Arashghafari8,0,0,0,0,48651,0,1,1532.713171,1,0,1,0,0,0,0,0.000323,0.006697,0,0.008371
1284944788924637184,famildooriiiiii,0,0,0,0,5154,0,1,1532.446007,1,0,1,0,0,0,0,0.000323,0.013741,0,0.040338
1284984457389395970,LibertyIranian,0,0,0,0,6803,0,1,1532.336562,1,0,1,0,0,0,0,0.000324,0.00177,0,0.002936
1285336121245827072,lidiaa_aguilar,0,0,0,0,1564,0,1,1531.3661,1,0,1,0,0,0,0,0.000324,0.00177,0,0.002936
1286543637417988096,Camel6561,0,0,0,0,4011,0,1,1528.034039,1,0,1,0,0,0,0,0.000323,0.004345,0,0.08673
1287101616198504448,simin223316966,0,0,0,0,6270,0,1,1526.494039,1,0,1,0,0,0,0,0.000323,0.004345,0,0.08673
1288186261639921664,3ameffect_,0,0,0,0,4723,0,1,1523.501285,6,0,6,0,0,0,0,0.000328,0.05741,0,0.401247
1288625870442311680,LiberalArtist0,0,0,0,0,11624,0,1,1522.287593,3,0,3,0,0,0,0,0.000325,0.026699,0,0.14126
1288793297721290754,Mantil13,0,0,0,0,2418,0,1,1521.825961,1,0,1,0,0,0,0,0.000323,0.004345,0,0.08673
1288955277262430208,PokiRae_,0,0,0,0,627,0,1,1521.379201,1,0,1,0,0,0,0,0.000323,0.020879,0,0.130057
1288966651208237056,Bahar00452227,0,0,0,0,3351,0,1,1521.3475,2,0,2,0,0,0,0,0.000323,0.018086,0,0.127068
1289489340301811713,DragonArrives,0,0,0,0,5844,0,1,1519.905405,1,0,1,0,0,0,0,0.000323,0.013741,0,0.040338
1289965335039422470,redracehorse,0,0,0,0,508,0,1,1518.591887,1,0,1,0,0,0,0,0.000326,0.000635,0,0.038203
1290089153451843584,GazelleSharmahd,0,0,0,0,18766,0,1,1518.249734,2,0,2,0,0,0,0,0.000326,0.022106,0,0.18739
1290374330640195584,gohar169,0,0,0,0,328,0,1,1517.463264,1,0,1,0,0,0,0,0.000323,0.020879,0,0.130057
1291259527938093057,khormal0098,0,0,0,0,3033,0,1,1515.02059,1,0,1,0,0,0,0,0.000323,0.004345,0,0.08673
1291494496354566144,BamdadPirouzi,0,0,0,0,4067,0,1,1514.372211,1,0,1,0,0,0,0,0.000323,0.004345,0,0.08673
1292314647610167297,2Ubbe,0,0,0,0,1728,0,1,1512.10897,2,0,2,0,0,0,0,0.000324,0.020002,0,0.132889
1292732052354355201,steveimcqueen,0,0,0,0,3558,0,1,1510.957211,1,0,1,0,0,0,0,0.000323,0.004345,0,0.08673
1293637022867951624,marziahussaini0,0,0,0,0,24316,0,1,1508.460012,1,0,1,0,0,0,0,0.000323,0.007148,0,0.002936
1293866930244395014,sag_koshi,0,0,0,0,7282,0,1,1507.825139,2,0,2,0,0,0,0,0.000324,0.012958,0,0.100922
1295604543875670016,afkari_saeed,0,0,0,0,69461,0,1,1503.030637,8,0,8,0,0,0,0,0.000333,0.054992,0,0.676682
1295875527123836931,Elham42302688,0,0,0,0,1865,0,1,1502.282546,1,0,1,0,0,0,0,0.000323,0.004345,0,0.08673
1296922437800677381,ali73724440,0,0,0,0,7084,0,1,1499.393877,1,0,1,0,0,0,0,0.000323,0.004345,0,0.08673
1297254073121546243,Kian_sh26,0,0,0,0,9395,0,1,1498.478854,1,0,1,0,0,0,0,0.000323,0.013741,0,0.040338
1298262093523648525,khosrokhan05,0,0,0,0,1572,0,1,1495.697095,2,0,2,0,0,0,0,0.000323,0.03462,0,0.170395
1298583867801174016,ARDESHIR003,0,0,0,0,26973,0,1,1494.809167,4,0,4,0,0,0,0,0.000325,0.031931,0,0.138376
1298864949754826757,Gen_Pinuchet,0,0,0,0,1764,0,1,1494.033437,1,0,1,0,0,0,0,0.000324,0.00177,0,0.002936
1299376663285858309,lIshaghayeghlI,0,0,0,0,5414,0,1,1492.621412,1,0,1,0,0,0,0,0.000324,0.00177,0,0.002936
1299687671443238912,ZafarHeretic,0,0,0,0,35335,0,1,1491.763426,2,0,2,0,0,0,0,0.000324,0.020889,0,0.043274
1300055757543690240,ar_dpm88,0,0,0,0,220,0,1,1490.747546,1,0,1,0,0,0,0,0.000323,0.013741,0,0.040338
1300384162940059648,daniela_sepehri,0,0,0,0,13524,0,1,1489.841458,1,0,1,0,0,0,0,0.000323,0.020879,0,0.130057
1300743930712121345,Mikey007007,0,0,0,0,5190,0,1,1488.848692,1,0,1,0,0,0,0,0.000323,0.020879,0,0.130057
1301162170286329858,samousavi44,0,0,0,0,3554,0,1,1487.69456,1,0,1,0,0,0,0,0.000324,0.002904,0,0.201218
1302816913001676800,sir_rocoo,0,0,0,0,3028,0,1,1483.128368,1,0,1,0,0,0,0,0.000323,0.013741,0,0.040338
1302855722829570050,keykemiveyi,0,0,0,0,2986,0,1,1483.021192,1,0,1,0,0,0,0,0.000323,0.004345,0,0.08673
1305514668027449344,goddesofhope,0,0,0,0,2028,0,1,1475.683924,1,0,1,0,0,0,0,0.000323,0.007148,0,0.002936
1305543467452440576,siavosh48,0,0,0,0,3008,0,1,1475.604433,1,0,1,0,0,0,0,0.000323,0.004345,0,0.08673
1306311303598764038,XAVIAERD,0,0,0,0,218987,0,1,1473.485694,1,0,1,0,0,0,0,0.000323,0.007148,0,0.002936
1307019494687154176,RAHBARMOVAGAT,0,0,0,0,12747,0,1,1471.531065,1,0,1,0,0,0,0,0.000323,0.013741,0,0.040338
1307272409016233984,notrealizumi,0,0,0,0,428,0,1,1470.83353,1,0,1,0,0,0,0,0.000323,0.020879,0,0.130057
1308129526610907136,footballibodam,0,0,0,0,756,0,1,1468.468299,1,0,1,0,0,0,0,0.000323,0.020879,0,0.130057
1308658925873446918,SasanRebels,0,0,0,0,9497,0,1,1467.007465,3,0,3,0,0,0,0,0.000328,0.009554,0,0.044076
1309128794763132928,ay_____l_ar,0,0,0,0,8193,0,1,1465.71081,1,0,1,0,0,0,0,0.000323,0.020879,0,0.130057
1309584286304133121,alidikafraz,0,0,0,0,3023,0,1,1464.453924,1,0,1,0,0,0,0,0.000323,0.007148,0,0.002936
1309951076628672514,BonHamidscott17,0,0,0,0,682,0,1,1463.441447,2,0,2,0,0,0,0,0.000324,0.02714,0,0.222609
1311631176998760453,Pezhvaak1,0,0,0,0,1119,0,1,1458.805521,2,0,2,0,0,0,0,0.000324,0.02714,0,0.222609
1312028370088144896,Tsihanouskaya,0,0,0,0,214904,0,1,1457.709225,1,0,1,0,0,0,0,0.000323,0.020879,0,0.130057
1312274675469352960,frggiiiee,0,0,0,0,901,0,1,1457.029896,1,0,1,0,0,0,0,0.000323,0.013741,0,0.040338
1312282910565826560,Tanha_5566,0,0,0,0,5335,0,1,1457.007025,2,0,2,0,0,0,0,0.000324,0.006115,0,0.089666
1314641961614299138,Pegahan__,0,0,0,0,4273,0,1,1450.496829,4,0,4,0,0,0,0,0.000331,0.014741,0,0.410819
1315559520727437312,golnarjahanbani,0,0,0,0,38916,0,1,1447.96522,1,0,1,0,0,0,0,0.000323,0.004345,0,0.08673
1316122268020420609,corrrdeliiiaaa,0,0,0,0,1663,0,1,1446.412569,1,0,1,0,0,0,0,0.000323,0.006697,0,0.008371
1316287018909958144,mey_monik,0,0,0,0,717,0,1,1445.957928,1,0,1,0,0,0,0,0.000339,0.000011,0,0.006054
1316871821317361670,Siahi15,0,0,0,0,855,0,1,1444.344097,1,0,1,0,0,0,0,0.000323,0.004345,0,0.08673
1316895950984589312,iamsalij,0,0,0,0,1263,0,1,1444.277535,1,0,1,0,0,0,0,0.000325,0.002684,0,0.126993
1316995857242378240,realMaalouf,0,0,0,0,103219,0,1,1444.001956,1,0,1,0,0,0,0,0.000326,0.000635,0,0.038203
1317106087825473537,KhavaranKaveh,0,0,0,0,1081,0,1,1443.697199,1,0,1,0,0,0,0,0.000323,0.006697,0,0.008371
1317832037735321600,Aburrrida901903,0,0,0,0,5744,0,1,1441.694433,1,0,1,0,0,0,0,0.000323,0.006697,0,0.008371
1317875321610379266,ErfanSabeti,0,0,0,0,94356,0,1,1441.574583,1,0,1,0,0,0,0,0.000324,0.006261,0,0.092551
1318211428227186694,sanazcartoon,0,0,0,0,3454,0,1,1440.647465,2,0,2,0,0,0,0,0.000323,0.03462,0,0.170395
1318666155775741955,mariam_claren,0,0,0,0,4402,0,1,1439.392674,1,0,1,0,0,0,0,0.000323,0.020879,0,0.130057
1319247125612474368,vazhe23,0,0,0,0,1109,0,1,1437.789086,1,0,1,0,0,0,0,0.000323,0.006697,0,0.008371
1320387682069934081,MasoudSaeedinia,0,0,0,0,447,0,1,1434.641632,1,0,1,0,0,0,0,0.000324,0.002904,0,0.201218
1321810944306122752,qalicheh,0,0,0,0,17122,0,1,1430.714595,1,0,1,0,0,0,0,0.000323,0.006697,0,0.008371
1321973072786792448,s_h_a_p_u_r,0,0,0,0,10075,0,1,1430.267396,1,0,1,0,0,0,0,0.000326,0.000635,0,0.038203
1322047771478757376,rezazadeh1122,0,0,0,0,2971,0,1,1430.061204,1,0,1,0,0,0,0,0.000324,0.002904,0,0.201218
1323057172717121537,manaartlover,0,0,0,0,12274,0,1,1427.275775,1,0,1,0,0,0,0,0.000323,0.013741,0,0.040338
1323765584455192578,GhassemiAbi,0,0,0,0,5258,0,1,1425.320706,1,0,1,0,0,0,0,0.000323,0.004345,0,0.08673
1323855498370813953,Meysam73203915,0,0,0,0,557,0,1,1425.072905,2,0,2,0,0,0,0,0.000323,0.03462,0,0.170395
1323908457624424448,kambujiye_2535,0,0,0,0,1768,0,1,1424.926597,1,0,1,0,0,0,0,0.000323,0.004345,0,0.08673
1324725705532448769,sunnny_pannni,0,0,0,0,10247,0,1,1422.671586,1,0,1,0,0,0,0,0.000323,0.004345,0,0.08673
1324819292806914055,Silver19967452,0,0,0,0,404,0,1,1422.413299,1,0,1,0,0,0,0,0.000324,0.00177,0,0.002936
1325156511451021313,ANTYTHEZIS,0,0,0,0,3808,0,1,1421.48272,1,0,1,0,0,0,0,0.000323,0.004345,0,0.08673
1325583189545426944,TalkFifi,0,0,0,0,3073,0,1,1420.305289,1,0,1,0,0,0,0,0.000323,0.020879,0,0.130057
1326087377136267264,Niyaz68401862,0,0,0,0,9757,0,1,1418.914028,1,0,1,0,0,0,0,0.000323,0.004345,0,0.08673
1326188971853029386,farida18739455,0,0,0,0,399,0,1,1418.633356,1,0,1,0,0,0,0,0.000323,0.013741,0,0.040338
1327184536007028736,_ali_jo,0,0,0,0,1002,0,1,1415.886481,1,0,1,0,0,0,0,0.000323,0.013741,0,0.040338
1327959581960658945,1500tasvir,0,0,0,0,419841,0,1,1413.747685,8,0,8,0,0,0,0,0.00034,0.058472,0,0.442387
1328413068427051008,gettylegion,0,0,0,0,118297,0,1,1412.496343,1,0,1,0,0,0,0,0.000323,0.007148,0,0.002936
1328698844184530945,MirzaeiMotahare,0,0,0,0,12145,0,1,1411.707778,1,0,1,0,0,0,0,0.000323,0.013741,0,0.040338
1328739821158854657,Delgado4444,0,0,0,0,574,0,1,1411.59463,1,0,1,0,0,0,0,0.000323,0.013741,0,0.040338
1329060146547396609,QaradaghBear,0,0,0,0,634,0,1,1410.710729,1,0,1,0,0,0,0,0.000323,0.013741,0,0.040338
1329410548044328960,fSxjcIhOMQxSEE2,0,0,0,0,60,0,1,1409.743877,1,0,1,0,0,0,0,0.000323,0.020879,0,0.130057
1329710757865459712,Jaavidshah,0,0,0,0,9722,0,1,1408.915313,2,0,2,0,0,0,0,0.000324,0.00725,0,0.287948
1330421762425843714,Samaismm,0,0,0,0,1138,0,1,1406.953507,1,0,1,0,0,0,0,0.000326,0.000635,0,0.038203
1332353687415529472,KMooreGilbert,0,0,0,0,16753,0,1,1401.621493,1,0,1,0,0,0,0,0.000323,0.020879,0,0.130057
1332569929263030275,Amir_forughii,0,0,0,0,19464,0,1,1401.025648,1,0,1,0,0,0,0,0.000323,0.020879,0,0.130057
1333852979284348930,unknownuserWLF,0,0,0,0,282,0,1,1397.485069,1,0,1,0,0,0,0,0.000324,0.002165,0,0.157572
1333905593598439424,iamramanzada,0,0,0,0,2669,0,1,1397.339896,1,0,1,0,0,0,0,0.000323,0.020879,0,0.130057
1334204987686129668,Xman1Simon,0,0,0,0,13233,0,1,1396.513368,1,0,1,0,0,0,0,0.000323,0.020879,0,0.130057
1336061283972640773,MazdakBAMDADAN2,0,0,0,0,5758,0,1,1391.391331,1,0,1,0,0,0,0,0.000324,0.002904,0,0.201218
1336169873370701827,baharlooe,0,0,0,0,2103,0,1,1391.091713,1,0,1,0,0,0,0,0.000323,0.007148,0,0.002936
1336180271415226369,mohamadhosein_2,0,0,0,0,17048,0,1,1391.061713,2,0,2,0,0,0,0,0.000324,0.027576,0,0.138428
1336340638929879040,The1_No1,0,0,0,0,1706,0,1,1390.620475,1,0,1,0,0,0,0,0.000325,0.001709,0,0.008371
1337460720930344968,faryaddarkhafa1,0,0,0,0,7049,0,1,1387.529595,3,0,3,0,0,0,0,0.000325,0.02715,0,0.135826
1337782172049149953,Gaffer_Wolf,0,0,0,0,9294,0,1,1386.642523,2,0,2,0,0,0,0,0.000324,0.020889,0,0.043274
1337783228464320515,amir1apex,0,0,0,0,2649,0,1,1386.639745,1,0,1,0,0,0,0,0.000323,0.020879,0,0.130057
1337975805109035008,Purple___drop,0,0,0,0,890,0,1,1386.108194,1,0,1,0,0,0,0,0.000323,0.004345,0,0.08673
1338550576599195655,5pickkk,0,0,0,0,6390,0,1,1384.522222,1,0,1,0,0,0,0,0.000323,0.004345,0,0.08673
1339166129110065152,GBNEWS,0,0,0,0,676874,0,1,1382.823484,1,0,1,0,0,0,0,0.000323,0.020879,0,0.130057
1339908124417863680,HomaTajbakhsh,0,0,0,0,1200,0,1,1380.775174,1,0,1,0,0,0,0,0.000323,0.004345,0,0.08673
1341450477582643206,ghoghayeSokoot,0,0,0,0,215,0,1,1376.519178,1,0,1,0,0,0,0,0.000323,0.013741,0,0.040338
1341758872453853185,DTehrany,0,0,0,0,41654,0,1,1375.668819,1,0,1,0,0,0,0,0.000323,0.020879,0,0.130057
1342117786550751234,NilloofarAbi,0,0,0,0,7578,0,1,1374.678044,1,0,1,0,0,0,0,0.000323,0.013741,0,0.040338
1342397346836066304,kochar_ir,0,0,0,0,38664,0,1,1373.907118,1,0,1,0,0,0,0,0.000323,0.007148,0,0.002936
1343815994788229121,Zakhe93,0,0,0,0,5455,0,1,1369.992373,1,0,1,0,0,0,0,0.000324,0.00177,0,0.002936
1345627777182138369,samirkh1389,0,0,0,0,3310,0,1,1364.991644,1,0,1,0,0,0,0,0.000323,0.004345,0,0.08673
1345663888789020677,koroshCR7,0,0,0,0,8472,0,1,1364.893137,1,0,1,0,0,0,0,0.000323,0.004345,0,0.08673
1345967445232787458,naghi4tweeter,0,0,0,0,7023,0,1,1364.055532,1,0,1,0,0,0,0,0.000323,0.007148,0,0.002936
1346149931023798274,Homa2021,0,0,0,0,16636,0,1,1363.549745,6,0,6,0,0,0,0,0.000328,0.02503,0,0.459763
1346284191797788673,HelenArjad,0,0,0,0,670,0,1,1363.181319,1,0,1,0,0,0,0,0.000324,0.006261,0,0.092551
1346766381614850048,Sssccpp,0,0,0,0,3822,0,1,1361.850903,5,0,5,0,0,0,0,0.000326,0.04737,0,0.273868
1346873610875654147,SenatorHagerty,0,0,0,0,51957,0,1,1361.555069,1,0,1,0,0,0,0,0.000323,0.020879,0,0.130057
1346902228486021120,limoodiran,0,0,0,0,28321,0,1,1361.475625,1,0,1,0,0,0,0,0.000325,0.002684,0,0.126993
1347130937994215424,mediahadis,0,0,0,0,1689,0,1,1360.844873,1,0,1,0,0,0,0,0.000323,0.013741,0,0.040338
1347817576441769984,Despicable_Man,0,0,0,0,2632,0,1,1358.950208,3,0,3,0,0,0,0,0.000325,0.034288,0,0.225545
1350028591438974976,shahira60210003,0,0,0,0,3422,0,1,1352.848519,1,0,1,0,0,0,0,0.000323,0.004345,0,0.08673
1350416479569719297,Amir_tatatio,0,0,0,0,674,0,1,1351.778565,1,0,1,0,0,0,0,0.000339,0.000011,0,0.006054
1350440736467124227,11__soofi,0,0,0,0,2618,0,1,1351.711528,1,0,1,0,0,0,0,0.000323,0.004345,0,0.08673
1350755437214380037,Sanjaribaf,0,0,0,0,91249,0,1,1350.843194,2,0,2,0,0,0,0,0.000325,0.008406,0,0.016742
1351612304324870145,F7_Arash,0,0,0,0,9709,0,1,1348.478183,1,0,1,0,0,0,0,0.000323,0.020879,0,0.130057
1351943381853868032,TheAkbarShah,0,0,0,0,6501,0,1,1347.565069,3,0,3,0,0,0,0,0.000324,0.028129,0,0.418005
1352042017665265666,ArianMutter,0,0,0,0,4488,0,1,1347.292836,1,0,1,0,0,0,0,0.000323,0.004345,0,0.08673
1352269044330721282,mojgan07798961,0,0,0,0,3334,0,1,1346.6664,1,0,1,0,0,0,0,0.000323,0.004345,0,0.08673
1353040783562125317,MorHogeg,0,0,0,0,16497,0,1,1344.536887,1,0,1,0,0,0,0,0.000323,0.020879,0,0.130057
1353987610725801985,Anonymouus_____,0,0,0,0,186826,0,1,1341.924062,2,0,2,0,0,0,0,0.000324,0.020889,0,0.043274
1354380643568922626,shahr918022281,0,0,0,0,155,0,1,1340.838611,1,0,1,0,0,0,0,0.000323,0.004345,0,0.08673
1354522859754938368,arash_aa64,0,0,0,0,618,0,1,1340.447002,1,0,1,0,0,0,0,0.000323,0.020879,0,0.130057
1355264251636678657,Benjamin2Buton,0,0,0,0,552,0,1,1338.401238,3,0,3,0,0,0,0,0.000326,0.029824,0,0.349602
1355637989213396993,MichaelGReno,0,0,0,0,703,0,1,1337.369769,1,0,1,0,0,0,0,0.000323,0.020879,0,0.130057
1355695922169131010,noodlesss1990,0,0,0,0,0,0,1,1337.210081,1,0,1,0,0,0,0,0.000324,0.002904,0,0.201218
1355721251180961792,GuntherEagleman,0,0,0,0,948062,0,1,1337.140197,1,0,1,0,0,0,0,0.000323,0.007148,0,0.002936
1355904269677899776,4dr_tara,0,0,0,0,492,0,1,1336.635139,2,0,2,0,0,0,0,0.000323,0.03462,0,0.170395
1355977181239902210,callmeshakilla,0,0,0,0,2627,0,1,1336.433958,1,0,1,0,0,0,0,0.000323,0.013741,0,0.040338
1356675835630075906,aniimal_lover,0,0,0,0,1171,0,1,1334.505833,1,0,1,0,0,0,0,0.000323,0.007148,0,0.002936
1357061112458436608,Kasraahmadi13,0,0,0,0,3146,0,1,1333.442685,1,0,1,0,0,0,0,0.000323,0.007148,0,0.002936
1357524552931299330,avatoday_news,0,0,0,0,16194,0,1,1332.163773,1,0,1,0,0,0,0,0.000323,0.013741,0,0.040338
1357941918353793025,IRAANBAAN,0,0,0,0,3424,0,1,1331.012049,1,0,1,0,0,0,0,0.000323,0.004345,0,0.08673
1358404515226136584,sinai980,0,0,0,0,1817,0,1,1329.735648,2,0,2,0,0,0,0,0.000325,0.009314,0,0.160508
1359486817255510018,money90094727,0,0,0,0,1147,0,1,1326.748981,1,0,1,0,0,0,0,0.000323,0.013741,0,0.040338
1360378196731047941,CameronBehzadi,0,0,0,0,11297,0,1,1324.289502,1,0,1,0,0,0,0,0.000325,0.001709,0,0.008371
1361713037892227072,asgharshiri2,0,0,0,0,1106,0,1,1320.605069,1,0,1,0,0,0,0,0.000323,0.013741,0,0.040338
1362425776071577601,USEnvoyIran,0,0,0,0,31879,0,1,1318.638588,1,0,1,0,0,0,0,0.000323,0.020879,0,0.130057
1362436556481581060,Negii2201,0,0,0,0,70,0,1,1318.609479,1,0,1,0,0,0,0,0.000323,0.004345,0,0.08673
1362743107100565505,ImMA8172,0,0,0,0,6021,0,1,1317.763576,3,0,3,0,0,0,0,0.000324,0.041316,0,0.178766
1364203317228953604,inja_injaneb,0,0,0,0,870,0,1,1313.733947,1,0,1,0,0,0,0,0.000323,0.006697,0,0.008371
1364261723377700868,Ehsanviews1,0,0,0,0,4501,0,1,1313.57294,1,0,1,0,0,0,0,0.000323,0.006697,0,0.008371
1364291608896827394,alireigns1011,0,0,0,0,3234,0,1,1313.490475,3,0,3,0,0,0,0,0.000325,0.033837,0,0.230979
1364454278866366464,CryptoVizArt,0,0,0,0,39400,0,1,1313.04162,1,0,1,0,0,0,0,0.000325,0.002684,0,0.126993
1366565625401909249,WallStreetSilv,0,0,0,0,1468421,0,1,1307.215289,1,0,1,0,0,0,0,0.000323,0.007148,0,0.002936
1367036412823035905,NotShelled,0,0,0,0,9672,0,1,1305.916007,1,0,1,0,0,0,0,0.000326,0.000635,0,0.038203
1367537716334837762,SepideJandaghi,0,0,0,0,1287,0,1,1304.528866,1,0,1,0,0,0,0,0.000323,0.007148,0,0.002936
1369735432318181378,Fr33domSeek3r,0,0,0,0,1868,0,1,1298.46838,3,0,3,0,0,0,0,0.000324,0.038965,0,0.257126
1370279648970555392,GhorbaniiNiyak,0,0,0,0,46319,0,1,1296.966597,11,0,11,0,0,0,0,0.000339,0.060164,0,0.887296
1370835229213126658,MolaniaHiwa,0,0,0,0,2817,0,1,1295.433576,1,0,1,0,0,0,0,0.000323,0.013741,0,0.040338
1371110373961646083,KouroshNazarian,0,0,0,0,2245,0,1,1294.674144,1,0,1,0,0,0,0,0.000323,0.004345,0,0.08673
1371395634146725897,Saeed48920740,0,0,0,0,2573,0,1,1293.886678,1,0,1,0,0,0,0,0.000323,0.007148,0,0.002936
1371728288524210177,MasoudSlii,0,0,0,0,3217,0,1,1292.969155,1,0,1,0,0,0,0,0.000323,0.004345,0,0.08673
1372281948241006592,itscallboss,0,0,0,0,889,0,1,1291.441354,1,0,1,0,0,0,0,0.000323,0.013741,0,0.040338
1372750355918856201,Koroshariae2021,0,0,0,0,2637,0,1,1290.148356,1,0,1,0,0,0,0,0.000323,0.004345,0,0.08673
1374066693706821641,eternity_2001,0,0,0,0,1235,0,1,1286.516424,1,0,1,0,0,0,0,0.000323,0.013741,0,0.040338
1374335489998786565,ashkanekh,0,0,0,0,3282,0,1,1285.774572,1,0,1,0,0,0,0,0.000324,0.00177,0,0.002936
1375018307762409472,BLACKchamoMil,0,0,0,0,919,0,1,1283.890428,1,0,1,0,0,0,0,0.000323,0.013741,0,0.040338
1376505811313254403,Malusakam,0,0,0,0,1658,0,1,1279.785741,2,0,2,0,0,0,0,0.000324,0.011493,0,0.089666
1376836681614123011,foroog4,0,0,0,0,2743,0,1,1278.872431,1,0,1,0,0,0,0,0.000325,0.001228,0,0.057333
1376869125939556352,baqeri_meisam,0,0,0,0,72,0,1,1278.783113,1,0,1,0,0,0,0,0.000323,0.007148,0,0.002936
1377491965927899137,AdinHaykin1,0,0,0,0,59081,0,1,1277.063924,3,0,3,0,0,0,0,0.000325,0.029797,0,0.13593
1378255143603437577,jandarck60,0,0,0,0,280,0,1,1274.958241,1,0,1,0,0,0,0,0.000323,0.013741,0,0.040338
1379902152194285575,Gazza_B8,0,0,0,0,2130,0,1,1270.413576,1,0,1,0,0,0,0,0.000323,0.013741,0,0.040338
1380177745557213188,deevesefid,0,0,0,0,3112,0,1,1269.653021,1,0,1,0,0,0,0,0.000323,0.013741,0,0.040338
1380448001945186305,SEskandarii,0,0,0,0,10527,0,1,1268.907106,1,0,1,0,0,0,0,0.000323,0.020879,0,0.130057
1380635931976286212,Cryptol56407054,0,0,0,0,4448,0,1,1268.388681,1,0,1,0,0,0,0,0.000325,0.002684,0,0.126993
1381139295281483776,titii80,0,0,0,0,1829,0,1,1266.999769,1,0,1,0,0,0,0,0.000323,0.013741,0,0.040338
1381396787110498305,massimomorattti,0,0,0,0,2585,0,1,1266.289144,1,0,1,0,0,0,0,0.000326,0.000635,0,0.038203
1382046635660820481,Rezaie1982Mrr,0,0,0,0,1264,0,1,1264.49537,1,0,1,0,0,0,0,0.000323,0.007148,0,0.002936
1382209054999646212,ElonMuskAOC,0,0,0,0,1500638,0,1,1264.047789,1,0,1,0,0,0,0,0.000323,0.007148,0,0.002936
1384075715893612549,AliAghell,0,0,0,0,10821,0,1,1258.896458,1,0,1,0,0,0,0,0.000324,0.002904,0,0.201218
1384818140706652161,fairghh,0,0,0,0,5587,0,1,1256.846331,1,0,1,0,0,0,0,0.000323,0.004345,0,0.08673
1384967675546382339,mikayilh03,0,0,0,0,715,0,1,1256.43544,1,0,1,0,0,0,0,0.000331,0.000426,0,0.002936
1386076323286814724,NoushaEshghi,0,0,0,0,10406,0,1,1253.3761,2,0,2,0,0,0,0,0.000323,0.025224,0,0.216787
1389107495520641024,awes_spad,0,0,0,0,8813,0,1,1245.011343,1,0,1,0,0,0,0,0.000324,0.00177,0,0.002936
1389913567671975937,cb_doge,0,0,0,0,873414,0,1,1242.787141,1,0,1,0,0,0,0,0.000323,0.007148,0,0.002936
1389984802829438976,6ohlxisK6AaGx5Z,0,0,0,0,1741,0,1,1242.590718,1,0,1,0,0,0,0,0.000323,0.004345,0,0.08673
1390618040618954754,mahdina46511139,0,0,0,0,1008,0,1,1240.843113,1,0,1,0,0,0,0,0.000323,0.004345,0,0.08673
1390659332304379908,Farzad2537,0,0,0,0,122,0,1,1240.729317,1,0,1,0,0,0,0,0.000323,0.004345,0,0.08673
1390743022422401024,Malin54449388,0,0,0,0,3461,0,1,1240.498484,1,0,1,0,0,0,0,0.000323,0.004345,0,0.08673
1390746117286019080,winstoon3,0,0,0,0,14195,0,1,1240.489803,1,0,1,0,0,0,0,0.000323,0.004345,0,0.08673
1390863382278987781,Rfrenss,0,0,0,0,13677,0,1,1240.165914,1,0,1,0,0,0,0,0.000323,0.013741,0,0.040338
1391333262581186560,twiterrism819,0,0,0,0,1472,0,1,1238.869734,1,0,1,0,0,0,0,0.000324,0.00177,0,0.002936
1392820108150509571,KnightAnahita22,0,0,0,0,7975,0,1,1234.766794,1,0,1,0,0,0,0,0.000323,0.004345,0,0.08673
1392985949382995977,MehdiVakili20,0,0,0,0,1275,0,1,1234.309155,1,0,1,0,0,0,0,0.000323,0.004345,0,0.08673
1393165262648655875,HOUOMAN,0,0,0,0,1647,0,1,1233.814363,1,0,1,0,0,0,0,0.000325,0.002684,0,0.126993
1393479363132379139,pocohantes2021,0,0,0,0,3437,0,1,1232.947546,2,0,2,0,0,0,0,0.000324,0.00725,0,0.287948
1394066133922156546,SHuARi99,0,0,0,0,15302,0,1,1231.328206,1,0,1,0,0,0,0,0.000323,0.004345,0,0.08673
1394235244849598465,Binava_ii,0,0,0,0,22000,0,1,1230.86184,1,0,1,0,0,0,0,0.000323,0.013741,0,0.040338
1395667127806353410,KhatibiOfficial,0,0,0,0,77378,0,1,1226.910463,4,0,4,0,0,0,0,0.000325,0.048464,0,0.181703
1396462558673055745,Shirzad1968,0,0,0,0,3508,0,1,1224.715312,2,0,2,0,0,0,0,0.000329,0.004688,0,0.206665
1396754048175546369,Amir_Galavani,0,0,0,0,3298,0,1,1223.911181,1,0,1,0,0,0,0,0.000323,0.007148,0,0.002936
1399027834899816448,kaviani_aria,0,0,0,0,661,0,1,1217.636574,1,0,1,0,0,0,0,0.000323,0.013741,0,0.040338
1399977170529931267,titab_inmood,0,0,0,0,944,0,1,1215.016829,1,0,1,0,0,0,0,0.000326,0.000635,0,0.038203
1400169255539146756,Pz_kommandant,0,0,0,0,4440,0,1,1214.487106,2,0,2,0,0,0,0,0.000345,0.001837,0,0.005873
1400766722332938240,yassfid7750,0,0,0,0,6419,0,1,1212.838183,1,0,1,0,0,0,0,0.000323,0.004345,0,0.08673
1400776809994674179,amir7gladbakh,0,0,0,0,657,0,1,1212.810532,1,0,1,0,0,0,0,0.000323,0.013741,0,0.040338
1400850845621698562,marlon00866335,0,0,0,0,2890,0,1,1212.60566,1,0,1,0,0,0,0,0.000323,0.007148,0,0.002936
1400883208292610051,sarmadi_design,0,0,0,0,946,0,1,1212.514965,1,0,1,0,0,0,0,0.000323,0.004345,0,0.08673
1401649992897548289,nadiajr10_,0,0,0,0,940,0,1,1210.400984,1,0,1,0,0,0,0,0.000339,0.000011,0,0.006054
1401998060025266182,Gard_e_Javidan,0,0,0,0,2918,0,1,1209.440463,1,0,1,0,0,0,0,0.000323,0.004345,0,0.08673
1402219113083289604,lastphoneix777,0,0,0,0,3519,0,1,1208.830509,1,0,1,0,0,0,0,0.000331,0.000426,0,0.002936
1402377717526544385,lnahalllnahall,0,0,0,0,33519,0,1,1208.392419,1,0,1,0,0,0,0,0.000325,0.002684,0,0.126993
1403839037409054724,Jordan_2nd,0,0,0,0,9353,0,1,1204.360046,1,0,1,0,0,0,0,0.000323,0.007148,0,0.002936
1404046472908247048,Bahman_Hub,0,0,0,0,509,0,1,1203.787963,1,0,1,0,0,0,0,0.000323,0.004345,0,0.08673
1404118656733360137,JaviidanIran,0,0,0,0,3488,0,1,1203.588773,1,0,1,0,0,0,0,0.000323,0.004345,0,0.08673
1404226129842540546,Arash_sadeghii,0,0,0,0,44493,0,1,1203.292164,3,0,3,0,0,0,0,0.000324,0.041316,0,0.178766
1404812545270157322,Me_Unstoppable2,0,0,0,0,6671,0,1,1201.674051,4,0,4,0,0,0,0,0.000329,0.015701,0,0.314615
1405276496936280068,kianush_znika,0,0,0,0,1616,0,1,1200.393692,1,0,1,0,0,0,0,0.000323,0.004345,0,0.08673
1405625086393171970,pasta_hastam,0,0,0,0,787,0,1,1199.431771,1,0,1,0,0,0,0,0.000323,0.013741,0,0.040338
1405756958225813504,EnZh8i,0,0,0,0,2750,0,1,1199.067789,1,0,1,0,0,0,0,0.000323,0.004345,0,0.08673
1405784354178191361,Timateh,0,0,0,0,164,0,1,1198.992338,1,0,1,0,0,0,0,0.000323,0.013741,0,0.040338
1406194439651987458,Sadaf__12,0,0,0,0,6060,0,1,1197.860683,2,0,2,0,0,0,0,0.000324,0.016645,0,0.241556
1407007740262768642,Naseram0110,0,0,0,0,13886,0,1,1195.616354,6,0,6,0,0,0,0,0.000327,0.05763,0,0.475472
1407074913383555077,HajizadehMoloud,0,0,0,0,8619,0,1,1195.431053,2,0,2,0,0,0,0,0.000324,0.020437,0,0.048709
1407255184527536134,Iranbanoo2024,0,0,0,0,371,0,1,1194.93331,1,0,1,0,0,0,0,0.000325,0.001228,0,0.057333
1407280154087407618,Sardardofgod,0,0,0,0,2106,0,1,1194.864317,1,0,1,0,0,0,0,0.000323,0.006697,0,0.008371
1407320651174711297,KmNegar,0,0,0,0,5500,0,1,1194.752882,3,0,3,0,0,0,0,0.000324,0.027586,0,0.051645
1407699547376193545,5luckyfingers,0,0,0,0,4415,0,1,1193.707326,1,0,1,0,0,0,0,0.000323,0.007148,0,0.002936
1407827385806774273,Gerogan_57,0,0,0,0,2123,0,1,1193.354653,1,0,1,0,0,0,0,0.000324,0.006261,0,0.092551
1407983219623010307,abbcccz,0,0,0,0,2263,0,1,1192.924606,1,0,1,0,0,0,0,0.000331,0.000426,0,0.002936
1408774528445128707,AidaWarahram2,0,0,0,0,2416,0,1,1190.740972,2,0,2,0,0,0,0,0.000329,0.004688,0,0.206665
1408860111443988485,artidiana2,0,0,0,0,1207,0,1,1190.504792,1,0,1,0,0,0,0,0.000325,0.001228,0,0.057333
1409863075805683714,ISefati,0,0,0,0,19882,0,1,1187.737257,1,0,1,0,0,0,0,0.000323,0.020879,0,0.130057
1409954756093693952,forevermr_,0,0,0,0,2535,0,1,1187.484236,1,0,1,0,0,0,0,0.000323,0.013741,0,0.040338
1409996087893524480,persianjewess,0,0,0,0,72755,0,1,1187.370116,3,0,3,0,0,0,0,0.000325,0.029797,0,0.13593
1411423943580389378,Mesi82068361,0,0,0,0,597,0,1,1183.429977,1,0,1,0,0,0,0,0.000323,0.004345,0,0.08673
1412019498748723206,Parav610136875,0,0,0,0,2231,0,1,1181.78625,1,0,1,0,0,0,0,0.000323,0.004345,0,0.08673
1412929188227584000,HayleyMarshallQ,0,0,0,0,655,0,1,1179.276146,2,0,2,0,0,0,0,0.000324,0.02714,0,0.222609
1413224223032631314,Teeegra,0,0,0,0,12720,0,1,1178.462269,1,0,1,0,0,0,0,0.000323,0.020879,0,0.130057
1414139080640770053,BabyfaceFz,0,0,0,0,1652,0,1,1175.937674,2,0,2,0,0,0,0,0.000323,0.028027,0,0.132994
1414957959361273874,hannaa______,0,0,0,0,751,0,1,1173.677512,1,0,1,0,0,0,0,0.000323,0.013741,0,0.040338
1415606338378403842,hoseinshirzad89,0,0,0,0,1577,0,1,1171.88875,1,0,1,0,0,0,0,0.000323,0.006697,0,0.008371
1416018828182556672,Blackja36801561,0,0,0,0,638,0,1,1170.749896,1,0,1,0,0,0,0,0.000323,0.004345,0,0.08673
1416237137805025280,RanaDadpour,0,0,0,0,1697,0,1,1170.148032,1,0,1,0,0,0,0,0.000324,0.006261,0,0.092551
1416368658574680067,oomidvaramm,0,0,0,0,2149,0,1,1169.785174,3,0,3,0,0,0,0,0.000325,0.027389,0,0.374359
1416699698229006340,javidnaam,0,0,0,0,263,0,1,1168.871655,1,0,1,0,0,0,0,0.000325,0.002684,0,0.126993
1417462557229658113,aghachurchill,0,0,0,0,5377,0,1,1166.765799,1,0,1,0,0,0,0,0.000324,0.002904,0,0.201218
1418103877732388865,athlete202122,0,0,0,0,4237,0,1,1164.99684,1,0,1,0,0,0,0,0.000323,0.013741,0,0.040338
1419883110225698816,iran_vdt,0,0,0,0,6976,0,1,1160.087176,1,0,1,0,0,0,0,0.000323,0.004345,0,0.08673
1420591163271118854,iranimerican,0,0,0,0,177,0,1,1158.13265,1,0,1,0,0,0,0,0.000325,0.002684,0,0.126993
1420670138152636416,myfootkin,0,0,0,0,139836,0,1,1157.915405,6,0,6,0,0,0,0,0.000331,0.052755,0,0.460253
1420812686934302721,chosravi,0,0,0,0,1460,0,1,1157.521551,1,0,1,0,0,0,0,0.000323,0.004345,0,0.08673
1421856984534556689,PesareMaziyar,0,0,0,0,1588,0,1,1154.639688,1,0,1,0,0,0,0,0.000323,0.004345,0,0.08673
1421916545605722115,ErfanNajafabadi,0,0,0,0,1030,0,1,1154.475914,2,0,2,0,0,0,0,0.000323,0.03462,0,0.170395
1422124275419340802,matnkhan4,0,0,0,0,1620,0,1,1153.902616,1,0,1,0,0,0,0,0.000324,0.002904,0,0.201218
1422774634139684868,icepiton,0,0,0,0,2146,0,1,1152.10809,1,0,1,0,0,0,0,0.000323,0.006697,0,0.008371
1423352452364001281,_sjd_1012,0,0,0,0,2460,0,1,1150.513646,1,0,1,0,0,0,0,0.000323,0.013741,0,0.040338
1424773543263412229,manjizhastam,0,0,0,0,68,0,1,1146.592164,1,0,1,0,0,0,0,0.000339,0.000011,0,0.006054
1425363841475547139,ReallyRosalie,0,0,0,0,2857,0,1,1144.959225,1,0,1,0,0,0,0,0.000324,0.00177,0,0.002936
1425434938657103874,pinkcherrybud,0,0,0,0,235,0,1,1144.767106,1,0,1,0,0,0,0,0.000323,0.013741,0,0.040338
1425469818669608964,Air0fFreedom,0,0,0,0,3243,0,1,1144.669965,1,0,1,0,0,0,0,0.000329,0.000343,0,0.119935
1425999992674824199,VakilipourR,0,0,0,0,16007,0,1,1143.20772,6,0,6,0,0,0,0,0.000329,0.056768,0,0.341631
1426169532314435585,1mobarezaziran,0,0,0,0,954,0,1,1142.739988,1,0,1,0,0,0,0,0.000323,0.013741,0,0.040338
1426436289788841989,AgnosticLiberal,0,0,0,0,838,0,1,1142.003831,1,0,1,0,0,0,0,0.000323,0.013741,0,0.040338
1426544888213037061,Villllainess,0,0,0,0,2314,0,1,1141.703519,2,0,2,0,0,0,0,0.000325,0.004674,0,0.204154
1426646628337913856,Abooooolfazl,0,0,0,0,1533,0,1,1141.423345,1,0,1,0,0,0,0,0.000339,0.000011,0,0.006054
1427639046545809408,S_iran01,0,0,0,0,2120,0,1,1138.684803,1,0,1,0,0,0,0,0.000323,0.004345,0,0.08673
1428151334218387472,_Reaganite_,0,0,0,0,13931,0,1,1137.271215,1,0,1,0,0,0,0,0.000325,0.001709,0,0.008371
1429400366819512323,RadioGenoa,0,0,0,0,983483,0,1,1133.824525,3,0,3,0,0,0,0,0.000326,0.029255,0,0.190326
1429768389262725121,ShahabHolland,0,0,0,0,1985,0,1,1132.808229,1,0,1,0,0,0,0,0.000323,0.013741,0,0.040338
1430120912146284545,hamedborass,0,0,0,0,2582,0,1,1131.833657,1,0,1,0,0,0,0,0.000323,0.020879,0,0.130057
1430646758909136897,chaterbox3025,0,0,0,0,716,0,1,1130.385058,1,0,1,0,0,0,0,0.000323,0.006697,0,0.008371
1430993414502420488,m4tinbeigi,0,0,0,0,7686,0,1,1129.428588,1,0,1,0,0,0,0,0.000324,0.006261,0,0.092551
1431834155302719493,sabermalekraisi,0,0,0,0,2732,0,1,1127.10853,1,0,1,0,0,0,0,0.000323,0.020879,0,0.130057
1432455008084189186,lilith_st6,0,0,0,0,6625,0,1,1125.395243,1,0,1,0,0,0,0,0.000324,0.002165,0,0.157572
1434152757750026242,F_karamizand,0,0,0,0,504114,0,1,1120.70912,7,0,7,0,0,0,0,0.000332,0.055208,0,0.666905
1435022557317640196,shiraninaroui,0,0,0,0,3966,0,1,1118.309271,2,0,2,0,0,0,0,0.000323,0.03462,0,0.170395
1435167699538223104,Mana_d_75,0,0,0,0,2273,0,1,1117.909664,1,0,1,0,0,0,0,0.000323,0.006697,0,0.008371
1435378342514003970,EkraniSam,0,0,0,0,1635,0,1,1117.328461,2,0,2,0,0,0,0,0.000326,0.015783,0,0.107715
1435902033148715008,Iliaaaa6,0,0,0,0,10023,0,1,1115.883345,5,0,5,0,0,0,0,0.000326,0.054726,0,0.274254
1436310747672424456,adielofisrael,0,0,0,0,15235,0,1,1114.755336,1,0,1,0,0,0,0,0.000323,0.007148,0,0.002936
1437416932458762240,officer_Lew,0,0,0,0,58707,0,1,1111.702917,1,0,1,0,0,0,0,0.000323,0.020879,0,0.130057
1437577781437739013,afshin2019a,0,0,0,0,2136,0,1,1111.2589,3,0,3,0,0,0,0,0.000326,0.025949,0,0.488847
1438539246130827269,Shahinlooo,0,0,0,0,165547,0,1,1108.605914,3,0,3,0,0,0,0,0.000333,0.027567,0,0.225545
1438903465519075333,sam9i8,0,0,0,0,6006,0,1,1107.600926,1,0,1,0,0,0,0,0.000339,0.000011,0,0.006054
1439001331361013766,RADOCLUB,0,0,0,0,30440,0,1,1107.330822,7,0,7,0,0,0,0,0.000331,0.033301,0,0.549063
1439566318554988544,ww3_persia,0,0,0,0,132,0,1,1105.77162,1,0,1,0,0,0,0,0.000324,0.002904,0,0.201218
1439863028393119748,dawshtm,0,0,0,0,1738,0,1,1104.953125,3,0,3,0,0,0,0,0.000324,0.037524,0,0.371613
1440806264255045638,OfficialToomaj,0,0,0,0,757374,0,1,1102.350266,4,0,4,0,0,0,0,0.000325,0.048464,0,0.181703
1441129621273993219,Hasanake_Vakil,0,0,0,0,480,0,1,1101.45765,1,0,1,0,0,0,0,0.000323,0.013741,0,0.040338
1441729982816948230,Babasha81979252,0,0,0,0,5873,0,1,1099.801262,1,0,1,0,0,0,0,0.000323,0.004345,0,0.08673
1441739348626468876,zootopiazz,0,0,0,0,3052,0,1,1099.774815,1,0,1,0,0,0,0,0.000324,0.002904,0,0.201218
1441755172451934213,Loc0m0,0,0,0,0,42834,0,1,1099.731667,1,0,1,0,0,0,0,0.000323,0.006697,0,0.008371
1442496059989643265,_raisininthesun,0,0,0,0,507,0,1,1097.68728,1,0,1,0,0,0,0,0.000323,0.020879,0,0.130057
1442568545066356743,agha_rashti,0,0,0,0,12705,0,1,1097.487292,1,0,1,0,0,0,0,0.000324,0.002904,0,0.201218
1442872950064037889,mhkh58,0,0,0,0,7525,0,1,1096.647187,1,0,1,0,0,0,0,0.000323,0.006697,0,0.008371
1443669752577134601,Peleja11,0,0,0,0,10595,0,1,1094.448484,2,0,2,0,0,0,0,0.000324,0.006115,0,0.089666
1443926663243440139,dokhtaregilak,0,0,0,0,1111,0,1,1093.739213,1,0,1,0,0,0,0,0.000323,0.004345,0,0.08673
1444092138044723203,mehditorbati1,0,0,0,0,241,0,1,1093.282847,1,0,1,0,0,0,0,0.000323,0.006697,0,0.008371
1445106406428921860,HasanAliSalman1,0,0,0,0,117,0,1,1090.483924,1,0,1,0,0,0,0,0.000323,0.020879,0,0.130057
1445137918671077377,zobeyd_e_akani,0,0,0,0,149,0,1,1090.397106,1,0,1,0,0,0,0,0.000331,0.000426,0,0.002936
1445329297917501440,X4LIREZ4X,0,0,0,0,7132,0,1,1089.869097,4,0,4,0,0,0,0,0.000325,0.048029,0,0.265883
1445374618919911431,haalvsh,0,0,0,0,20463,0,1,1089.743993,4,0,4,0,0,0,0,0.000325,0.047578,0,0.271318
1445444813143216140,Hooriehkhodami1,0,0,0,0,9117,0,1,1089.550069,7,0,7,0,0,0,0,0.000333,0.05113,0,0.58415
1446656419567001605,hazliyeah,0,0,0,0,6586,0,1,1086.205637,1,0,1,0,0,0,0,0.000324,0.002165,0,0.157572
1446932149148344320,ClownWorld_,0,0,0,0,2780198,0,1,1085.446065,1,0,1,0,0,0,0,0.000323,0.007148,0,0.002936
1447220996222722054,sadaffadaeian,0,0,0,0,17023,0,1,1084.648553,1,0,1,0,0,0,0,0.000325,0.002684,0,0.126993
1447570457964781570,liloooum,0,0,0,0,0,0,1,1083.68397,1,0,1,0,0,0,0,0.000323,0.004345,0,0.08673
1447648711945990145,fridaka96,0,0,0,0,1159,0,1,1083.468553,1,0,1,0,0,0,0,0.000323,0.013741,0,0.040338
1447983441643933698,h_shyrazi,0,0,0,0,27031,0,1,1082.544734,2,0,2,0,0,0,0,0.000325,0.004674,0,0.204154
1448718795204284440,mtorkamaan1995,0,0,0,0,4661,0,1,1080.515845,3,0,3,0,0,0,0,0.000327,0.035255,0,0.208599
1450038539283013632,MaymoonMast,0,0,0,0,1620,0,1,1076.873993,1,0,1,0,0,0,0,0.000324,0.00177,0,0.002936
1450845340610015246,2the_dark_byte_,0,0,0,0,3422,0,1,1074.647373,1,0,1,0,0,0,0,0.000326,0.000635,0,0.038203
1451665939800416256,tootferangi,0,0,0,0,2779,0,1,1072.383218,1,0,1,0,0,0,0,0.000323,0.004345,0,0.08673
1452622731325890566,ShavazCom,0,0,0,0,666,0,1,1069.742928,1,0,1,0,0,0,0,0.000323,0.013741,0,0.040338
1452988352345612292,iran22851566,0,0,0,0,9385,0,1,1068.733657,2,0,2,0,0,0,0,0.000329,0.004688,0,0.206665
1453386596313669636,sezar00126,0,0,0,0,2838,0,1,1067.634965,2,0,2,0,0,0,0,0.000323,0.018086,0,0.127068
1453987492068212736,shmssyd85,0,0,0,0,1236,0,1,1065.977037,1,0,1,0,0,0,0,0.000323,0.004345,0,0.08673
1454479575015165958,hossein_d15,0,0,0,0,26751,0,1,1064.619144,4,0,4,0,0,0,0,0.000327,0.013988,0,0.364662
1454596183406510081,Tanasoli_Return,0,0,0,0,240343,0,1,1064.296887,1,0,1,0,0,0,0,0.000323,0.007148,0,0.002936
1455106669009121281,ToomajSalehiFan,0,0,0,0,1544,0,1,1062.888519,1,0,1,0,0,0,0,0.000323,0.020879,0,0.130057
1455399386503077891,Belfi58515802,0,0,0,0,745,0,1,1062.080729,1,0,1,0,0,0,0,0.000324,0.002165,0,0.157572
1455566016013012998,Soranmansournia,0,0,0,0,15350,0,1,1061.62088,3,0,3,0,0,0,0,0.000324,0.041316,0,0.178766
1455576852492324872,PiersUncensored,0,0,0,0,440956,0,1,1061.590602,1,0,1,0,0,0,0,0.000324,0.002904,0,0.201218
1456019856579510278,BehrangBabak,0,0,0,0,1157,0,1,1060.368646,1,0,1,0,0,0,0,0.000323,0.007148,0,0.002936
1457348013903462403,orcica,0,0,0,0,30533,0,1,1056.703657,1,0,1,0,0,0,0,0.000323,0.013741,0,0.040338
1457867047334031360,sentdefender,0,0,0,0,1225655,0,1,1055.271389,2,0,2,0,0,0,0,0.000324,0.022649,0,0.132994
1457990941197828096,herbertgreg8,0,0,0,0,15268,0,1,1054.929583,1,0,1,0,0,0,0,0.000323,0.007148,0,0.002936
1458146763504816129,bezarfekrkonam,0,0,0,0,1365,0,1,1054.499155,1,0,1,0,0,0,0,0.000323,0.013741,0,0.040338
1458195278973046784,r_tamizkar,0,0,0,0,7732,0,1,1054.365023,2,0,2,0,0,0,0,0.000324,0.02714,0,0.222609
1458337727536144386,LightofRev,0,0,0,0,5821,0,1,1053.972639,5,0,5,0,0,0,0,0.000326,0.050482,0,0.472535
1458710321439199235,ARo0_7,0,0,0,0,1222,0,1,1052.944468,2,0,2,0,0,0,0,0.000323,0.018086,0,0.127068
1458778569912561668,AmirkhizyMeliss,0,0,0,0,5635,0,1,1052.756169,3,0,3,0,0,0,0,0.000329,0.025605,0,0.324427
1458869065506865155,Ana__Schuster,0,0,0,0,4069,0,1,1052.506146,1,0,1,0,0,0,0,0.000323,0.004345,0,0.08673
1459269542639767556,FereydounJRL,0,0,0,0,11773,0,1,1051.400417,1,0,1,0,0,0,0,0.000324,0.002904,0,0.201218
1459278980972892162,golbarg20201,0,0,0,0,56,0,1,1051.375139,1,0,1,0,0,0,0,0.000323,0.006697,0,0.008371
1459340247217717252,alexharmstrong,0,0,0,0,40962,0,1,1051.206192,1,0,1,0,0,0,0,0.000323,0.020879,0,0.130057
1459731239301169153,ShahinMajelan,0,0,0,0,3913,0,1,1050.126944,1,0,1,0,0,0,0,0.000323,0.004345,0,0.08673
1460678185050386442,JohnnyNash77,0,0,0,0,9983,0,1,1047.514225,2,0,2,0,0,0,0,0.000324,0.027576,0,0.138428
1461216523515621376,Maryam12214429,0,0,0,0,447,0,1,1046.028634,1,0,1,0,0,0,0,0.000323,0.004345,0,0.08673
1461546511511265287,Akhis_pakhis2,0,0,0,0,4237,0,1,1045.117419,2,0,2,0,0,0,0,0.000324,0.020889,0,0.043274
1462088569154154503,DkhtrMaharajh,0,0,0,0,61093,0,1,1043.620903,2,0,2,0,0,0,0,0.000324,0.020889,0,0.043274
1462164421824946182,WatchYalla,0,0,0,0,9154,0,1,1043.41294,2,0,2,0,0,0,0,0.000324,0.00725,0,0.287948
1463813363130150921,Arthas7z,0,0,0,0,893,0,1,1038.862315,1,0,1,0,0,0,0,0.000323,0.004345,0,0.08673
1465046595095965700,HelliAzad,0,0,0,0,882,0,1,1035.459687,1,0,1,0,0,0,0,0.000323,0.006697,0,0.008371
1465843476780695561,5arhang,151,367,120,60,1571,9186,5.722877,1033.260648,2,81,83,5,0.300219,0.362749,0.000014,0.000324,0.02714,0.071671,0.222609
1466143810845560832,arte_alb,0,0,0,0,1465,0,1,1032.431806,1,0,1,0,0,0,0,0.000323,0.006697,0,0.008371
1468341134053330947,koroshkabirq,0,0,0,0,4880,0,1,1026.367882,1,0,1,0,0,0,0,0.000323,0.004345,0,0.08673
1468914874726203393,farangistaheri,0,0,0,0,2455,0,1,1024.785035,1,0,1,0,0,0,0,0.000323,0.004345,0,0.08673
1469707341419401223,theomen1978,0,0,0,0,5427,0,1,1022.59838,3,0,3,0,0,0,0,0.000324,0.041768,0,0.173332
1469776398265069571,ronin47ir,0,0,0,0,8156,0,1,1022.407766,1,0,1,0,0,0,0,0.000323,0.004345,0,0.08673
1470272320803844097,hamivattan,0,0,0,0,344,0,1,1021.036227,1,0,1,0,0,0,0,0.000323,0.004345,0,0.08673
1471414739880189955,kirawontmiss,0,0,0,0,1959930,0,1,1017.886806,1,0,1,0,0,0,0,0.000326,0.000635,0,0.038203
1471433509151592460,balochestan1422,0,0,0,0,4188,0,1,1017.835127,4,0,4,0,0,0,0,0.000326,0.036002,0,0.388551
1471449927909838851,NeoRezM,0,0,0,0,1651,0,1,1017.788137,1,0,1,0,0,0,0,0.000323,0.013741,0,0.040338
1471556912328151045,napelunbonapart,0,0,0,0,10530,0,1,1017.493831,4,0,4,0,0,0,0,0.000327,0.042995,0,0.230664
1471914680021139472,NazaninHonarkar,0,0,0,0,1676,0,1,1016.506817,1,0,1,0,0,0,0,0.000323,0.006697,0,0.008371
1472241014026952708,payandeiranam,0,0,0,0,2250,0,1,1015.606505,1,0,1,0,0,0,0,0.000323,0.004345,0,0.08673
1472273718890139656,RezaMoh41155063,0,0,0,0,1149,0,1,1015.516123,1,0,1,0,0,0,0,0.000323,0.020879,0,0.130057
1472621453036109827,Khosrowalikord2,0,0,0,0,1507,0,1,1014.556968,1,0,1,0,0,0,0,0.000323,0.020879,0,0.130057
1472758506902204423,aliemamiofnyc,0,0,0,0,9126,0,1,1014.178947,1,0,1,0,0,0,0,0.000323,0.004345,0,0.08673
1473294329804324870,Walterakam,2253,8891,178,1517,3905,1330703,16.946651,1012.699549,4,86,90,1,1,1,0.000064,0.000325,0.022659,0.022307,0.084414
1473356476580352005,sogoli_bikhodi,0,0,0,0,1596,0,1,1012.5286,1,0,1,0,0,0,0,0.000323,0.004345,0,0.08673
1473588477652516872,Amin_64A98,0,0,0,0,683,0,1,1011.888611,1,0,1,0,0,0,0,0.000323,0.020879,0,0.130057
1474091860025122817,ShitpostGate,0,0,0,0,1423754,0,1,1010.499468,1,0,1,0,0,0,0,0.000323,0.007148,0,0.002936
1474502684312932354,PBDsPodcast,0,0,0,0,303903,0,1,1009.365856,1,0,1,0,0,0,0,0.000325,0.001228,0,0.057333
1474630031611736067,Mqadi99,0,0,0,0,4575,0,1,1009.014039,1,0,1,0,0,0,0,0.000323,0.007148,0,0.002936
1476638230892232713,goat_Thecreator,0,0,0,0,5915,0,1,1003.472801,1,0,1,0,0,0,0,0.000325,0.001709,0,0.008371
1476923165297233926,mahi3555,0,0,0,0,502,0,1,1002.686215,1,0,1,0,0,0,0,0.000323,0.013741,0,0.040338
1477253437352030208,mss_prisoner,0,0,0,0,5790,0,1,1001.77522,1,0,1,0,0,0,0,0.000323,0.013741,0,0.040338
1477975732907388929,Narges59897716,0,0,0,0,3358,0,1,999.782083,2,0,2,0,0,0,0,0.000323,0.025224,0,0.216787
1478088096574967808,ScottBaughCA47,0,0,0,0,2406,0,1,999.471875,1,0,1,0,0,0,0,0.000323,0.020879,0,0.130057
1478147158859788290,JamesDeanUFO,0,0,0,0,19566,0,1,999.308981,2,0,2,0,0,0,0,0.000324,0.011493,0,0.089666
1478312420976304135,tajolmolook123,0,0,0,0,185,0,1,998.852847,1,0,1,0,0,0,0,0.000323,0.006697,0,0.008371
1478327624657219587,Arman_Nouriyan,0,0,0,0,595,0,1,998.810683,1,0,1,0,0,0,0,0.000323,0.020879,0,0.130057
1478334259131727876,anon__fighter,0,0,0,0,116,0,1,998.791157,1,0,1,0,0,0,0,0.000323,0.013741,0,0.040338
1478508458416787458,Kolbarnews,0,0,0,0,7843,0,1,998.311875,1,0,1,0,0,0,0,0.000323,0.006697,0,0.008371
1478525468475338753,SorooshSina,0,0,0,0,1327,0,1,998.264873,2,0,2,0,0,0,0,0.000324,0.020889,0,0.043274
1478742521559891973,laliSA__79,0,0,0,0,1309,0,1,997.665787,1,0,1,0,0,0,0,0.000324,0.00177,0,0.002936
1478868545752776710,mynameismahsaaa,0,0,0,0,650,0,1,997.318345,1,0,1,0,0,0,0,0.000323,0.013741,0,0.040338
1479060386095714305,Matinsheibii,0,0,0,0,59609,0,1,996.788958,1,0,1,0,0,0,0,0.000323,0.013741,0,0.040338
1479372902151639043,mahrokh19726311,0,0,0,0,1899,0,1,995.926609,1,0,1,0,0,0,0,0.000323,0.004345,0,0.08673
1479902849979011079,kantianism_n,0,0,0,0,855,0,1,994.464213,1,0,1,0,0,0,0,0.000323,0.013741,0,0.040338
1480172511035891717,nilooofarqam,0,0,0,0,3438,0,1,993.72,5,0,5,0,0,0,0,0.00033,0.045607,0,0.457317
1480403487896735750,badbitch7575,0,0,0,0,1204,0,1,993.082257,1,0,1,0,0,0,0,0.000323,0.013741,0,0.040338
1480423559004672003,AccuracyHHM,0,0,0,0,8045,0,1,993.027106,1,0,1,0,0,0,0,0.000323,0.004345,0,0.08673
1480684448542642176,kimba787,0,0,0,0,735,0,1,992.307454,1,0,1,0,0,0,0,0.000323,0.013741,0,0.040338
1481385718614093824,panbedarnaf1,0,0,0,0,233,0,1,990.372106,1,0,1,0,0,0,0,0.000323,0.004345,0,0.08673
1482192462303088640,estemnayi1,0,0,0,0,17520,0,1,988.145914,2,0,2,0,0,0,0,0.000324,0.020002,0,0.132889
1482324572380839936,vahid_nightmare,0,0,0,0,709,0,1,987.781562,1,0,1,0,0,0,0,0.000323,0.013741,0,0.040338
1482396686744002565,Roozbeh2666,0,0,0,0,604,0,1,987.582454,2,0,2,0,0,0,0,0.000323,0.03462,0,0.170395
1482815094828453890,Golareh0,0,0,0,0,504,0,1,986.427894,1,0,1,0,0,0,0,0.000324,0.002165,0,0.157572
1483830741771472899,Rebessaa,0,0,0,0,3160,0,1,983.624757,3,0,3,0,0,0,0,0.000327,0.021073,0,0.086912
1484176439729537042,EdaalateAli1400,0,0,0,0,222615,0,1,982.670498,1,0,1,0,0,0,0,0.000323,0.020879,0,0.130057
1484817563293036548,ieatalexturner1,0,0,0,0,1291,0,1,980.902269,1,0,1,0,0,0,0,0.000326,0.000635,0,0.038203
1485311883271933956,iranariyayi64,0,0,0,0,2956,0,1,979.538183,1,0,1,0,0,0,0,0.000323,0.004345,0,0.08673
1486269461476818950,Persiairany,0,0,0,0,1692,0,1,976.895694,1,0,1,0,0,0,0,0.000323,0.004345,0,0.08673
1486731271157870601,dadban4,0,0,0,0,22000,0,1,975.620995,4,0,4,0,0,0,0,0.000325,0.047578,0,0.271318
1486953838187745280,Amir59717159,0,0,0,0,7413,0,1,975.006921,1,0,1,0,0,0,0,0.000323,0.013741,0,0.040338
1487000148270067717,hamdrezz,0,0,0,0,6852,0,1,974.879236,1,0,1,0,0,0,0,0.000323,0.013741,0,0.040338
1487117686001868806,abhaddadii,0,0,0,0,43126,0,1,974.555139,4,0,4,0,0,0,0,0.000326,0.044,0,0.30576
1487306527690362880,allamehmadjlesi,0,0,0,0,49505,0,1,974.03397,6,0,6,0,0,0,0,0.000339,0.029312,0,0.557487
1488075796782751753,iamdesi30724381,0,0,0,0,2338,0,1,971.910868,1,0,1,0,0,0,0,0.000323,0.004345,0,0.08673
1488835812112441345,Arad60292050,0,0,0,0,11681,0,1,969.813958,2,0,2,0,0,0,0,0.000326,0.005573,0,0.144063
1489383149838733312,Queenaurora209,0,0,0,0,3902,0,1,968.3036,1,0,1,0,0,0,0,0.000323,0.004345,0,0.08673
1489713037149888514,PARSA___YN,0,0,0,0,11191,0,1,967.393299,1,0,1,0,0,0,0,0.000323,0.013741,0,0.040338
1490080950365085696,Revolution_R_,0,0,0,0,9399,0,1,966.377975,3,0,3,0,0,0,0,0.000327,0.007738,0,0.301635
1490267822072729601,atheistChild789,0,0,0,0,3274,0,1,965.861644,3,0,3,0,0,0,0,0.000325,0.013659,0,0.247238
1490453120106868737,VerminusM,0,0,0,0,40864,0,1,965.350961,2,0,2,0,0,0,0,0.000325,0.008857,0,0.011307
1490715391278161924,moltafalireza,0,0,0,0,295,0,1,964.626713,1,0,1,0,0,0,0,0.000339,0.000011,0,0.006054
1490794465308590088,iranioadad,0,0,0,0,555,0,1,964.408692,1,0,1,0,0,0,0,0.000325,0.001709,0,0.008371
1491883391129690121,Aref13091625,0,0,0,0,185,0,1,961.404132,1,0,1,0,0,0,0,0.000323,0.013741,0,0.040338
1491938321358073856,farhadmahmoudi8,0,0,0,0,3486,0,1,961.2525,2,0,2,0,0,0,0,0.000324,0.027576,0,0.138428
1492007194388279333,LibertyCappy,0,0,0,0,830363,0,1,961.062627,2,0,2,0,0,0,0,0.000325,0.008857,0,0.011307
1492065752580599809,GharybEAshena,0,0,0,0,716,0,1,960.900637,1,0,1,0,0,0,0,0.000323,0.004345,0,0.08673
1492124015003111429,GoleAbi3,0,0,0,0,0,0,1,960.740185,1,0,1,0,0,0,0,0.000323,0.013741,0,0.040338
1492677599390322689,weirddalle,0,0,0,0,1900718,0,1,959.212697,1,0,1,0,0,0,0,0.000326,0.000635,0,0.038203
1492782894045179910,Nimpel_2,0,0,0,0,233,0,1,958.921829,1,0,1,0,0,0,0,0.000323,0.013741,0,0.040338
1493519165914820610,torojoonemola,0,0,0,0,152,0,1,956.890394,1,0,1,0,0,0,0,0.000339,0.000011,0,0.006054
1493971461396213766,fardinioo,0,0,0,0,921,0,1,955.642222,1,0,1,0,0,0,0,0.000323,0.007148,0,0.002936
1494236991550115847,DamDami,0,0,0,0,45651,0,1,954.909572,1,0,1,0,0,0,0,0.000323,0.006697,0,0.008371
1494350119881388039,Dokhi_sag,0,0,0,0,107851,0,1,954.59735,4,0,4,0,0,0,0,0.000333,0.014824,0,0.29382
1495414769867624448,shadika88,0,0,0,0,7881,0,1,951.659514,1,0,1,0,0,0,0,0.000323,0.013741,0,0.040338
1496162639873208321,mr_apoptose,0,0,0,0,2341,0,1,949.595556,1,0,1,0,0,0,0,0.000324,0.002904,0,0.201218
1496482431410524172,mahi___cr7,0,0,0,0,2393,0,1,948.713252,1,0,1,0,0,0,0,0.000323,0.013741,0,0.040338
1496784658524258311,amiR20267853,0,0,0,0,665,0,1,947.879329,1,0,1,0,0,0,0,0.000323,0.006697,0,0.008371
1496818693069840390,ShahabNasiri_,0,0,0,0,1195,0,1,947.785266,1,0,1,0,0,0,0,0.000323,0.013741,0,0.040338
1496919051624398854,JM_pensylvani,0,0,0,0,5771,0,1,947.508171,3,0,3,0,0,0,0,0.000324,0.041316,0,0.178766
1496946931540635655,abdolsalammola,0,0,0,0,1220,0,1,947.431319,1,0,1,0,0,0,0,0.000323,0.013741,0,0.040338
1497800562162737152,Tigeress1401,0,0,0,0,10295,0,1,945.075764,1,0,1,0,0,0,0,0.000323,0.004345,0,0.08673
1498290464579063808,Farbodahmadi880,0,0,0,0,2971,0,1,943.723819,1,0,1,0,0,0,0,0.000323,0.006697,0,0.008371
1498372251992748033,alma9877,0,0,0,0,273,0,1,943.496852,1,0,1,0,0,0,0,0.000323,0.013741,0,0.040338
1498372401989664769,Arezoo_8060,0,0,0,0,9589,0,1,943.497928,1,0,1,0,0,0,0,0.000323,0.004345,0,0.08673
1498465360680529930,Animebazi,5,2851,15,97,342,635,4.215669,943.241528,0,13,13,1,1,1,0,0.000323,0,0.002355,0
1498761925353779200,sarbaz_Ssasanid,0,0,0,0,1539,0,1,942.42316,1,0,1,0,0,0,0,0.000323,0.004345,0,0.08673
1499051924649295877,SharifiZarchi,0,0,0,0,129151,0,1,941.622708,1,0,1,0,0,0,0,0.000323,0.006697,0,0.008371
1499079859397615619,BenK40132107,0,0,0,0,804,0,1,941.545775,1,0,1,0,0,0,0,0.000323,0.004345,0,0.08673
1499297465220190209,N_I_E_N_T_E,0,0,0,0,120,0,1,940.944201,1,0,1,0,0,0,0,0.000324,0.006261,0,0.092551
1499474168051503104,NedaGh9,0,0,0,0,2047,0,1,940.457662,1,0,1,0,0,0,0,0.000324,0.00177,0,0.002936
1500282794882314244,Gmod_irian,0,0,0,0,16095,0,1,938.226157,1,0,1,0,0,0,0,0.000324,0.002904,0,0.201218
1500298026530877451,Tondar1985,0,0,0,0,5156,0,1,938.183368,1,0,1,0,0,0,0,0.000323,0.004345,0,0.08673
1500460756298608646,ACathleen3,0,0,0,0,1555,0,1,937.734051,1,0,1,0,0,0,0,0.000323,0.007148,0,0.002936
1500996708553138180,Mehdyarism,0,0,0,0,4801,0,1,936.255718,3,0,3,0,0,0,0,0.000345,0.021106,0,0.12421
1501607924027863040,AngryyyyEastern,0,0,0,0,1372,0,1,934.569664,1,0,1,0,0,0,0,0.000323,0.007148,0,0.002936
1502022951377457160,ARDESHIR005,0,0,0,0,3892,0,1,933.42434,3,0,3,0,0,0,0,0.000325,0.012812,0,0.098037
1502152758887022593,ybensnkr888,0,0,0,0,12388,0,1,933.066088,2,0,2,0,0,0,0,0.000324,0.00725,0,0.287948
1503669118435831812,nashenas012,0,0,0,0,11116,0,1,928.881817,2,0,2,0,0,0,0,0.000339,0.013752,0,0.046392
1503836775290224642,Mahtabh2000,0,0,0,0,1911,0,1,928.419225,1,0,1,0,0,0,0,0.000323,0.004345,0,0.08673
1504067647335510018,Iraniam_2583,0,0,0,0,0,0,1,927.780787,2,0,2,0,0,0,0,0.000324,0.011493,0,0.089666
1504537505084977156,a21pink222,0,0,0,0,385,0,1,926.485312,1,0,1,0,0,0,0,0.000323,0.020879,0,0.130057
1504670147599953923,AhooyePorKeresh,0,0,0,0,207,0,1,926.119363,1,0,1,0,0,0,0,0.000344,0.000217,0,0.080935
1505049788240257024,Ayshyshaki,0,0,0,0,1396,0,1,925.071748,2,0,2,0,0,0,0,0.000323,0.03462,0,0.170395
1505481949854502915,Gerashchenko_en,0,0,0,0,628020,0,1,923.878322,1,0,1,0,0,0,0,0.000323,0.007148,0,0.002936
1505858596810149894,mohmdmahdig,0,0,0,0,8627,0,1,922.839931,1,0,1,0,0,0,0,0.000323,0.013741,0,0.040338
1506110026993348615,sarbazeshahiran,0,0,0,0,936,0,1,922.146192,1,0,1,0,0,0,0,0.000323,0.004345,0,0.08673
1507492955174670338,Persian_picture,0,0,0,0,15817,0,1,918.329711,2,0,2,0,0,0,0,0.000325,0.00507,0,0.35879
1507852646501142532,ordakbarandaz,0,0,0,0,613,0,1,917.337535,1,0,1,0,0,0,0,0.000323,0.020879,0,0.130057
1509128249401659393,RPORED4,0,0,0,0,7360,0,1,913.817384,1,0,1,0,0,0,0,0.000323,0.013741,0,0.040338
1509136805504987144,sadezist81,0,0,0,0,1311,0,1,913.792975,1,0,1,0,0,0,0,0.000323,0.004345,0,0.08673
1509254564469428231,AzizBarandaz,0,0,0,0,6226,0,1,913.468819,1,0,1,0,0,0,0,0.000323,0.004345,0,0.08673
1509301196267601922,icecooffee7,0,0,0,0,3468,0,1,913.340289,1,0,1,0,0,0,0,0.000323,0.013741,0,0.040338
1509552913403756559,koco_1923,0,0,0,0,1078,0,1,912.64566,1,0,1,0,0,0,0,0.000323,0.013741,0,0.040338
1509613366674923528,Janatkhah_ir,0,0,0,0,23653,0,1,912.478843,1,0,1,0,0,0,0,0.000325,0.002684,0,0.126993
1509884686717366287,la_roshfoko,0,0,0,0,1838,0,1,911.729699,1,0,1,0,0,0,0,0.000344,0.000217,0,0.080935
1509974674431782916,gebad_,0,0,0,0,195,0,1,911.481771,1,0,1,0,0,0,0,0.000323,0.004345,0,0.08673
1510009080429088777,MrsJamesAnne,0,0,0,0,1567,0,1,911.386701,1,0,1,0,0,0,0,0.000324,0.002165,0,0.157572
1510386651465400327,artoosham2000,0,0,0,0,793,0,1,910.344896,1,0,1,0,0,0,0,0.000325,0.001228,0,0.057333
1510467812736868354,RabbiApproves,0,0,0,0,152,0,1,910.120903,1,0,1,0,0,0,0,0.000324,0.00177,0,0.002936
1510670877188403209,itsmichalll,0,0,0,0,11637,0,1,909.560602,1,0,1,0,0,0,0,0.000323,0.007148,0,0.002936
1511044478349594624,mehdimoradi84,0,0,0,0,3460,0,1,908.529606,2,0,2,0,0,0,0,0.000326,0.009381,0,0.135364
1511738306836504581,anamahmodiii,0,0,0,0,2773,0,1,906.615174,1,0,1,0,0,0,0,0.000323,0.004345,0,0.08673
1511738725050449920,shimaaa1232,0,0,0,0,2534,0,1,906.614016,1,0,1,0,0,0,0,0.000323,0.004345,0,0.08673
1511744013988241411,E_hsan_2020,0,0,0,0,1146,0,1,906.599421,1,0,1,0,0,0,0,0.000323,0.004345,0,0.08673
1512128457542713360,WoaxRey,0,0,0,0,1139,0,1,905.538576,1,0,1,0,0,0,0,0.000323,0.013741,0,0.040338
1512735323687727104,Armanjasoor,0,0,0,0,7632,0,1,903.862558,1,0,1,0,0,0,0,0.000323,0.004345,0,0.08673
1512887380184862720,validsource20,0,0,0,0,31386,0,1,903.444329,1,0,1,0,0,0,0,0.000323,0.007148,0,0.002936
1513796459019259912,Mansoor_esf,0,0,0,0,862,0,1,900.935313,1,0,1,0,0,0,0,0.000324,0.002904,0,0.201218
1513871250652909569,MedissTavakoli,0,0,0,0,2874,0,1,900.728866,3,0,3,0,0,0,0,0.000324,0.040881,0,0.262947
1514242653424177156,Avtradiing,0,0,0,0,710,0,1,899.704225,1,0,1,0,0,0,0,0.000323,0.004345,0,0.08673
1514897730899902466,GermanShirazi,0,0,0,0,285,0,1,897.896748,1,0,1,0,0,0,0,0.000323,0.020879,0,0.130057
1514905483597037573,Hqkaya,0,0,0,0,11472,0,1,897.875417,7,0,7,0,0,0,0,0.00033,0.052929,0,0.645605
1515018953202053125,iifarrnazii,0,0,0,0,31920,0,1,897.56228,1,0,1,0,0,0,0,0.000325,0.002684,0,0.126993
1517886785212358660,rarac_o,0,0,0,0,2295,0,1,889.648565,1,0,1,0,0,0,0,0.000325,0.002684,0,0.126993
1517947137581105152,letodiona,0,0,0,0,5786,0,1,889.482037,1,0,1,0,0,0,0,0.000323,0.007148,0,0.002936
1518104151674208258,ZechariahSharab,0,0,0,0,21757,0,1,889.048565,1,0,1,0,0,0,0,0.000323,0.007148,0,0.002936
1518680960946130946,real_Ardalan,0,0,0,0,1029,0,1,887.45691,1,0,1,0,0,0,0,0.000323,0.004345,0,0.08673
1518885707321905154,4CKIUI,0,0,0,0,1851,0,1,886.891667,1,0,1,0,0,0,0,0.000323,0.004345,0,0.08673
1519714962754523142,EtehadPahlavism,0,0,0,0,1109,0,1,884.603287,1,0,1,0,0,0,0,0.000323,0.004345,0,0.08673
1520488035808428034,Nobody_Y_S,0,0,0,0,821,0,1,882.470347,2,0,2,0,0,0,0,0.000324,0.02714,0,0.222609
1520886420109512704,Realneo101,0,0,0,0,4398,0,1,881.371111,5,0,5,0,0,0,0,0.000326,0.054726,0,0.274254
1521082166318452739,Sheyshey1367,0,0,0,0,1023,0,1,880.830903,1,0,1,0,0,0,0,0.000323,0.007148,0,0.002936
1521210816497954817,mohammadgntt,0,0,0,0,24873,0,1,880.476007,1,0,1,0,0,0,0,0.000323,0.013741,0,0.040338
1521456975233622016,JTeimasi,0,0,0,0,6421,0,1,879.796563,4,0,4,0,0,0,0,0.000325,0.047578,0,0.271318
1521829657754144770,taraneeii,0,0,0,0,721,0,1,878.767928,2,0,2,0,0,0,0,0.000325,0.015906,0,0.19791
1522023044868296704,paridaryaiiya,0,0,0,0,13200,0,1,878.234641,1,0,1,0,0,0,0,0.000325,0.002684,0,0.126993
1522120048382742528,VMehrannia,0,0,0,0,619,0,1,877.966759,1,0,1,0,0,0,0,0.000323,0.020879,0,0.130057
1522395825468588036,kiyahwillis,0,0,0,0,61088,0,1,877.205613,1,0,1,0,0,0,0,0.000323,0.007148,0,0.002936
1522558616166973442,Hootan_HHH,0,0,0,0,2525,0,1,876.756736,1,0,1,0,0,0,0,0.000323,0.006697,0,0.008371
1522610195737812992,S48945936,0,0,0,0,496,0,1,876.613877,1,0,1,0,0,0,0,0.000324,0.002904,0,0.201218
1522725277368999943,Mokhber_Dokhi,0,0,0,0,1406,0,1,876.296771,1,0,1,0,0,0,0,0.000323,0.006697,0,0.008371
1523040177534517250,max_mad777,0,0,0,0,5618,0,1,875.427824,1,0,1,0,0,0,0,0.000323,0.007148,0,0.002936
1523576001590083584,khodn98,0,0,0,0,3866,0,1,873.948993,2,0,2,0,0,0,0,0.000325,0.023563,0,0.25705
1523736596654215173,Donya22I,0,0,0,0,2146,0,1,873.505602,1,0,1,0,0,0,0,0.000323,0.004345,0,0.08673
1523746208723972100,Mosolchi,1964,608,20,8,15462,4761497,15.98248,873.479572,1,17,18,1,1,1,0.000002,0.000323,0.007148,0.000397,0.002936
1524700831345373184,Arezurose,0,0,0,0,9200,0,1,870.845116,2,0,2,0,0,0,0,0.000324,0.00725,0,0.287948
1524716910318919681,format_32,0,0,0,0,1896,0,1,870.800255,1,0,1,0,0,0,0,0.000323,0.004345,0,0.08673
1524849513252499457,sickfullllll,0,0,0,0,578,0,1,870.435093,1,0,1,0,0,0,0,0.000324,0.006261,0,0.092551
1525051315801542659,rsal9008,0,0,0,0,8175,0,1,869.878183,6,0,6,0,0,0,0,0.000334,0.018615,0,0.576762
1525153468675137536,peransa6365,0,0,0,0,540,0,1,869.595486,1,0,1,0,0,0,0,0.000323,0.004345,0,0.08673
1525236285291503619,KhoshroF,0,0,0,0,1320,0,1,869.367697,2,0,2,0,0,0,0,0.000323,0.03462,0,0.170395
1525371260330561537,1500tasvir_en,0,0,0,0,126602,0,1,868.995301,1,0,1,0,0,0,0,0.000323,0.020879,0,0.130057
1525549110476128256,shayanLM10,0,0,0,0,1901,0,1,868.504606,1,0,1,0,0,0,0,0.000339,0.000011,0,0.006054
1526329814348619776,abelbalb,0,0,0,0,2873,0,1,866.349977,5,0,5,0,0,0,0,0.000329,0.049619,0,0.338695
1526334954837143553,sh_zandvakili,0,0,0,0,5985,0,1,866.335903,1,0,1,0,0,0,0,0.000323,0.004345,0,0.08673
1526610471310094338,DamonShahh,0,0,0,0,390,0,1,865.57566,1,0,1,0,0,0,0,0.000323,0.004345,0,0.08673
1526823888906231809,edix_amir,0,0,0,0,2660,0,1,864.986782,1,0,1,0,0,0,0,0.000323,0.004345,0,0.08673
1526956724174966786,WolfTrump2024,0,0,0,0,554,0,1,864.620289,1,0,1,0,0,0,0,0.000323,0.013741,0,0.040338
1527616101227667456,kiiana1401,0,0,0,0,457,0,1,862.800637,1,0,1,0,0,0,0,0.000323,0.013741,0,0.040338
1529466719332446208,Pourya_Ni,0,0,0,0,1740,0,1,857.694016,1,0,1,0,0,0,0,0.000323,0.004345,0,0.08673
1530063351799091202,rahe_AZADI_5,0,0,0,0,3464,0,1,856.047512,2,0,2,0,0,0,0,0.000325,0.006511,0,0.244302
1530246921171873792,pastjii,0,0,0,0,614,0,1,855.540567,1,0,1,0,0,0,0,0.000323,0.007148,0,0.002936
1530479308157984768,CaroWagner_in,0,0,0,0,1585,0,1,854.899583,2,0,2,0,0,0,0,0.000324,0.02714,0,0.222609
1530705108593520640,sababagherii,0,0,0,0,9845,0,1,854.275984,1,0,1,0,0,0,0,0.000324,0.00177,0,0.002936
1531010899372384258,mamduamiri94,0,0,0,0,5411,0,1,853.432789,1,0,1,0,0,0,0,0.000323,0.020879,0,0.130057
1531082260027281408,Nahalida1,0,0,0,0,2572,0,1,853.235937,1,0,1,0,0,0,0,0.000323,0.004345,0,0.08673
1531634591555002368,mori_pahlavi,0,0,0,0,578,0,1,851.711632,1,0,1,0,0,0,0,0.000323,0.004345,0,0.08673
1531700136182702081,Hame_Chizdan,0,0,0,0,247,0,1,851.530961,1,0,1,0,0,0,0,0.000339,0.000011,0,0.006054
1531784376882761730,Rioooo_M4,0,0,0,0,7133,0,1,851.298322,3,0,3,0,0,0,0,0.000326,0.012218,0,0.361726
1532669036051542019,AwaazKhaneJazz,0,0,0,0,149,0,1,848.856528,1,0,1,0,0,0,0,0.000325,0.002684,0,0.126993
1533438492298166272,KyhanWzart,0,0,0,0,3937,0,1,846.733993,1,0,1,0,0,0,0,0.000323,0.004345,0,0.08673
1533593562755043328,TheLastFist,0,0,0,0,16873,0,1,846.306053,7,0,7,0,0,0,0,0.00033,0.059119,0,0.409618
1533683606463430657,Miladprz1989,0,0,0,0,6790,0,1,846.057639,2,0,2,0,0,0,0,0.000325,0.009314,0,0.160508
1534083976775749632,LiberalMilei27,0,0,0,0,511051,0,1,844.95287,1,0,1,0,0,0,0,0.000323,0.007148,0,0.002936
1534307095314681867,HqHrf,0,0,0,0,4359,0,1,844.336412,1,0,1,0,0,0,0,0.000323,0.004345,0,0.08673
1534818450501246977,sarbazepahlav,0,0,0,0,10974,0,1,842.92566,1,0,1,0,0,0,0,0.000324,0.002165,0,0.157572
1534891907440050176,wojakhouseman,0,0,0,0,589,0,1,842.723368,1,0,1,0,0,0,0,0.000326,0.000635,0,0.038203
1535012336670498835,LoabatK,0,0,0,0,13462,0,1,842.390914,6,0,6,0,0,0,0,0.000329,0.051971,0,0.406682
1535223207707521024,MaryaMahmoodi,0,0,0,0,2397,0,1,841.809132,3,0,3,0,0,0,0,0.000324,0.040881,0,0.262947
1535530856919572480,sonofniche,0,0,0,0,12379,0,1,840.96022,5,0,5,0,0,0,0,0.000327,0.051148,0,0.308696
1535577050299437056,DktrSdr,0,0,0,0,3235,0,1,840.832685,1,0,1,0,0,0,0,0.000323,0.013741,0,0.040338
1535929216734310401,anti_mollah,0,0,0,0,969,0,1,839.860822,1,0,1,0,0,0,0,0.000323,0.020879,0,0.130057
1536247167500922880,baz_migardim,0,0,0,0,252,0,1,838.98353,1,0,1,0,0,0,0,0.000323,0.013741,0,0.040338
1537114095090016257,bbln2024,0,0,0,0,1973,0,1,836.591227,2,0,2,0,0,0,0,0.000324,0.020002,0,0.132889
1537225604554031104,UltraDane,0,0,0,0,211525,0,1,836.283171,1,0,1,0,0,0,0,0.000323,0.007148,0,0.002936
1537424833230917632,DrAlirezaMossa1,0,0,0,0,117,0,1,835.733727,1,0,1,0,0,0,0,0.000325,0.001228,0,0.057333
1538134424608460801,p4bedar,0,0,0,0,905,0,1,833.775694,2,0,2,0,0,0,0,0.000325,0.008862,0,0.165943
1538321027901661185,Balochm96Ahmad,0,0,0,0,2978,0,1,833.260799,2,0,2,0,0,0,0,0.000323,0.03462,0,0.170395
1538749308169859072,Jebheiran,0,0,0,0,41263,0,1,832.078912,5,0,5,0,0,0,0,0.000327,0.050194,0,0.423455
1538859363145814016,artemi__ss,0,0,0,0,825,0,1,831.775197,1,0,1,0,0,0,0,0.000323,0.020879,0,0.130057
1539194693350834177,GordAfaridAI,0,0,0,0,162,0,1,830.849919,1,0,1,0,0,0,0,0.000323,0.004345,0,0.08673
1539834209128161280,DrShehabP,0,0,0,0,3612,0,1,829.085208,1,0,1,0,0,0,0,0.000324,0.002165,0,0.157572
1539842508569600001,kkoohhyyaarr,0,0,0,0,5515,0,1,829.062292,1,0,1,0,0,0,0,0.000323,0.004345,0,0.08673
1539899668481679361,menavisualss,0,0,0,0,117725,0,1,828.904595,1,0,1,0,0,0,0,0.000323,0.007148,0,0.002936
1540007926156468224,Mohammad_eb_86,0,0,0,0,211,0,1,828.605671,1,0,1,0,0,0,0,0.000323,0.020879,0,0.130057
1540120671338041345,aryanbarati66,0,0,0,0,3788,0,1,828.293553,1,0,1,0,0,0,0,0.000323,0.004345,0,0.08673
1540526136257552384,glonesa,0,0,0,0,25371,0,1,827.175833,2,0,2,0,0,0,0,0.000324,0.020889,0,0.043274
1540949578190667776,brgsht8970,0,0,0,0,7684,0,1,826.007164,1,0,1,0,0,0,0,0.000323,0.007148,0,0.002936
1541307617888284672,Zakhvanetti,0,0,0,0,104,0,1,825.019317,1,0,1,0,0,0,0,0.000323,0.013741,0,0.040338
1541318977367973888,Siaasaat,0,0,0,0,7320,0,1,824.987743,2,0,2,0,0,0,0,0.000323,0.018086,0,0.127068
1541321876303224832,Nazdooneh76,0,0,0,0,9179,0,1,824.979803,1,0,1,0,0,0,0,0.000323,0.013741,0,0.040338
1541356074246209537,aokurucz,0,0,0,0,4450,0,1,824.885,1,0,1,0,0,0,0,0.000323,0.004345,0,0.08673
1541766308513062912,mozhgankshavarz,0,0,0,0,3694,0,1,823.753426,2,0,2,0,0,0,0,0.000324,0.027576,0,0.138428
1541840019475685376,ervano13964157,0,0,0,0,434,0,1,823.550255,1,0,1,0,0,0,0,0.000323,0.013741,0,0.040338
1542093223450902529,cheragh_aseman,0,0,0,0,79537,0,1,822.851435,6,0,6,0,0,0,0,0.000344,0.015029,0,0.551974
1542952381062598656,LiterallyPuf,0,0,0,0,959,0,1,820.48059,1,0,1,0,0,0,0,0.000323,0.013741,0,0.040338
1544021875436691460,jijilack,0,0,0,0,2137,0,1,817.529306,1,0,1,0,0,0,0,0.000323,0.007148,0,0.002936
1544539187587825666,baramosaa,0,0,0,0,343,0,1,816.101481,2,0,2,0,0,0,0,0.000324,0.020002,0,0.132889
1545554125043240960,illuminattiiiii,0,0,0,0,889,0,1,813.301019,1,0,1,0,0,0,0,0.000331,0.000426,0,0.002936
1545635600702767104,Myrtle320712581,0,0,0,0,1362,0,1,813.076331,4,0,4,0,0,0,0,0.000328,0.042923,0,0.330324
1545743495029264384,NastyPandi,0,0,0,0,1110,0,1,812.778519,1,0,1,0,0,0,0,0.000323,0.013741,0,0.040338
1546114239324045312,Hossein69481295,0,0,0,0,1000,0,1,811.755579,1,0,1,0,0,0,0,0.000323,0.004345,0,0.08673
1546124879593934856,NFreeIran2022,0,0,0,0,7945,0,1,811.72625,1,0,1,0,0,0,0,0.000323,0.004345,0,0.08673
1547235127343734789,Plasticartman,0,0,0,0,2987,0,1,808.662546,4,0,4,0,0,0,0,0.000328,0.042923,0,0.330324
1548417328861237250,Nasrin4174,0,0,0,0,438,0,1,805.4,1,0,1,0,0,0,0,0.000323,0.004345,0,0.08673
1548744459243982851,huburz,0,0,0,0,4302,0,1,804.497627,3,0,3,0,0,0,0,0.000329,0.004114,0,0.049511
1549463435796447232,kiyananistam,0,0,0,0,1851,0,1,802.512662,2,0,2,0,0,0,0,0.000326,0.014376,0,0.078542
1549565007272222720,fisherman2323,0,0,0,0,2907,0,1,802.233275,1,0,1,0,0,0,0,0.000323,0.004345,0,0.08673
1550936600397447169,CaPiiiiTaN,0,0,0,0,1574,0,1,798.447917,1,0,1,0,0,0,0,0.000323,0.004345,0,0.08673
1551602714517307393,margbar3fased,0,0,0,0,3849,0,1,796.610289,1,0,1,0,0,0,0,0.000323,0.004345,0,0.08673
1551860304291692545,marcu3_aureliu3,0,0,0,0,1781,0,1,795.899444,2,0,2,0,0,0,0,0.000323,0.03462,0,0.170395
1552668883773014021,wlfnobody,0,0,0,0,907,0,1,793.668137,1,0,1,0,0,0,0,0.000323,0.013741,0,0.040338
1552734571178983425,leonam_2,0,0,0,0,2199,0,1,793.48485,2,0,2,0,0,0,0,0.000323,0.025224,0,0.216787
1552795969959636992,EndWokeness,0,0,0,0,3035938,0,1,793.317176,2,0,2,0,0,0,0,0.000325,0.008857,0,0.011307
1553965265917923328,Kermatos,0,0,0,0,1849,0,1,790.09015,2,0,2,0,0,0,0,0.000324,0.020889,0,0.043274
1554223232575840259,nooresiah,0,0,0,0,1581,0,1,789.379051,1,0,1,0,0,0,0,0.000323,0.013741,0,0.040338
1554905423886548992,Mayekhal,0,0,0,0,5807,0,1,787.496516,4,0,4,0,0,0,0,0.000328,0.014491,0,0.149935
1555893800454836225,ahoora004,0,0,0,0,3247,0,1,784.769144,1,0,1,0,0,0,0,0.000323,0.007148,0,0.002936
1555906338403880960,samiir_909,0,0,0,0,247,0,1,784.734514,1,0,1,0,0,0,0,0.000323,0.007148,0,0.002936
1556223142498111488,aaryaansarii,0,0,0,0,156,0,1,783.860405,1,0,1,0,0,0,0,0.000323,0.006697,0,0.008371
1556235233674121216,parwaz22,0,0,0,0,3614,0,1,783.826157,2,0,2,0,0,0,0,0.000324,0.00725,0,0.287948
1556301427034783744,callmeminnnnn,0,0,0,0,1155,0,1,783.644236,1,0,1,0,0,0,0,0.000323,0.013741,0,0.040338
1556720657634889728,frank_1929,0,0,0,0,3283,0,1,782.487407,2,0,2,0,0,0,0,0.000324,0.006115,0,0.089666
1557075393240125443,Cyanide_0044,0,0,0,0,1597,0,1,781.50669,1,0,1,0,0,0,0,0.000323,0.004345,0,0.08673
1557764542821765121,Catsillyness,0,0,0,0,810344,0,1,779.606944,1,0,1,0,0,0,0,0.000326,0.000635,0,0.038203
1557772247930212352,Behrozbenz,0,0,0,0,1778,0,1,779.585556,1,0,1,0,0,0,0,0.000323,0.004345,0,0.08673
1558096687259738112,callmem0siw,0,0,0,0,456,0,1,778.690359,1,0,1,0,0,0,0,0.000323,0.013741,0,0.040338
1558189812389117952,NarrehKhar,0,0,0,0,1505,0,1,778.433403,1,0,1,0,0,0,0,0.000324,0.006261,0,0.092551
1558231456119390209,msrevolte,0,0,0,0,1803,0,1,778.318368,1,0,1,0,0,0,0,0.000323,0.013741,0,0.040338
1558391889681842181,laburnum1000,0,0,0,0,1178,0,1,777.875081,1,0,1,0,0,0,0,0.000323,0.004345,0,0.08673
1558567178345005056,viivienn__,0,0,0,0,724,0,1,777.39184,1,0,1,0,0,0,0,0.000326,0.000635,0,0.038203
1558756902309355520,Mahnush19,0,0,0,0,7217,0,1,776.86816,3,0,3,0,0,0,0,0.000325,0.02099,0,0.328286
1558783775584182272,Tara05397483,0,0,0,0,2724,0,1,776.794329,1,0,1,0,0,0,0,0.000323,0.004345,0,0.08673
1559057553933225985,Fallah13Fallah,0,0,0,0,1189,0,1,776.038507,1,0,1,0,0,0,0,0.000323,0.004345,0,0.08673
1559483198924623874,carnfl,0,0,0,0,7766,0,1,774.864225,1,0,1,0,0,0,0,0.000323,0.013741,0,0.040338
1559508190110404609,JBehieh,0,0,0,0,6542,0,1,774.795278,2,0,2,0,0,0,0,0.000323,0.018086,0,0.127068
1560247010304860161,Shabramz,0,0,0,0,1913,0,1,772.75647,1,0,1,0,0,0,0,0.000323,0.004345,0,0.08673
1560341138283937797,RosebudDonKhoan,0,0,0,0,3782,0,1,772.496424,2,0,2,0,0,0,0,0.000324,0.00725,0,0.287948
1560694796926259200,3orkh,0,0,0,0,515,0,1,771.520937,1,0,1,0,0,0,0,0.000323,0.020879,0,0.130057
1561118056306335744,Sarbaz_Leis4943,0,0,0,0,1222,0,1,770.35169,1,0,1,0,0,0,0,0.000323,0.004345,0,0.08673
1561942105227935746,dr_ali_shojaei,0,0,0,0,169,0,1,768.078819,1,0,1,0,0,0,0,0.000323,0.007148,0,0.002936
1562125109984362498,samanrashnoo,0,0,0,0,6231,0,1,767.573391,3,0,3,0,0,0,0,0.000325,0.033837,0,0.230979
1562418652032684034,shahii1984,0,0,0,0,4638,0,1,766.764016,1,0,1,0,0,0,0,0.000323,0.004345,0,0.08673
1563081643916533760,khodanoor_01,0,0,0,0,2223,0,1,764.934444,3,0,3,0,0,0,0,0.000324,0.041316,0,0.178766
1563443616957497344,hadissabouri,0,0,0,0,2690,0,1,763.933692,1,0,1,0,0,0,0,0.000323,0.013741,0,0.040338
1564065895357583367,avengingX,0,0,0,0,1539,0,1,762.218079,1,0,1,0,0,0,0,0.000323,0.007148,0,0.002936
1564205840881664001,_sarinaez_,0,0,0,0,14297,0,1,761.832002,1,0,1,0,0,0,0,0.000323,0.020879,0,0.130057
1564600735790415874,Ritzyg2000,0,0,0,0,1391,0,1,760.742384,1,0,1,0,0,0,0,0.000323,0.004345,0,0.08673
1565636562817261568,Aria_is_heree,0,0,0,0,1132,0,1,757.883958,1,0,1,0,0,0,0,0.000323,0.013741,0,0.040338
1568303753115144194,HiwaTube,3303,17283,6459,642,10024,1867918,18.976252,750.523426,3,684,687,2,0.773419,0.85352,0.000827,0.000324,0.010053,0.152515,0.290884
1568457709581922304,FunkyMe4Now,0,0,0,0,1049,0,1,750.099398,1,0,1,0,0,0,0,0.000323,0.020879,0,0.130057
1569396042386358274,daneshjo_pishro,0,0,0,0,2072,0,1,747.510058,1,0,1,0,0,0,0,0.000323,0.020879,0,0.130057
1569804670805352448,simurgh2580,0,0,0,0,10986,0,1,746.382072,2,0,2,0,0,0,0,0.000324,0.011493,0,0.089666
1569991642953678849,Mr135900,0,0,0,0,405,0,1,745.866238,1,0,1,0,0,0,0,0.000325,0.001228,0,0.057333
1570110008221745153,freeGirlfreefem,0,0,0,0,413,0,1,745.539711,3,0,3,0,0,0,0,0.000345,0.034837,0,0.251331
1570378242493943810,Delvan_Alireza1,0,0,0,0,2467,0,1,744.798356,1,0,1,0,0,0,0,0.000323,0.004345,0,0.08673
1570433551333560327,rzhbzdeh,0,0,0,0,834,0,1,744.646863,1,0,1,0,0,0,0,0.000323,0.013741,0,0.040338
1570506489143476226,cefalu1500,0,0,0,0,1178,0,1,744.445637,1,0,1,0,0,0,0,0.000323,0.013741,0,0.040338
1570519055554969600,dindaa777,0,0,0,0,1182,0,1,744.411053,1,0,1,0,0,0,0,0.000323,0.004345,0,0.08673
1570672013471285248,TorturedUs,0,0,0,0,113,0,1,743.988322,1,0,1,0,0,0,0,0.000323,0.013741,0,0.040338
1570945344409665541,Shaghayegh_3,0,0,0,0,649,0,1,743.234514,1,0,1,0,0,0,0,0.000323,0.004345,0,0.08673
1571146722335760384,daryo67111018,0,0,0,0,132,0,1,742.679167,1,0,1,0,0,0,0,0.000325,0.002684,0,0.126993
1571245591543308290,Leo_mahiw,0,0,0,0,655,0,1,742.406215,1,0,1,0,0,0,0,0.000324,0.006261,0,0.092551
1571428477236137987,Hossein_68_38,0,0,0,0,13042,0,1,741.901007,1,0,1,0,0,0,0,0.000323,0.004345,0,0.08673
1571556836121391104,Sorena2024King,0,0,0,0,2145,0,1,741.547106,1,0,1,0,0,0,0,0.000323,0.004345,0,0.08673
1571734612153634817,PedramKianipk,0,0,0,0,666,0,1,741.056319,1,0,1,0,0,0,0,0.000323,0.004345,0,0.08673
1571864502647259136,Lillian3003,0,0,0,0,1326,0,1,740.694965,1,0,1,0,0,0,0,0.000323,0.020879,0,0.130057
1571959255393091585,Alak44190056,0,0,0,0,576,0,1,740.436736,3,0,3,0,0,0,0,0.000324,0.041316,0,0.178766
1571959574298607617,jwd06342045,0,0,0,0,4132,0,1,740.436019,1,0,1,0,0,0,0,0.000323,0.004345,0,0.08673
1571988293847334914,Zeidebastami,0,0,0,0,165,0,1,740.35684,1,0,1,0,0,0,0,0.000323,0.013741,0,0.040338
1572011425161420800,Aysan_Iran,0,0,0,0,193,0,1,740.293009,1,0,1,0,0,0,0,0.000323,0.004345,0,0.08673
1572047101202206722,MakanKey,0,0,0,0,1697,0,1,740.19419,1,0,1,0,0,0,0,0.000323,0.004345,0,0.08673
1572088828155887618,Baran98427211,0,0,0,0,364,0,1,740.078796,1,0,1,0,0,0,0,0.000323,0.004345,0,0.08673
1572101650164363264,Wander1Mystical,0,0,0,0,3856,0,1,740.043924,3,0,3,0,0,0,0,0.000328,0.010085,0,0.06864
1572185275362590726,shinestar888,0,0,0,0,0,0,1,739.813229,1,0,1,0,0,0,0,0.000323,0.013741,0,0.040338
1572212877162848262,tii_ech,0,0,0,0,1617,0,1,739.737025,1,0,1,0,0,0,0,0.000323,0.020879,0,0.130057
1572233570403360769,Shiny35347969,0,0,0,0,1849,0,1,739.679965,1,0,1,0,0,0,0,0.000323,0.004345,0,0.08673
1572304057385226240,mohammadd4456,0,0,0,0,9905,0,1,739.485035,3,0,3,0,0,0,0,0.000345,0.020956,0,0.046211
1572309992535109633,bella_s369,0,0,0,0,838,0,1,739.469109,1,0,1,0,0,0,0,0.000323,0.020879,0,0.130057
1572379149083312130,SourenaSouren,0,0,0,0,597,0,1,739.277801,1,0,1,0,0,0,0,0.000323,0.020879,0,0.130057
1572420259730038785,mmdbqry2,0,0,0,0,1005,0,1,739.164815,2,0,2,0,0,0,0,0.000324,0.02714,0,0.222609
1572489095158407169,MattTheRat_,0,0,0,0,7164,0,1,738.974815,1,0,1,0,0,0,0,0.000323,0.020879,0,0.130057
1572506447761575936,h0llyjohnston,0,0,0,0,652,0,1,738.926968,1,0,1,0,0,0,0,0.000323,0.020879,0,0.130057
1572512750030438400,akhuondkosh2,0,0,0,0,3066,0,1,738.909595,5,0,5,0,0,0,0,0.000327,0.033661,0,0.380128
1572543871179018241,antilashi2000,0,0,0,0,333,0,1,738.823727,1,0,1,0,0,0,0,0.000324,0.002165,0,0.157572
1572553626307928066,Aliberalbot,0,0,0,0,764,0,1,738.796377,1,0,1,0,0,0,0,0.000323,0.020879,0,0.130057
1572563296305426433,Mard_e_kohan,0,0,0,0,6147,0,1,738.768935,3,0,3,0,0,0,0,0.000325,0.014398,0,0.290884
1572570659712110593,Cassandana22,0,0,0,0,3328,0,1,738.749699,1,0,1,0,0,0,0,0.000323,0.004345,0,0.08673
1572607148235886599,irandmaa,0,0,0,0,948,0,1,738.649132,2,0,2,0,0,0,0,0.000324,0.027576,0,0.138428
1572610305355554816,karenglasercopy,0,0,0,0,304,0,1,738.640405,1,0,1,0,0,0,0,0.000323,0.020879,0,0.130057
1572644449318215682,lmshygirl,0,0,0,0,464,0,1,738.545625,2,0,2,0,0,0,0,0.000324,0.02714,0,0.222609
1572673424572440576,MntzrSday,0,0,0,0,173,0,1,738.466042,1,0,1,0,0,0,0,0.000323,0.004345,0,0.08673
1572890811150245889,freeiranlive,0,0,0,0,48,0,1,737.866215,1,0,1,0,0,0,0,0.000323,0.013741,0,0.040338
1572916044485824515,maahiiran,0,0,0,0,628,0,1,737.796736,1,0,1,0,0,0,0,0.000323,0.004345,0,0.08673
1572924883788505089,siamak_tadayon,0,0,0,0,2508,0,1,737.772187,1,0,1,0,0,0,0,0.000323,0.020879,0,0.130057
1572926558393745409,Farhangn1Arezoo,0,0,0,0,245,0,1,737.767245,1,0,1,0,0,0,0,0.000323,0.004345,0,0.08673
1572953377503322112,Chahdortt,0,0,0,0,4591,0,1,737.692975,1,0,1,0,0,0,0,0.000324,0.00177,0,0.002936
1572998602892648448,feri_2023,0,0,0,0,1147,0,1,737.5689,1,0,1,0,0,0,0,0.000324,0.002904,0,0.201218
1573000519391518721,IranBan45405993,0,0,0,0,138,0,1,737.563576,1,0,1,0,0,0,0,0.000323,0.004345,0,0.08673
1573035366206111747,NavVviiD,0,0,0,0,493,0,1,737.467442,1,0,1,0,0,0,0,0.000323,0.013741,0,0.040338
1573048354631729153,Pargol2020,0,0,0,0,199,0,1,737.431551,1,0,1,0,0,0,0,0.000323,0.020879,0,0.130057
1573091225200197633,f_poory,0,0,0,0,476,0,1,737.313102,2,0,2,0,0,0,0,0.000324,0.02714,0,0.222609
1573188352471625728,kiku2536,0,0,0,0,624,0,1,737.044352,1,0,1,0,0,0,0,0.000323,0.004345,0,0.08673
1573206335470145536,DokhtIrannn,0,0,0,0,456,0,1,736.995521,1,0,1,0,0,0,0,0.000324,0.002165,0,0.157572
1573212576049242112,payoshiya,0,0,0,0,823,0,1,736.978183,1,0,1,0,0,0,0,0.000323,0.020879,0,0.130057
1573212677983313922,bardi1980,0,0,0,0,7983,0,1,736.977928,1,0,1,0,0,0,0,0.000323,0.004345,0,0.08673
1573221924926373889,ArteshAriamehr,0,0,0,0,4773,0,1,736.952477,3,0,3,0,0,0,0,0.000324,0.032372,0,0.219724
1573268877051576323,lojjhpejkkd,0,0,0,0,774,0,1,736.823113,1,0,1,0,0,0,0,0.000323,0.020879,0,0.130057
1573356576135696385,User10ne,0,0,0,0,399,0,1,736.580972,1,0,1,0,0,0,0,0.000323,0.020879,0,0.130057
1573360580895047683,Zalzalak15,0,0,0,0,1270,0,1,736.569734,1,0,1,0,0,0,0,0.000323,0.013741,0,0.040338
1573382513157980160,sss_parisa,0,0,0,0,942,0,1,736.509248,1,0,1,0,0,0,0,0.000323,0.020879,0,0.130057
1573386955198550017,punkpater,0,0,0,0,1007,0,1,736.496377,1,0,1,0,0,0,0,0.000323,0.020879,0,0.130057
1573393725568557057,Neda73Neda,0,0,0,0,3236,0,1,736.478403,1,0,1,0,0,0,0,0.000323,0.004345,0,0.08673
1573393863317798912,NedaBahar2,0,0,0,0,699,0,1,736.475579,1,0,1,0,0,0,0,0.000324,0.002904,0,0.201218
1573410566185664520,asayrshgah,0,0,0,0,776,0,1,736.432106,1,0,1,0,0,0,0,0.000323,0.013741,0,0.040338
1573412653392809984,Sheila75690425,0,0,0,0,1604,0,1,736.425613,2,0,2,0,0,0,0,0.000323,0.03462,0,0.170395
1573418357042331648,vidarwarrior,0,0,0,0,7458,0,1,736.410475,5,0,5,0,0,0,0,0.000326,0.054726,0,0.274254
1573452109814661120,trollsiasi,0,0,0,0,5585,0,1,736.317326,2,0,2,0,0,0,0,0.000326,0.005573,0,0.144063
1573481287951601664,TahminA07011401,0,0,0,0,1295,0,1,736.236632,1,0,1,0,0,0,0,0.000323,0.004345,0,0.08673
1573510705248075776,Faribatehrani4,0,0,0,0,2270,0,1,736.15581,2,0,2,0,0,0,0,0.000324,0.02714,0,0.222609
1573524842825060356,Donya_iranii,0,0,0,0,1235,0,1,736.115891,1,0,1,0,0,0,0,0.000323,0.020879,0,0.130057
1573547052247777280,morvari52612932,0,0,0,0,633,0,1,736.055498,1,0,1,0,0,0,0,0.000323,0.020879,0,0.130057
1573552355370483713,BondarBidakhsh_,0,0,0,0,1061,0,1,736.04066,1,0,1,0,0,0,0,0.000323,0.013741,0,0.040338
1573593156855255041,sitri00,0,0,0,0,1145,0,1,735.928171,1,0,1,0,0,0,0,0.000323,0.013741,0,0.040338
1573615156713689088,NimaRefelz,0,0,0,0,923,0,1,735.867419,1,0,1,0,0,0,0,0.000323,0.004345,0,0.08673
1573617862446563330,iranianpappppi3,0,0,0,0,32552,0,1,735.860058,5,0,5,0,0,0,0,0.000334,0.012442,0,0.692448
1573619336597626881,knbhgfk,0,0,0,0,3035,0,1,735.855266,1,0,1,0,0,0,0,0.000323,0.004345,0,0.08673
1573626394545881088,sogolisogoliyan,0,0,0,0,2197,0,1,735.836238,1,0,1,0,0,0,0,0.000323,0.004345,0,0.08673
1573696028049555458,BenSusaaa,0,0,0,0,6072,0,1,735.642419,1,0,1,0,0,0,0,0.000326,0.002042,0,0.067377
1573744985744154624,phase_shad,0,0,0,0,1265,0,1,735.509248,1,0,1,0,0,0,0,0.000324,0.002904,0,0.201218
1573755083296309256,imdearie2,0,0,0,0,2837,0,1,735.481389,3,0,3,0,0,0,0,0.000325,0.013263,0,0.092603
1573790642634989569,MariaBabaie,0,0,0,0,115,0,1,735.382824,1,0,1,0,0,0,0,0.000323,0.004345,0,0.08673
1573790732292440064,SedayeShahrivar,0,0,0,0,7796,0,1,735.38206,1,0,1,0,0,0,0,0.000324,0.006261,0,0.092551
1573840959976230912,AlmaIran2012,0,0,0,0,1919,0,1,735.2439,2,0,2,0,0,0,0,0.000325,0.006511,0,0.244302
1573867874430623745,yousef34095102,0,0,0,0,1065,0,1,735.169884,1,0,1,0,0,0,0,0.000323,0.004345,0,0.08673
1573869416218996741,SHAYA9000,0,0,0,0,11703,0,1,735.165602,8,0,8,0,0,0,0,0.000333,0.054057,0,0.588925
1573982906988503041,mehrvash_1,0,0,0,0,5590,0,1,734.852581,1,0,1,0,0,0,0,0.000323,0.004345,0,0.08673
1574008357576376321,GOlVENUS,0,0,0,0,1152,0,1,734.782222,1,0,1,0,0,0,0,0.000323,0.020879,0,0.130057
1574008411360043008,unknownproteste,0,0,0,0,4249,0,1,734.782269,2,0,2,0,0,0,0,0.000324,0.00725,0,0.287948
1574010888834662404,VictoriousIran,0,0,0,0,860,0,1,734.775521,1,0,1,0,0,0,0,0.000323,0.013741,0,0.040338
1574057049465520128,anti_mola,0,0,0,0,1613,0,1,734.647581,1,0,1,0,0,0,0,0.000323,0.004345,0,0.08673
1574114490869862401,saramobarez1,0,0,0,0,6848,0,1,734.489583,1,0,1,0,0,0,0,0.000323,0.004345,0,0.08673
1574202196731756544,hana_paeizi,0,0,0,0,1656,0,1,734.246794,3,0,3,0,0,0,0,0.000324,0.041316,0,0.178766
1574258119961677824,MohamedGolesta1,0,0,0,0,183,0,1,734.091991,1,0,1,0,0,0,0,0.000324,0.002165,0,0.157572
1574354084731228161,IMMEMOSH,0,0,0,0,1232,0,1,733.828507,2,0,2,0,0,0,0,0.000324,0.02714,0,0.222609
1574375381305806849,OfArakis,0,0,0,0,1866,0,1,733.769699,1,0,1,0,0,0,0,0.000323,0.020879,0,0.130057
1574434424971837444,GazaHealth,0,0,0,0,61663,0,1,733.606424,1,0,1,0,0,0,0,0.000323,0.007148,0,0.002936
1574465105793896448,Behnaz610552955,0,0,0,0,1454,0,1,733.52213,1,0,1,0,0,0,0,0.000323,0.020879,0,0.130057
1574481917088612374,Sunny_Azadi,0,0,0,0,1408,0,1,733.475405,2,0,2,0,0,0,0,0.000324,0.02714,0,0.222609
1574488552250933250,amita_0302,0,0,0,0,2357,0,1,733.457072,1,0,1,0,0,0,0,0.000323,0.004345,0,0.08673
1574497778436300801,Nargolsafa,0,0,0,0,4898,0,1,733.431956,1,0,1,0,0,0,0,0.000323,0.004345,0,0.08673
1574521584743768072,Bibaak007,0,0,0,0,2776,0,1,733.365544,1,0,1,0,0,0,0,0.000323,0.004345,0,0.08673
1574532982085505029,sourenasanto,0,0,0,0,3751,0,1,733.334606,1,0,1,0,0,0,0,0.000324,0.00177,0,0.002936
1574540980262404096,iranrioter,0,0,0,0,659,0,1,733.312708,1,0,1,0,0,0,0,0.000323,0.013741,0,0.040338
1574574178757386259,mohammad_x100,0,0,0,0,284,0,1,733.221065,1,0,1,0,0,0,0,0.000323,0.013741,0,0.040338
1574592070651625473,Il_gladi_atore,0,0,0,0,1308,0,1,733.171366,1,0,1,0,0,0,0,0.000323,0.004345,0,0.08673
1574593566260678656,tiregheib,0,0,0,0,1376,0,1,733.167176,1,0,1,0,0,0,0,0.000323,0.020879,0,0.130057
1574639833284321280,ara_aaD2926__ij,0,0,0,0,1999,0,1,733.039919,1,0,1,0,0,0,0,0.000323,0.013741,0,0.040338
1574640419748679680,MyEpiphany11,0,0,0,0,195,0,1,733.038356,1,0,1,0,0,0,0,0.000323,0.006697,0,0.008371
1574647769175887873,Sama_irooni,0,0,0,0,1742,0,1,733.017963,4,0,4,0,0,0,0,0.000325,0.048029,0,0.265883
1574693752077275139,farshadeashour,0,0,0,0,11328,0,1,732.890787,1,0,1,0,0,0,0,0.000323,0.004345,0,0.08673
1574702065628200960,imperial_agent3,0,0,0,0,1029,0,1,732.867859,1,0,1,0,0,0,0,0.000324,0.002904,0,0.201218
1574725052461117440,d_white_rabbit,0,0,0,0,1793,0,1,732.804792,1,0,1,0,0,0,0,0.000323,0.020879,0,0.130057
1574740383141068800,KafirKish,0,0,0,0,780,0,1,732.762338,1,0,1,0,0,0,0,0.000324,0.00177,0,0.002936
1574768749714051073,Tina_tina_7777,0,0,0,0,6456,0,1,732.684213,1,0,1,0,0,0,0,0.000323,0.004345,0,0.08673
1574794216802230272,__EcceHomo2,0,0,0,0,850,0,1,732.613727,1,0,1,0,0,0,0,0.000325,0.001709,0,0.008371
1574837076884951043,rahimy166,0,0,0,0,3309,0,1,732.494931,1,0,1,0,0,0,0,0.000323,0.004345,0,0.08673
1574856289427296256,E_Aria_N,0,0,0,0,27557,0,1,732.44265,6,0,6,0,0,0,0,0.000336,0.034842,0,0.50309
1575135484673769473,Roz12307894322,0,0,0,0,514,0,1,731.67088,1,0,1,0,0,0,0,0.000323,0.020879,0,0.130057
1575348089879252992,marde_khaaste,0,0,0,0,600,0,1,731.08544,1,0,1,0,0,0,0,0.000323,0.020879,0,0.130057
1575389063330537472,MarzieAdinezade,0,0,0,0,31899,0,1,730.972419,1,0,1,0,0,0,0,0.000323,0.020879,0,0.130057
1575389838685224962,BrayeIranam1976,0,0,0,0,1357,0,1,730.969745,1,0,1,0,0,0,0,0.000323,0.004345,0,0.08673
1575507667820462080,SvejkSoldat,0,0,0,0,4601,0,1,730.645139,1,0,1,0,0,0,0,0.000325,0.001709,0,0.008371
1575586442201296897,Nazanin520,0,0,0,0,1417,0,1,730.427766,1,0,1,0,0,0,0,0.000323,0.020879,0,0.130057
1575586879118147585,nikiferferi,0,0,0,0,1794,0,1,730.426331,1,0,1,0,0,0,0,0.000323,0.004345,0,0.08673
1575616273052012544,Am1rone2,0,0,0,0,1339,0,1,730.345486,1,0,1,0,0,0,0,0.000324,0.00177,0,0.002936
1575616764636864512,Action4IR,0,0,0,0,9332,0,1,730.344132,3,0,3,0,0,0,0,0.000327,0.025825,0,0.398652
1575627432073502720,ReinaRezaie,0,0,0,0,445,0,1,730.314537,1,0,1,0,0,0,0,0.000323,0.020879,0,0.130057
1575680697020268545,Heyranjaan,0,0,0,0,856,0,1,730.167512,2,0,2,0,0,0,0,0.000324,0.02714,0,0.222609
1575720008793354240,Mahdi67Fafa,0,0,0,0,97,0,1,730.057905,1,0,1,0,0,0,0,0.000323,0.020879,0,0.130057
1575757122025197569,n_ara30,0,0,0,0,535,0,1,729.956713,1,0,1,0,0,0,0,0.000323,0.020879,0,0.130057
1575792225271046145,SzabadonMagyar,0,0,0,0,7077,0,1,729.85963,1,0,1,0,0,0,0,0.000323,0.020879,0,0.130057
1575805035501735936,MaryAbtArt,0,0,0,0,2409,0,1,729.82441,1,0,1,0,0,0,0,0.000323,0.020879,0,0.130057
1575806040779935744,Baran_Macan,0,0,0,0,786,0,1,729.821875,1,0,1,0,0,0,0,0.000323,0.020879,0,0.130057
1575900763204861952,psychotic_bat,0,0,0,0,6917,0,1,729.560475,1,0,1,0,0,0,0,0.000323,0.020879,0,0.130057
1575979893556404224,ghasssabb,0,0,0,0,2491,0,1,729.342095,1,0,1,0,0,0,0,0.000326,0.000635,0,0.038203
1575992168002502657,SBahrami2022,0,0,0,0,258,0,1,729.308171,1,0,1,0,0,0,0,0.000323,0.020879,0,0.130057
1576019107329282048,arezoubehrang_,0,0,0,0,4402,0,1,729.231458,2,0,2,0,0,0,0,0.000324,0.00725,0,0.287948
1576191537284894722,khodabozorge,0,0,0,0,1626,0,1,728.757951,1,0,1,0,0,0,0,0.000323,0.013741,0,0.040338
1576297375970525184,Mirfendereski_1,0,0,0,0,2092,0,1,728.46566,1,0,1,0,0,0,0,0.000324,0.002165,0,0.157572
1576330210844237825,sarahshamsaei,0,0,0,0,474,0,1,728.371968,2,0,2,0,0,0,0,0.000326,0.014376,0,0.078542
1576513580236787712,MrAmir_30,0,0,0,0,16635,0,1,727.86934,1,0,1,0,0,0,0,0.000323,0.013741,0,0.040338
1576667405710917632,ZTEAM1401,0,0,0,0,4796,0,1,727.444803,2,0,2,0,0,0,0,0.000326,0.022921,0,0.197434
1576702235152732161,Thorin9900,0,0,0,0,580,0,1,727.348738,1,0,1,0,0,0,0,0.000323,0.006697,0,0.008371
1576760969186926592,Shaheenchevv,0,0,0,0,2495,0,1,727.186725,1,0,1,0,0,0,0,0.000324,0.002904,0,0.201218
1576783468453036033,PersianGulf2022,0,0,0,0,741,0,1,727.1236,1,0,1,0,0,0,0,0.000323,0.004345,0,0.08673
1576832970727497728,Robiin_Hoodx,0,0,0,0,3686,0,1,726.987639,2,0,2,0,0,0,0,0.000323,0.03462,0,0.170395
1576905393892114434,fulooode,0,0,0,0,288,0,1,726.786956,1,0,1,0,0,0,0,0.000323,0.007148,0,0.002936
1576935438039793665,RadmanShhram,0,0,0,0,730,0,1,726.70515,1,0,1,0,0,0,0,0.000323,0.004345,0,0.08673
1576980152751308803,heidarian63,0,0,0,0,70,0,1,726.581667,1,0,1,0,0,0,0,0.000323,0.004345,0,0.08673
1577014783618039809,Alic98210073,0,0,0,0,834,0,1,726.486053,1,0,1,0,0,0,0,0.000324,0.002904,0,0.201218
1577272304324775938,Nazanin50015935,0,0,0,0,699,0,1,725.775752,1,0,1,0,0,0,0,0.000323,0.013741,0,0.040338
1577305477788188674,Nariiia8927,0,0,0,0,2712,0,1,725.682789,2,0,2,0,0,0,0,0.000324,0.010607,0,0.179281
1577368887078830080,1500tasvir_list,0,0,0,0,90353,0,1,725.508252,1,0,1,0,0,0,0,0.000323,0.020879,0,0.130057
1577407760882626560,zazzanone,0,0,0,0,905,0,1,725.401169,1,0,1,0,0,0,0,0.000329,0.000343,0,0.119935
1577496868094976000,mahdokht_d,0,0,0,0,1418,0,1,724.418113,1,0,1,0,0,0,0,0.000323,0.006697,0,0.008371
1577647346686590976,Freeplatipous,0,0,0,0,3171,0,1,724.738692,1,0,1,0,0,0,0,0.000323,0.013741,0,0.040338
1577669291637440513,AdlNavid,0,0,0,0,1310,0,1,724.679549,1,0,1,0,0,0,0,0.000323,0.004345,0,0.08673
1577688228236328969,sayneversay3,0,0,0,0,943,0,1,724.627176,1,0,1,0,0,0,0,0.000323,0.013741,0,0.040338
1577715113679020032,sepiedhia,0,0,0,0,23012,0,1,724.553704,3,0,3,0,0,0,0,0.000326,0.009415,0,0.44552
1577818069942108161,GhahramanHamed,0,0,0,0,933,0,1,724.269653,1,0,1,0,0,0,0,0.000323,0.004345,0,0.08673
1577891704132145152,AzadanSoroush,0,0,0,0,4372,0,1,724.065961,1,0,1,0,0,0,0,0.000323,0.020879,0,0.130057
1577918265103376385,kave_eng,0,0,0,0,1292,0,1,723.993206,2,0,2,0,0,0,0,0.000324,0.020889,0,0.043274
1578071628491137026,nasrinkh1343,0,0,0,0,1620,0,1,723.569907,1,0,1,0,0,0,0,0.000323,0.004345,0,0.08673
1578107616525488143,SIAV4AKHSH,0,0,0,0,2935,0,1,723.470556,1,0,1,0,0,0,0,0.000323,0.004345,0,0.08673
1578110314104717317,badaam1212,0,0,0,0,349,0,1,723.46316,1,0,1,0,0,0,0,0.000323,0.020879,0,0.130057
1578129720901861399,Truth7inspired,0,0,0,0,2226,0,1,723.40963,1,0,1,0,0,0,0,0.000324,0.002904,0,0.201218
1578153202305974273,iran_misazamat,0,0,0,0,2142,0,1,723.344028,1,0,1,0,0,0,0,0.000323,0.004345,0,0.08673
1578159420391165952,mehrdadbkhtiari,0,0,0,0,6327,0,1,723.32765,2,0,2,0,0,0,0,0.000324,0.023783,0,0.331275
1578172231573700608,syrzyn1,0,0,0,0,3304,0,1,723.292187,1,0,1,0,0,0,0,0.000323,0.004345,0,0.08673
1578208401506680834,_ArshiaGerami_,0,0,0,0,862,0,1,723.192581,1,0,1,0,0,0,0,0.000323,0.013741,0,0.040338
1578253157720809473,navidlondon031,0,0,0,0,3953,0,1,723.068611,1,0,1,0,0,0,0,0.000323,0.020879,0,0.130057
1578295605243383809,ShireenMKMA1,0,0,0,0,5469,0,1,722.951019,1,0,1,0,0,0,0,0.000323,0.020879,0,0.130057
1578338346107011072,NamelessGuts,0,0,0,0,1329,0,1,722.833206,1,0,1,0,0,0,0,0.000344,0.000217,0,0.080935
1578399264274882560,kooperkooper007,0,0,0,0,13372,0,1,722.665718,3,0,3,0,0,0,0,0.000326,0.009934,0,0.414941
1578441560399699968,NakedAkhoond,0,0,0,0,3149,0,1,722.548935,4,0,4,0,0,0,0,0.00033,0.031866,0,0.416979
1578650348692070402,MGhadyanloo,0,0,0,0,373,0,1,721.973067,1,0,1,0,0,0,0,0.000323,0.004345,0,0.08673
1578763441044656128,khodanashenas,0,0,0,0,513,0,1,721.660799,1,0,1,0,0,0,0,0.000323,0.020879,0,0.130057
1578778381117800450,zane_azadeh1,0,0,0,0,1115,0,1,721.61956,1,0,1,0,0,0,0,0.000323,0.013741,0,0.040338
1578804598017499144,Ha100Fa,0,0,0,0,1269,0,1,721.547338,1,0,1,0,0,0,0,0.000323,0.013741,0,0.040338
1578858951533264902,shm93107857,0,0,0,0,1135,0,1,721.396852,3,0,3,0,0,0,0,0.000324,0.041316,0,0.178766
1578937857045061634,Afkham_minus,0,0,0,0,2298,0,1,721.179734,1,0,1,0,0,0,0,0.000326,0.000635,0,0.038203
1579432854307627009,ashk_shadi,0,0,0,0,1846,0,1,719.813576,1,0,1,0,0,0,0,0.000323,0.020879,0,0.130057
1579527039031320578,maryan1810,0,0,0,0,3813,0,1,719.553738,1,0,1,0,0,0,0,0.000323,0.013741,0,0.040338
1579687453023211521,Nik_Mirbat,0,0,0,0,2636,0,1,719.110671,1,0,1,0,0,0,0,0.000323,0.004345,0,0.08673
1580237113592774658,LiberdadeMulher,0,0,0,0,1604,0,1,717.594375,1,0,1,0,0,0,0,0.000324,0.00177,0,0.002936
1580681279896522753,NAVlD_,0,0,0,0,2817,0,1,716.367662,6,0,6,0,0,0,0,0.000332,0.052266,0,0.477983
1580700104415186947,Simorgh_News,0,0,0,0,5020,0,1,716.316134,1,0,1,0,0,0,0,0.000324,0.006261,0,0.092551
1580960286978236416,BugsBuny90,0,0,0,0,13092,0,1,715.598414,6,0,6,0,0,0,0,0.000331,0.0195,0,0.51416
1581052251623284738,vanitarmart,0,0,0,0,0,0,1,715.344826,3,0,3,0,0,0,0,0.00033,0.016418,0,0.145918
1581380724581879808,swrs22974409,0,0,0,0,942,0,1,714.438576,1,0,1,0,0,0,0,0.000324,0.006261,0,0.092551
1581406223504662530,iranenazila,0,0,0,0,1021,0,1,714.367951,2,0,2,0,0,0,0,0.000324,0.02714,0,0.222609
1581408219410341889,NasserBabakhani,0,0,0,0,2466,0,1,714.362569,1,0,1,0,0,0,0,0.000323,0.013741,0,0.040338
1581651513881108480,SarvinSabet,0,0,0,0,3043,0,1,713.691215,3,0,3,0,0,0,0,0.000324,0.040881,0,0.262947
1581676522104131584,ftima_rz,0,0,0,0,3823,0,1,713.622222,1,0,1,0,0,0,0,0.000323,0.013741,0,0.040338
1582042967350681602,its__violet_,0,0,0,0,3932,0,1,712.611169,3,0,3,0,0,0,0,0.000324,0.040881,0,0.262947
1582151491812528131,GreatIran2023,0,0,0,0,3638,0,1,712.311644,1,0,1,0,0,0,0,0.000323,0.004345,0,0.08673
1582212652146753537,OmidRos51089052,0,0,0,0,139,0,1,712.142338,1,0,1,0,0,0,0,0.000325,0.001228,0,0.057333
1582330170869948417,amir_min1,0,0,0,0,19494,0,1,711.818669,5,0,5,0,0,0,0,0.000326,0.054726,0,0.274254
1582351055102349313,Vahid_Esfa_Shah,0,0,0,0,3069,0,1,711.760845,1,0,1,0,0,0,0,0.000323,0.020879,0,0.130057
1582365583470780417,RROODD88,0,0,0,0,220,0,1,711.720891,1,0,1,0,0,0,0,0.000323,0.013741,0,0.040338
1582367376078766080,soulinabi,0,0,0,0,3037,0,1,711.715972,2,0,2,0,0,0,0,0.000324,0.027576,0,0.138428
1582434046625423361,hasanakevazir2,0,0,0,0,6250,0,1,711.530868,2,0,2,0,0,0,0,0.00033,0.003248,0,0.321152
1582464406403022848,MPLRQ1,0,0,0,0,1941,0,1,711.448206,1,0,1,0,0,0,0,0.000323,0.004345,0,0.08673
1582482448390115328,ZZANewspaper,0,0,0,0,17204,0,1,711.398345,2,0,2,0,0,0,0,0.000325,0.009166,0,0.293769
1582696550039523328,samaniist,0,0,0,0,1407,0,1,710.807639,1,0,1,0,0,0,0,0.000324,0.002904,0,0.201218
1582727532968923137,imrnamas,0,0,0,0,1257,0,1,710.722153,1,0,1,0,0,0,0,0.000323,0.020879,0,0.130057
1582733191672385536,Mahonia72,0,0,0,0,3424,0,1,710.70625,1,0,1,0,0,0,0,0.000323,0.004345,0,0.08673
1582882166597246977,2May19611,0,0,0,0,1764,0,1,710.294873,1,0,1,0,0,0,0,0.000323,0.004345,0,0.08673
1583076982442663937,mojtaba87870597,0,0,0,0,466,0,1,709.757731,1,0,1,0,0,0,0,0.000323,0.004345,0,0.08673
1583100811672014849,Zapatacousin,0,0,0,0,440,0,1,709.69206,1,0,1,0,0,0,0,0.000323,0.007148,0,0.002936
1583145612266070016,hajmaameed,0,0,0,0,8161,0,1,709.568229,1,0,1,0,0,0,0,0.000323,0.004345,0,0.08673
1583173771099541504,FercheWC,0,0,0,0,711,0,1,709.489826,1,0,1,0,0,0,0,0.000323,0.020879,0,0.130057
1583212500232933377,amn83688778,0,0,0,0,3471,0,1,709.383831,2,0,2,0,0,0,0,0.000323,0.018086,0,0.127068
1583428526635880449,Nasimedegar,0,0,0,0,1142,0,1,708.787685,1,0,1,0,0,0,0,0.000323,0.004345,0,0.08673
1584379317965856769,3KooH,0,0,0,0,847,0,1,706.164016,1,0,1,0,0,0,0,0.000323,0.020879,0,0.130057
1584444886979330049,Abraham_jfz,0,0,0,0,271,0,1,705.982616,1,0,1,0,0,0,0,0.000324,0.006261,0,0.092551
1584478266252922880,leonbarandaz3,0,0,0,0,684,0,1,705.890845,1,0,1,0,0,0,0,0.000323,0.004345,0,0.08673
1584518898015260673,ShhrwndF,0,0,0,0,24,0,1,705.77838,1,0,1,0,0,0,0,0.000323,0.020879,0,0.130057
1584591115692511232,Paeezsahra46,0,0,0,0,2686,0,1,705.579363,1,0,1,0,0,0,0,0.000323,0.004345,0,0.08673
1584662934105497600,arez198arez,0,0,0,0,470,0,1,705.381238,1,0,1,0,0,0,0,0.000323,0.020879,0,0.130057
1584869744913547267,Lordoflor1,0,0,0,0,2344,0,1,704.810579,1,0,1,0,0,0,0,0.000323,0.004345,0,0.08673
1585006007096381440,disappointedft,0,0,0,0,0,0,1,704.433333,2,0,2,0,0,0,0,0.000324,0.020889,0,0.043274
1585024494174969869,1111aphrodite,0,0,0,0,677,0,1,704.383252,2,0,2,0,0,0,0,0.000324,0.00725,0,0.287948
1585073200186417154,DrStrangeIR,0,0,0,0,354,0,1,704.247118,1,0,1,0,0,0,0,0.000324,0.006261,0,0.092551
1585098887689388034,sherrysh12,0,0,0,0,1315,0,1,704.178345,1,0,1,0,0,0,0,0.000323,0.020879,0,0.130057
1585218448111828992,Phoenixtrojan,0,0,0,0,615,0,1,703.848183,1,0,1,0,0,0,0,0.000324,0.006261,0,0.092551
1585282599395758083,AfsiRoshi,0,0,0,0,571,0,1,703.669838,1,0,1,0,0,0,0,0.000323,0.004345,0,0.08673
1585388439087849473,Hashimoto616,0,0,0,0,1399,0,1,703.379259,1,0,1,0,0,0,0,0.000323,0.004345,0,0.08673
1585810610356461568,nastaran8888,0,0,0,0,4451,0,1,702.214444,1,0,1,0,0,0,0,0.000323,0.004345,0,0.08673
1585938082213367808,Pahlavist2582,0,0,0,0,3217,0,1,701.862685,1,0,1,0,0,0,0,0.000323,0.004345,0,0.08673
1586142546085945345,sayajm85,0,0,0,0,1359,0,1,701.298252,1,0,1,0,0,0,0,0.000323,0.020879,0,0.130057
1586415498371137537,Ramtinfatehi,0,0,0,0,1816,0,1,700.544884,1,0,1,0,0,0,0,0.000323,0.020879,0,0.130057
1586417570772647943,Shahdad1980p,0,0,0,0,1562,0,1,700.539468,1,0,1,0,0,0,0,0.000323,0.004345,0,0.08673
1586450358339096578,Peaky_991,0,0,0,0,778,0,1,700.449167,2,0,2,0,0,0,0,0.000324,0.02714,0,0.222609
1586622458471514112,7n6qw4mrkb,0,0,0,0,361,0,1,699.974074,1,0,1,0,0,0,0,0.000323,0.013741,0,0.040338
1586782957771132928,aboliam33,0,0,0,0,4325,0,1,699.531285,2,0,2,0,0,0,0,0.000323,0.03462,0,0.170395
1586845491437903882,ToomajArmy,0,0,0,0,1538,0,1,699.358461,2,0,2,0,0,0,0,0.000324,0.027576,0,0.138428
1586916003740585984,021Tehraan,0,0,0,0,2170,0,1,699.164016,1,0,1,0,0,0,0,0.000323,0.020879,0,0.130057
1587050009068941312,PrkKian,0,0,0,0,7,0,1,698.793113,1,0,1,0,0,0,0,0.000324,0.006261,0,0.092551
1587390851700981761,shahrak_ekbatan,0,0,0,0,37908,0,1,697.853669,4,0,4,0,0,0,0,0.000327,0.032189,0,0.348017
1587451015338541058,IliaHashemicom,0,0,0,0,26023,0,1,697.6875,3,0,3,0,0,0,0,0.000325,0.033837,0,0.230979
1587839497336754177,freetoomajnow,0,0,0,0,1128,0,1,696.614965,1,0,1,0,0,0,0,0.000323,0.013741,0,0.040338
1587854999769563136,NikiPatriot,0,0,0,0,2646,0,1,696.573067,1,0,1,0,0,0,0,0.000324,0.002904,0,0.201218
1587884785560592390,Mamakey98,0,0,0,0,747,0,1,696.49081,1,0,1,0,0,0,0,0.000323,0.004345,0,0.08673
1588138345296646145,ShahramMakoui48,0,0,0,0,13302,0,1,695.790845,3,0,3,0,0,0,0,0.000325,0.013659,0,0.247238
1588324962737262592,EMohbbi,0,0,0,0,1866,0,1,695.274063,1,0,1,0,0,0,0,0.000323,0.004345,0,0.08673
1588338369540784129,SSoparo,0,0,0,0,2206,0,1,695.239028,1,0,1,0,0,0,0,0.000323,0.020879,0,0.130057
1588433792645177345,MamaXama15,0,0,0,0,1817,0,1,694.975914,1,0,1,0,0,0,0,0.000323,0.004345,0,0.08673
1588457977983356928,policenama1401,0,0,0,0,3795,0,1,694.909063,1,0,1,0,0,0,0,0.000323,0.004345,0,0.08673
1588740471546847238,mozhganmodaress,0,0,0,0,2095,0,1,694.12934,4,0,4,0,0,0,0,0.000325,0.044221,0,0.379984
1588905411444461569,M__binesh_00,0,0,0,0,1823,0,1,693.674271,2,0,2,0,0,0,0,0.000324,0.00725,0,0.287948
1589170320241565697,PIROOZ03361555,0,0,0,0,632,0,1,692.943148,1,0,1,0,0,0,0,0.000323,0.004345,0,0.08673
1589251101504815106,maedeb9128,0,0,0,0,49,0,1,692.720556,1,0,1,0,0,0,0,0.000323,0.020879,0,0.130057
1589302884100882433,1401_shadow,0,0,0,0,1118,0,1,692.577512,1,0,1,0,0,0,0,0.000323,0.004345,0,0.08673
1589506487155671047,MahtabShalGard,0,0,0,0,148,0,1,692.015162,1,0,1,0,0,0,0,0.000323,0.006697,0,0.008371
1589669680767242246,KhdyjK,0,0,0,0,690,0,1,691.565498,2,0,2,0,0,0,0,0.000324,0.020002,0,0.132889
1589741880778137600,animal_king1024,0,0,0,0,168,0,1,691.366331,1,0,1,0,0,0,0,0.000323,0.013741,0,0.040338
1589767478347026433,H3ngam3h_h,1747,5319,5924,1222,1115,426667,15.079839,691.295613,5,918,923,4,0.414856,0.576702,0.000969,0.00033,0.017684,0.732874,0.42535
1589791380116631552,FreeIranPeople1,0,0,0,0,1195,0,1,691.229595,1,0,1,0,0,0,0,0.000323,0.020879,0,0.130057
1589945343315251200,beni_ta1,0,0,0,0,20675,0,1,690.804086,2,0,2,0,0,0,0,0.000324,0.006115,0,0.089666
1589986640587640834,Riley_Gaines_,0,0,0,0,1236147,0,1,690.690926,1,0,1,0,0,0,0,0.000325,0.001709,0,0.008371
1590078539524628481,kevinirani20,0,0,0,0,190,0,1,690.437106,1,0,1,0,0,0,0,0.000323,0.004345,0,0.08673
1590233116765032448,ZakMountain1,0,0,0,0,542,0,1,690.010637,1,0,1,0,0,0,0,0.000324,0.006261,0,0.092551
1591027073593778177,itsgisou,0,0,0,0,7500,0,1,687.819618,3,0,3,0,0,0,0,0.000327,0.00684,0,0.361726
1591033040293224449,ayazi_kamran,0,0,0,0,3691,0,1,687.802975,1,0,1,0,0,0,0,0.000324,0.00177,0,0.002936
1591250748754518017,payande_iran3,0,0,0,0,1778,0,1,687.202465,1,0,1,0,0,0,0,0.000323,0.004345,0,0.08673
1591396206797881344,mahsa_piraei,0,0,0,0,7701,0,1,686.80103,3,0,3,0,0,0,0,0.000324,0.041316,0,0.178766
1591516360525348865,JenayatNews,0,0,0,0,473,0,1,686.469653,1,0,1,0,0,0,0,0.000323,0.007148,0,0.002936
1591737821693444099,lilith965965,0,0,0,0,1565,0,1,685.858461,1,0,1,0,0,0,0,0.000324,0.00177,0,0.002936
1591777740902080512,sksk808080,0,0,0,0,6231,0,1,685.748079,1,0,1,0,0,0,0,0.000323,0.006697,0,0.008371
1591882058699341824,yasi_rahimi,0,0,0,0,10182,0,1,685.460475,1,0,1,0,0,0,0,0.000323,0.013741,0,0.040338
1591892127784607745,Theoristswarn,0,0,0,0,791,0,1,685.432604,1,0,1,0,0,0,0,0.000324,0.002165,0,0.157572
1591897237638070272,alasht_Iran,0,0,0,0,7239,0,1,685.418519,3,0,3,0,0,0,0,0.000326,0.009415,0,0.44552
1591964800216612866,ChayaRaichik10,0,0,0,0,618091,0,1,685.232199,1,0,1,0,0,0,0,0.000325,0.001709,0,0.008371
1592369249791664136,MFSS06864449,0,0,0,0,303,0,1,684.116146,1,0,1,0,0,0,0,0.000323,0.020879,0,0.130057
1592406136103129088,anushashojai,0,0,0,0,535,0,1,684.014201,1,0,1,0,0,0,0,0.000323,0.020879,0,0.130057
1592598319456571392,jinaroosta,0,0,0,0,709,0,1,683.484028,2,0,2,0,0,0,0,0.000324,0.02714,0,0.222609
1592818045138997253,DokhtarePaeiiiz,0,0,0,0,283,0,1,682.877685,1,0,1,0,0,0,0,0.000323,0.004345,0,0.08673
1592938318869716995,sahariraniiii,0,0,0,0,3094,0,1,682.544641,2,0,2,0,0,0,0,0.000324,0.011493,0,0.089666
1592953989397708802,arnaghshbandi,0,0,0,0,10511,0,1,682.502002,1,0,1,0,0,0,0,0.000323,0.007148,0,0.002936
1593213562050281475,MahMan08,0,0,0,0,428,0,1,681.786238,1,0,1,0,0,0,0,0.000323,0.020879,0,0.130057
1593364889019498497,Lilim31504971,0,0,0,0,2004,0,1,681.3686,1,0,1,0,0,0,0,0.000323,0.004345,0,0.08673
1593498020242489346,DarabBadri,0,0,0,0,529,0,1,681.000486,1,0,1,0,0,0,0,0.000323,0.013741,0,0.040338
1594281654159380480,WorldByWolf,0,0,0,0,12280,0,1,678.83809,1,0,1,0,0,0,0,0.000323,0.020879,0,0.130057
1594326389410480131,zeberry3,0,0,0,0,462,0,1,678.714803,1,0,1,0,0,0,0,0.000323,0.013741,0,0.040338
1594398960772423680,makhbawash,0,0,0,0,442,0,1,678.515185,1,0,1,0,0,0,0,0.000323,0.020879,0,0.130057
1594474722804244482,solilati,0,0,0,0,1909,0,1,678.305752,1,0,1,0,0,0,0,0.000323,0.004345,0,0.08673
1594577098286530561,_smiletowine,0,0,0,0,1492,0,1,678.023484,3,0,3,0,0,0,0,0.000325,0.036785,0,0.327967
1594932772438695938,JavananIran1,0,0,0,0,3123,0,1,677.042095,4,0,4,0,0,0,0,0.000328,0.042923,0,0.330324
1594989443500630016,Esh335C,0,0,0,0,430,0,1,676.884977,1,0,1,0,0,0,0,0.000323,0.013741,0,0.040338
1595059660452601856,Shaya745,0,0,0,0,1972,0,1,676.691956,2,0,2,0,0,0,0,0.000324,0.011493,0,0.089666
1595148883235160078,ErfInstitute,0,0,0,0,1121,0,1,676.445822,1,0,1,0,0,0,0,0.000325,0.001228,0,0.057333
1596117986200506368,sinabarandaz,0,0,0,0,747,0,1,673.771377,1,0,1,0,0,0,0,0.000323,0.004345,0,0.08673
1596154813082763264,Peroz401939762,0,0,0,0,4236,0,1,673.667303,1,0,1,0,0,0,0,0.000323,0.004345,0,0.08673
1596422113686061059,GhazalRanjkesh,0,0,0,0,16354,0,1,672.932292,3,0,3,0,0,0,0,0.000324,0.037524,0,0.371613
1596897029720096768,mostafa81t81,0,0,0,0,2300,0,1,671.621609,1,0,1,0,0,0,0,0.000323,0.004345,0,0.08673
1596898408022921218,IranRevReport,0,0,0,0,4555,0,1,671.61787,1,0,1,0,0,0,0,0.000323,0.020879,0,0.130057
1596914391282319370,Sinnerlondon,0,0,0,0,5416,0,1,671.57375,1,0,1,0,0,0,0,0.000324,0.00177,0,0.002936
1596942321752358913,HyrcaniHRM,0,0,0,0,6421,0,1,671.49485,1,0,1,0,0,0,0,0.000323,0.020879,0,0.130057
1597100235083464704,sarahn1361,0,0,0,0,11454,0,1,671.060799,1,0,1,0,0,0,0,0.000323,0.020879,0,0.130057
1597118108455559169,iran36900,0,0,0,0,2146,0,1,671.011759,1,0,1,0,0,0,0,0.000323,0.020879,0,0.130057
1597531199831932929,WydhDrby,0,0,0,0,346,0,1,669.871076,1,0,1,0,0,0,0,0.000323,0.004345,0,0.08673
1597570287071100930,AyatollahOzmaAn,0,0,0,0,1623,0,1,669.763866,1,0,1,0,0,0,0,0.000323,0.013741,0,0.040338
1598049486282047488,AsHediyeh,0,0,0,0,2649,0,1,668.441435,1,0,1,0,0,0,0,0.000323,0.004345,0,0.08673
1598284922481000454,Azad15Peyman,0,0,0,0,1727,0,1,667.791632,1,0,1,0,0,0,0,0.000323,0.004345,0,0.08673
1598395469868040192,Cheshmabi74,0,0,0,0,1464,0,1,667.486782,1,0,1,0,0,0,0,0.000323,0.004345,0,0.08673
1598459384560078848,GeraldEurope,0,0,0,0,1421,0,1,667.310544,2,0,2,0,0,0,0,0.000326,0.015783,0,0.107715
1598477459594379265,Marlboro_iran,0,0,0,0,149,0,1,667.260509,1,0,1,0,0,0,0,0.000325,0.002684,0,0.126993
1598591841234046977,bachemeymoon,0,0,0,0,2218,0,1,666.944699,2,0,2,0,0,0,0,0.000325,0.004674,0,0.204154
1598614095971995650,Ziya_Sadr,0,0,0,0,6447,0,1,666.883669,1,0,1,0,0,0,0,0.000325,0.002684,0,0.126993
1598739088785510406,DokhtareAryan,0,0,0,0,1288,0,1,666.538356,1,0,1,0,0,0,0,0.000323,0.004345,0,0.08673
1599161136800301057,Maraalxx,0,0,0,0,633,0,1,665.373854,2,0,2,0,0,0,0,0.000323,0.028027,0,0.132994
1599441572495593472,7aban_H,0,0,0,0,7799,0,1,664.600069,1,0,1,0,0,0,0,0.000324,0.002904,0,0.201218
1599477840251998208,Javanehazadi2,0,0,0,0,486,0,1,664.49985,1,0,1,0,0,0,0,0.000323,0.013741,0,0.040338
1599500065332084739,Ali42879780Ali,0,0,0,0,1279,0,1,664.438449,1,0,1,0,0,0,0,0.000323,0.006697,0,0.008371
1599809875126751234,iraneman1402s,0,0,0,0,647,0,1,663.583785,1,0,1,0,0,0,0,0.000323,0.004345,0,0.08673
1600101526458040320,BehzadAghajani9,0,0,0,0,1040,0,1,662.776412,1,0,1,0,0,0,0,0.000323,0.004345,0,0.08673
1600181381220507651,Rappunzell212,0,0,0,0,3946,0,1,662.558646,3,0,3,0,0,0,0,0.000326,0.008281,0,0.247238
1600554559830736910,pirouzimm,0,0,0,0,4805,0,1,661.528958,1,0,1,0,0,0,0,0.000325,0.002684,0,0.126993
1600609186731139074,GhaediMh2,0,0,0,0,1455,0,1,661.377488,1,0,1,0,0,0,0,0.000323,0.013741,0,0.040338
1600610109490487296,modire_jang,0,0,0,0,1516,0,1,661.375637,2,0,2,0,0,0,0,0.000324,0.020002,0,0.132889
1600895767518085121,AtiyeTavakolnia,0,0,0,0,1909,0,1,660.587338,1,0,1,0,0,0,0,0.000325,0.002684,0,0.126993
1600965775321452552,CatShoshanna,0,0,0,0,13423,0,1,660.39397,1,0,1,0,0,0,0,0.000324,0.00177,0,0.002936
1600978011477549056,kindgirl2022,0,0,0,0,5025,0,1,660.360394,1,0,1,0,0,0,0,0.000323,0.004345,0,0.08673
1601036098444005376,shiriinii,0,0,0,0,421,0,1,660.200023,1,0,1,0,0,0,0,0.000323,0.020879,0,0.130057
1601248435121930242,mid141414,0,0,0,0,273,0,1,659.614028,1,0,1,0,0,0,0,0.000324,0.006261,0,0.092551
1601424957988548608,GroupNika,0,0,0,0,840,0,1,659.127083,1,0,1,0,0,0,0,0.000323,0.020879,0,0.130057
1601499135487754241,lmmortal__guard,0,0,0,0,433,0,1,658.92235,1,0,1,0,0,0,0,0.000323,0.004345,0,0.08673
1601507567917727744,DamonHetfield,0,0,0,0,2300,0,1,658.899028,1,0,1,0,0,0,0,0.000323,0.013741,0,0.040338
1601730581255147525,1RedHat,0,0,0,0,2979,0,1,658.283738,1,0,1,0,0,0,0,0.000326,0.002042,0,0.067377
1601754370986614784,JessieTheJudas,0,0,0,0,3963,0,1,658.217882,3,0,3,0,0,0,0,0.000328,0.022044,0,0.200266
1601881008957276160,ka_parisa_,0,0,0,0,2057,0,1,657.868125,1,0,1,0,0,0,0,0.000323,0.004345,0,0.08673
1602137585693982721,IranAzad54321,0,0,0,0,1528,0,1,657.160648,3,0,3,0,0,0,0,0.000328,0.008157,0,0.157043
1602570859041783814,ImamToosi,0,0,0,0,4857,0,1,655.964942,1,0,1,0,0,0,0,0.000323,0.007148,0,0.002936
1602757312539680770,RepWilliams,0,0,0,0,3790,0,1,655.45044,1,0,1,0,0,0,0,0.000323,0.007148,0,0.002936
1602916310312173569,Nahidmmm,0,0,0,0,1440,0,1,655.011516,2,0,2,0,0,0,0,0.000324,0.027576,0,0.138428
1602922377419292672,Kouroshvaliam,0,0,0,0,122,0,1,654.993345,1,0,1,0,0,0,0,0.000323,0.004345,0,0.08673
1603123931627520000,SHAH_2582,0,0,0,0,1137,0,1,654.437928,1,0,1,0,0,0,0,0.000323,0.004345,0,0.08673
1603217127053590530,ShahGangsta,0,0,0,0,1769,0,1,654.18162,1,0,1,0,0,0,0,0.000323,0.020879,0,0.130057
1603240110757412864,SteveL_99,0,0,0,0,1958,0,1,654.118218,2,0,2,0,0,0,0,0.000323,0.03462,0,0.170395
1603475895624339480,soh362,0,0,0,0,439,0,1,653.467581,1,0,1,0,0,0,0,0.000323,0.020879,0,0.130057
1603604458768072705,JoOldooz,0,0,0,0,2237,0,1,653.112801,1,0,1,0,0,0,0,0.000324,0.002165,0,0.157572
1603747790773002240,javidshah_72,0,0,0,0,2054,0,1,652.717199,1,0,1,0,0,0,0,0.000323,0.004345,0,0.08673
1603767524406984706,daryadar_iran,0,0,0,0,2112,0,1,652.662002,1,0,1,0,0,0,0,0.000323,0.004345,0,0.08673
1603856705120399360,mulan752,0,0,0,0,722,0,1,652.41647,1,0,1,0,0,0,0,0.000323,0.013741,0,0.040338
1603976487111389186,Iranian_Ava,0,0,0,0,1899,0,1,652.086238,2,0,2,0,0,0,0,0.000324,0.02714,0,0.222609
1604871555770482688,Rastin_Research,0,0,0,0,10362,0,1,649.61625,1,0,1,0,0,0,0,0.000325,0.001709,0,0.008371
1605464791161741312,TheAvenger1st,0,0,0,0,1676,0,1,647.979201,1,0,1,0,0,0,0,0.000323,0.004345,0,0.08673
1605505702809796608,JahanBakhsh133,0,0,0,0,4202,0,1,647.865463,2,0,2,0,0,0,0,0.000325,0.008406,0,0.016742
1606013292589219840,selena_nfrd,0,0,0,0,633,0,1,646.465648,1,0,1,0,0,0,0,0.000323,0.020879,0,0.130057
1606479710812340226,Iran_123321,0,0,0,0,2055,0,1,645.178449,1,0,1,0,0,0,0,0.000323,0.006697,0,0.008371
1607157175314681858,IJCollective,0,0,0,0,1450,0,1,643.309062,1,0,1,0,0,0,0,0.000323,0.020879,0,0.130057
1607203899403902977,torkaman72,0,0,0,0,5980,0,1,643.180208,1,0,1,0,0,0,0,0.000323,0.020879,0,0.130057
1607707509380288513,SasanChx,0,0,0,0,1093,0,1,641.790313,1,0,1,0,0,0,0,0.000323,0.020879,0,0.130057
1608512145569751042,IRAN1366613,0,0,0,0,172,0,1,639.569769,1,0,1,0,0,0,0,0.000323,0.004345,0,0.08673
1610929367101628416,paanziii,0,0,0,0,392,0,1,632.899873,1,0,1,0,0,0,0,0.000323,0.013741,0,0.040338
1610979512249982978,1997_shelbi,0,0,0,0,311,0,1,632.761528,1,0,1,0,0,0,0,0.000323,0.004345,0,0.08673
1611138873496637440,RepMillsPress,0,0,0,0,23798,0,1,632.321782,1,0,1,0,0,0,0,0.000323,0.020879,0,0.130057
1611496006847266819,pishibia,0,0,0,0,323,0,1,631.336331,1,0,1,0,0,0,0,0.000326,0.000635,0,0.038203
1611577290135142402,Sepidehsani,0,0,0,0,1455,0,1,631.110648,1,0,1,0,0,0,0,0.000323,0.004345,0,0.08673
1611659195866308608,Mo0hix,0,0,0,0,0,0,1,630.88581,1,0,1,0,0,0,0,0.000323,0.013741,0,0.040338
1612108812130963465,abas_boazarr,0,0,0,0,898,0,1,629.645243,4,0,4,0,0,0,0,0.000325,0.047578,0,0.271318
1612118604207497217,Yavarmoshirfar,0,0,0,0,4594,0,1,629.618183,1,0,1,0,0,0,0,0.000323,0.006697,0,0.008371
1612207845642047492,Satiiiia1,0,0,0,0,1421,0,1,629.371713,1,0,1,0,0,0,0,0.000323,0.004345,0,0.08673
1612537175328825359,Mahdiyc1,0,0,0,0,2031,0,1,628.462778,2,0,2,0,0,0,0,0.000323,0.025224,0,0.216787
1612794343911297025,maroofian_n,0,0,0,0,27912,0,1,627.753426,4,0,4,0,0,0,0,0.000327,0.043358,0,0.246143
1613202339376005122,Arash_Army,0,0,0,0,4468,0,1,626.62728,2,0,2,0,0,0,0,0.000323,0.03462,0,0.170395
1613674746008174593,FarzadadazraF,0,0,0,0,930,0,1,625.323912,1,0,1,0,0,0,0,0.000323,0.004345,0,0.08673
1613899373972422659,bibiliiii,0,0,0,0,146,0,1,624.704294,1,0,1,0,0,0,0,0.000323,0.006697,0,0.008371
1613903983030026240,Ario1401,0,0,0,0,9388,0,1,624.691528,3,0,3,0,0,0,0,0.000325,0.019856,0,0.130005
1614081022425022465,i_shezem,0,0,0,0,1958,0,1,624.201863,1,0,1,0,0,0,0,0.000323,0.004345,0,0.08673
1614248702780080132,strawmellii,0,0,0,0,0,0,1,623.740347,1,0,1,0,0,0,0,0.000326,0.000635,0,0.038203
1614396569163276289,f3lf3ly2,0,0,0,0,2819,0,1,623.332014,2,0,2,0,0,0,0,0.000324,0.02714,0,0.222609
1614710690278670339,amunima,0,0,0,0,15332,0,1,622.465278,3,0,3,0,0,0,0,0.000326,0.037304,0,0.297389
1614962275571404809,Salari_goodgirl,0,0,0,0,384,0,1,621.770729,1,0,1,0,0,0,0,0.000323,0.013741,0,0.040338
1615007253911973888,_af_ra_v,0,0,0,0,1437,0,1,621.647037,1,0,1,0,0,0,0,0.000324,0.00177,0,0.002936
1615729880586485760,shiganchina2,0,0,0,0,928,0,1,619.652812,3,0,3,0,0,0,0,0.000329,0.018467,0,0.234708
1616136377124388865,Pedar_Bozorgggg,0,0,0,0,3477,0,1,618.531343,3,0,3,0,0,0,0,0.000325,0.013263,0,0.092603
1616347429389078528,lmmortal_guard,0,0,0,0,2213,0,1,617.948831,1,0,1,0,0,0,0,0.000323,0.004345,0,0.08673
1616585928381763585,Carlos__Khan,0,0,0,0,883,0,1,617.290741,1,0,1,0,0,0,0,0.000324,0.00177,0,0.002936
1616717831168475137,llirateirateir5,0,0,0,0,231,0,1,616.925961,1,0,1,0,0,0,0,0.000323,0.004345,0,0.08673
1616731570668290050,titan1397,0,0,0,0,567,0,1,616.888345,1,0,1,0,0,0,0,0.000323,0.004345,0,0.08673
1616781489949282305,sabz7076,0,0,0,0,514,0,1,616.751192,1,0,1,0,0,0,0,0.000323,0.013741,0,0.040338
1616812867642347522,asadola_alam,0,0,0,0,1007,0,1,616.664514,3,0,3,0,0,0,0,0.00033,0.007593,0,0.407882
1616954341851648000,CheNahaara,0,0,0,0,5595,0,1,616.273727,1,0,1,0,0,0,0,0.000323,0.004345,0,0.08673
1617139604884230145,dragonerdx,0,0,0,0,905,0,1,615.745336,1,0,1,0,0,0,0,0.000331,0.000426,0,0.002936
1617271743206268929,MohammadRnFr,0,0,0,0,2708,0,1,615.39838,2,0,2,0,0,0,0,0.000323,0.018086,0,0.127068
1617492298950135810,KhabarCheh,0,0,0,0,3559,0,1,614.789225,2,0,2,0,0,0,0,0.000325,0.023563,0,0.25705
1618542067948425218,haachiiiam,0,0,0,0,1437,0,1,611.892812,2,0,2,0,0,0,0,0.000324,0.020437,0,0.048709
1618885584067432448,daarooonn,0,0,0,0,64,0,1,610.944456,1,0,1,0,0,0,0,0.000323,0.006697,0,0.008371
1618897435199213568,Redrighthand89,411,1461,184,573,291,981,4.437212,610.911539,1,137,138,5,0.316108,0.397164,0,0.000323,0,0.059988,0.008371
1619126103968456705,Rezashah1975,0,0,0,0,3778,0,1,610.281262,1,0,1,0,0,0,0,0.000323,0.004345,0,0.08673
1619331066145214466,Shadnaz79,0,0,0,0,729,0,1,609.715613,1,0,1,0,0,0,0,0.000323,0.004345,0,0.08673
1619600180973805568,azadikhahaneir,0,0,0,0,1704,0,1,608.973067,1,0,1,0,0,0,0,0.000323,0.020879,0,0.130057
1620153418710147072,son_of_Koorosh,0,0,0,0,755,0,1,607.446227,3,0,3,0,0,0,0,0.000326,0.029824,0,0.349602
1620384385106051072,ScoopUrban,0,0,0,0,48364,0,1,606.807373,1,0,1,0,0,0,0,0.000323,0.020879,0,0.130057
1620708256086896640,Azadeh_Afsahi,0,0,0,0,199,0,1,605.915347,1,0,1,0,0,0,0,0.000324,0.006261,0,0.092551
1620754179756068864,xxxwwwji,0,0,0,0,726,0,1,605.78838,1,0,1,0,0,0,0,0.000323,0.004345,0,0.08673
1620800608205783041,jasmine22713516,0,0,0,0,606,0,1,605.660463,1,0,1,0,0,0,0,0.000323,0.004345,0,0.08673
1621005630801690626,dHungow,0,0,0,0,2799,0,1,605.094734,2,0,2,0,0,0,0,0.000324,0.020437,0,0.048709
1621484248052948993,Neptunadastra,0,0,0,0,380,0,1,603.773981,1,0,1,0,0,0,0,0.000323,0.013741,0,0.040338
1621577788045275136,freeiranlion,0,0,0,0,1139,0,1,603.515637,1,0,1,0,0,0,0,0.000323,0.004345,0,0.08673
1621869015193747456,SaeidianZahra,0,0,0,0,5451,0,1,602.712014,1,0,1,0,0,0,0,0.000323,0.020879,0,0.130057
1621905147352813568,Hasti_805,0,0,0,0,1127,0,1,602.61191,1,0,1,0,0,0,0,0.000324,0.006261,0,0.092551
1621947853173133314,pedarjun,0,0,0,0,234,0,1,602.494271,1,0,1,0,0,0,0,0.000324,0.006261,0,0.092551
1622100959072493568,AMIRAZA06540966,0,0,0,0,2222,0,1,602.070613,1,0,1,0,0,0,0,0.000323,0.013741,0,0.040338
1622332712618000387,FadaiAsl,0,0,0,0,1424,0,1,601.432338,1,0,1,0,0,0,0,0.000323,0.006697,0,0.008371
1622482269943304192,sefid__barfiii,0,0,0,0,331,0,1,601.019873,1,0,1,0,0,0,0,0.000323,0.013741,0,0.040338
1622661998247911432,majarajo0,0,0,0,0,401,0,1,600.52353,1,0,1,0,0,0,0,0.000323,0.004345,0,0.08673
1622902731999703040,Alex29155356,0,0,0,0,4079,0,1,599.859722,1,0,1,0,0,0,0,0.000323,0.004345,0,0.08673
1623218354289876993,Diiyako_ir,0,0,0,0,9260,0,1,598.987234,2,0,2,0,0,0,0,0.000324,0.011493,0,0.089666
1623426853410164742,Santamorte00,0,0,0,0,3694,0,1,598.41338,1,0,1,0,0,0,0,0.000323,0.004345,0,0.08673
1623796829866414082,Nazaninautumn,0,0,0,0,902,0,1,597.392211,1,0,1,0,0,0,0,0.000323,0.013741,0,0.040338
1624066229660000257,MahanMehrabi2,0,0,0,0,2015,0,1,596.649016,2,0,2,0,0,0,0,0.000325,0.022588,0,0.138428
1624506379057651713,arash_shojaiann,0,0,0,0,2554,0,1,595.433981,2,0,2,0,0,0,0,0.000324,0.020002,0,0.132889
1624858297063952386,kingmidasekhar,198,1471,40,177,521,1172,4.38201,594.463322,0,32,32,1,1,1,0,0.000323,0,0.014967,0
1625079279208878080,fanitaaa1403,0,0,0,0,429,0,1,593.85353,1,0,1,0,0,0,0,0.000323,0.004345,0,0.08673
1625219450407354369,Saeedeh_Shafiei,0,0,0,0,856,0,1,593.466655,1,0,1,0,0,0,0,0.000323,0.013741,0,0.040338
1625234228488159237,Milad9891,0,0,0,0,91,0,1,593.42603,1,0,1,0,0,0,0,0.000323,0.004345,0,0.08673
1626215359920619522,pouyamazloomi,0,0,0,0,2208,0,1,590.718472,1,0,1,0,0,0,0,0.000323,0.020879,0,0.130057
1626241462126972928,MehranKiani13,0,0,0,0,586,0,1,590.642361,1,0,1,0,0,0,0,0.000323,0.004345,0,0.08673
1626423335516098566,rasshomal,0,0,0,0,2730,0,1,590.144722,1,0,1,0,0,0,0,0.000323,0.013741,0,0.040338
1626461202451759110,______ALEF_____,0,0,0,0,1437,0,1,590.040081,1,0,1,0,0,0,0,0.000323,0.020879,0,0.130057
1626587655558557697,SepehrLN,0,0,0,0,2209,0,1,589.69125,1,0,1,0,0,0,0,0.000325,0.001228,0,0.057333
1627355701755490315,dibanchoodam,0,0,0,0,829,0,1,587.571863,1,0,1,0,0,0,0,0.000326,0.000635,0,0.038203
1627427223115276291,RP_Iran_shah,0,0,0,0,8206,0,1,587.374398,3,0,3,0,0,0,0,0.000327,0.025825,0,0.398652
1627792220056084481,Aylinnn_nnnn,0,0,0,0,1354,0,1,586.366678,1,0,1,0,0,0,0,0.000323,0.013741,0,0.040338
1628139513972199462,conor1027,0,0,0,0,483,0,1,585.409016,1,0,1,0,0,0,0,0.000323,0.006697,0,0.008371
1628180746677501953,Adorno_Persian,0,0,0,0,28370,0,1,585.294931,1,0,1,0,0,0,0,0.000323,0.006697,0,0.008371
1628298353413918723,Sikholg,0,0,0,0,244,0,1,584.970312,1,0,1,0,0,0,0,0.000323,0.020879,0,0.130057
1628821501431390209,blackbird2585,0,0,0,0,2446,0,1,583.526933,1,0,1,0,0,0,0,0.000323,0.004345,0,0.08673
1628880391598637056,partigiano47,0,0,0,0,673,0,1,583.364525,1,0,1,0,0,0,0,0.000323,0.013741,0,0.040338
1629243528969695232,MahdaviLeily,0,0,0,0,17686,0,1,582.36228,3,0,3,0,0,0,0,0.000324,0.028129,0,0.418005
1629261165959294976,kiya_kam,0,0,0,0,403,0,1,582.313623,1,0,1,0,0,0,0,0.000325,0.002684,0,0.126993
1629291455775748098,Nick_Alishah,0,0,0,0,1340,0,1,582.23022,1,0,1,0,0,0,0,0.000323,0.020879,0,0.130057
1630154323161128961,greenCamomile,0,0,0,0,705,0,1,579.848935,2,0,2,0,0,0,0,0.000324,0.020437,0,0.048709
1630456951741005824,_____ALEF_____,0,0,0,0,3395,0,1,579.014097,3,0,3,0,0,0,0,0.000324,0.041316,0,0.178766
1630608225383985153,kaVallier34,0,0,0,0,298,0,1,578.596586,2,0,2,0,0,0,0,0.000324,0.02714,0,0.222609
1630862134795022337,delusinalpar,0,0,0,0,2701,0,1,577.895995,2,0,2,0,0,0,0,0.000324,0.020437,0,0.048709
1631120943299846146,0Fa_ba0,0,0,0,0,5189,0,1,577.181481,1,0,1,0,0,0,0,0.000323,0.013741,0,0.040338
1631158964099457024,WokelyCorrect,0,0,0,0,133231,0,1,577.076759,1,0,1,0,0,0,0,0.000323,0.007148,0,0.002936
1631220001653784576,IMbeatreas,0,0,0,0,6970,0,1,576.908345,5,0,5,0,0,0,0,0.000329,0.017395,0,0.351153
1631288716328161283,reptile_fight,0,0,0,0,2909,0,1,576.718588,1,0,1,0,0,0,0,0.000323,0.004345,0,0.08673
1631375014867132416,KeiEsmaeilpour,0,0,0,0,662,0,1,576.480498,1,0,1,0,0,0,0,0.000323,0.020879,0,0.130057
1631864722013167619,sapphire18_,0,0,0,0,6210,0,1,575.129433,1,0,1,0,0,0,0,0.000324,0.00177,0,0.002936
1631868328435232771,XerxesIran_,0,0,0,0,20792,0,1,575.119456,3,0,3,0,0,0,0,0.000327,0.027266,0,0.284164
1633076018037620737,Ehsaaan93,0,0,0,0,530,0,1,571.786875,1,0,1,0,0,0,0,0.000324,0.00177,0,0.002936
1633155240303140865,GolbargHaghgoo,0,0,0,0,4782,0,1,571.568102,2,0,2,0,0,0,0,0.000324,0.013409,0,0.095487
1634478748677574657,saveeuropeanciv,0,0,0,0,52785,0,1,567.916065,2,0,2,0,0,0,0,0.000323,0.028027,0,0.132994
1634569045012799488,LFlore19,0,0,0,0,147,0,1,567.666921,1,0,1,0,0,0,0,0.000325,0.002684,0,0.126993
1635363286903390208,mmorfiin3,0,0,0,0,5035,0,1,565.475116,1,0,1,0,0,0,0,0.000323,0.007148,0,0.002936
1635703232021372933,OSINTNic,0,0,0,0,8452,0,1,564.537083,1,0,1,0,0,0,0,0.000323,0.006697,0,0.008371
1636265788868005888,david__dahmer,0,0,0,0,608,0,1,562.984398,1,0,1,0,0,0,0,0.000323,0.013741,0,0.040338
1636462225794670601,homeyramis,0,0,0,0,3207,0,1,562.442315,1,0,1,0,0,0,0,0.000323,0.004345,0,0.08673
1636689500586876931,RebbeccaaSatun,0,0,0,0,2506,0,1,561.815544,1,0,1,0,0,0,0,0.000323,0.004345,0,0.08673
1636709061935734785,alijaneton,0,0,0,0,924,0,1,561.761435,1,0,1,0,0,0,0,0.000323,0.006697,0,0.008371
1636979523693473799,riokhosravi,0,0,0,0,3343,0,1,561.015162,3,0,3,0,0,0,0,0.000325,0.013263,0,0.092603
1637217505688051712,yutab_2023,0,0,0,0,683,0,1,560.358287,2,0,2,0,0,0,0,0.000324,0.020437,0,0.048709
1637507099558027267,cremieuxrecueil,0,0,0,0,113537,0,1,559.559433,1,0,1,0,0,0,0,0.000323,0.007148,0,0.002936
1637607325073645569,MotG96,0,0,0,0,5914,0,1,559.282546,1,0,1,0,0,0,0,0.000323,0.006697,0,0.008371
1637823851035000832,angelicunty,0,0,0,0,0,0,1,558.685139,1,0,1,0,0,0,0,0.000326,0.000635,0,0.038203
1637836225846321155,parsi27871,0,0,0,0,5571,0,1,558.650602,1,0,1,0,0,0,0,0.000323,0.004345,0,0.08673
1637907966828630016,Electro04715783,0,0,0,0,155,0,1,558.453183,1,0,1,0,0,0,0,0.000323,0.020879,0,0.130057
1637936395376287755,fellows2582,0,0,0,0,90,0,1,558.373877,1,0,1,0,0,0,0,0.000324,0.00177,0,0.002936
1638133577199104005,BobChester666,0,0,0,0,108,0,1,557.830532,1,0,1,0,0,0,0,0.000324,0.006261,0,0.092551
1638224976812670977,imzara1983,0,0,0,0,613,0,1,557.578287,1,0,1,0,0,0,0,0.000323,0.013741,0,0.040338
1638232589533061136,iranjavidann,0,0,0,0,3305,0,1,557.557083,1,0,1,0,0,0,0,0.000323,0.004345,0,0.08673
1638243839725957127,miladboukani8,0,0,0,0,5625,0,1,557.526146,6,0,6,0,0,0,0,0.000348,0.04996,0,0.509825
1638272105161842688,YasiPatriot,0,0,0,0,6828,0,1,557.44831,3,0,3,0,0,0,0,0.000326,0.009415,0,0.44552
1638320544788406273,SaiedehSaideh59,0,0,0,0,14684,0,1,557.313912,3,0,3,0,0,0,0,0.000325,0.013659,0,0.247238
1638321207039623168,NegevistIWI,0,0,0,0,1344,0,1,557.312882,1,0,1,0,0,0,0,0.000324,0.00177,0,0.002936
1638372580464685056,Aryammehr_2,0,0,0,0,30003,0,1,557.16985,5,0,5,0,0,0,0,0.000328,0.018272,0,0.456827
1638469421197848579,Azadi8757633916,0,0,0,0,1440,0,1,556.903785,1,0,1,0,0,0,0,0.000323,0.004345,0,0.08673
1638570663047725057,InfantryRegal,0,0,0,0,600,0,1,556.624329,1,0,1,0,0,0,0,0.000323,0.004345,0,0.08673
1638665833240035330,Sonofthebeach22,0,0,0,0,6379,0,1,556.361863,4,0,4,0,0,0,0,0.000326,0.016168,0,0.29382
1638669060241076224,Dadylongleggpv,0,0,0,0,2883,0,1,556.352535,3,0,3,0,0,0,0,0.000325,0.025553,0,0.334211
1638698756349607936,houman1976,0,0,0,0,2264,0,1,556.2711,1,0,1,0,0,0,0,0.000324,0.002904,0,0.201218
1638875844914425859,Azadeh1345,0,0,0,0,93,0,1,555.782211,1,0,1,0,0,0,0,0.000323,0.004345,0,0.08673
1638895382137651202,hardseltzerr,0,0,0,0,5438,0,1,555.728449,6,0,6,0,0,0,0,0.000328,0.038756,0,0.432249
1638895498785443840,mard_meshki,0,0,0,0,4651,0,1,555.728102,1,0,1,0,0,0,0,0.000323,0.004345,0,0.08673
1638919662908895238,Nemo_Regnum,0,0,0,0,3764,0,1,555.661377,1,0,1,0,0,0,0,0.000329,0.000343,0,0.119935
1638951842271862791,Cheekypicky_3,0,0,0,0,2085,0,1,555.572049,1,0,1,0,0,0,0,0.000325,0.001709,0,0.008371
1639038177641103362,shirdawl_,0,0,0,0,2257,0,1,555.334433,1,0,1,0,0,0,0,0.000323,0.004345,0,0.08673
1639535122029445122,ircfspace,0,0,0,0,22722,0,1,553.963044,1,0,1,0,0,0,0,0.000324,0.002904,0,0.201218
1639541767795011586,mehrazarafra,0,0,0,0,1280,0,1,553.944757,1,0,1,0,0,0,0,0.000323,0.004345,0,0.08673
1639587337683501057,ggehhry2,0,0,0,0,5904,0,1,553.818542,5,0,5,0,0,0,0,0.000328,0.017425,0,0.307626
1639597797673402368,ManaaHastamm,0,0,0,0,1635,0,1,553.789942,1,0,1,0,0,0,0,0.000324,0.002165,0,0.157572
1639733491611959296,Leila_Arya2,0,0,0,0,6422,0,1,553.414954,1,0,1,0,0,0,0,0.000323,0.004345,0,0.08673
1639869332225155074,ZSepitman28891,0,0,0,0,1030,0,1,553.040475,1,0,1,0,0,0,0,0.000323,0.004345,0,0.08673
1639988582050832384,memaaaaar,0,0,0,0,1519,0,1,552.711782,3,0,3,0,0,0,0,0.000324,0.040881,0,0.262947
1640024353826824192,FXMNDLSN,0,0,0,0,0,0,1,552.613102,5,0,5,0,0,0,0,0.000327,0.051148,0,0.308696
1640052707754143744,toomajofficial2,0,0,0,0,376,0,1,552.534606,1,0,1,0,0,0,0,0.000323,0.020879,0,0.130057
1640089515938414592,AhoraMazda01,0,0,0,0,1748,0,1,552.433067,1,0,1,0,0,0,0,0.000323,0.004345,0,0.08673
1640093268317724672,Azihastam1,0,0,0,0,3920,0,1,552.422755,2,0,2,0,0,0,0,0.000324,0.006115,0,0.089666
1640139042384740352,khodeshmR,0,0,0,0,9524,0,1,552.296586,3,0,3,0,0,0,0,0.000326,0.022116,0,0.100607
1640376844917563392,Mitra_Jashni,0,0,0,0,8876,0,1,551.640336,1,0,1,0,0,0,0,0.000323,0.004345,0,0.08673
1640561695117529088,hamalilalin,0,0,0,0,3803,0,1,551.130185,1,0,1,0,0,0,0,0.000323,0.013741,0,0.040338
1640829929544720386,MehnazM90187604,0,0,0,0,3961,0,1,550.389329,1,0,1,0,0,0,0,0.000323,0.004345,0,0.08673
1640904775276326913,felfelsiahh2,0,0,0,0,2317,0,1,550.183576,2,0,2,0,0,0,0,0.000325,0.006511,0,0.244302
1640946855096852480,aryammehr3,0,0,0,0,836,0,1,550.067454,1,0,1,0,0,0,0,0.000324,0.006261,0,0.092551
1640970275826089987,Lucinym,0,0,0,0,337,0,1,550.002002,1,0,1,0,0,0,0,0.000323,0.004345,0,0.08673
1640990526169120772,vianack22,0,0,0,0,1752,0,1,549.946933,1,0,1,0,0,0,0,0.000323,0.004345,0,0.08673
1641061644729036800,hamy_76,0,0,0,0,396,0,1,549.748889,1,0,1,0,0,0,0,0.000323,0.004345,0,0.08673
1641727641232510976,MaldiniAgent,0,0,0,0,1085,0,1,547.912801,1,0,1,0,0,0,0,0.000339,0.000011,0,0.006054
1641741208266342401,pirozzzzzzzz,0,0,0,0,2592,0,1,547.875347,4,0,4,0,0,0,0,0.000327,0.016107,0,0.299255
1641904520027336708,bjorkpap,0,0,0,0,232,0,1,547.42456,1,0,1,0,0,0,0,0.000324,0.00177,0,0.002936
1642646312012206081,Hunter_of_57s,0,0,0,0,3148,0,1,545.377824,1,0,1,0,0,0,0,0.000324,0.002165,0,0.157572
1642962074140827648,Led_Tassov,0,0,0,0,2076,0,1,544.506389,1,0,1,0,0,0,0,0.000339,0.000011,0,0.006054
1643081243561713670,janamfadaeiran1,0,0,0,0,1778,0,1,544.176991,1,0,1,0,0,0,0,0.000323,0.004345,0,0.08673
1643125531569958913,khakepatam,0,0,0,0,425,0,1,544.055451,2,0,2,0,0,0,0,0.000324,0.012958,0,0.100922
1643174831108620291,anzhelaaryaie,0,0,0,0,607,0,1,543.919062,1,0,1,0,0,0,0,0.000323,0.004345,0,0.08673
1643197738522234882,Melligerayan,0,0,0,0,3721,0,1,543.856146,1,0,1,0,0,0,0,0.000324,0.002904,0,0.201218
1643273277878484992,sarbaz_pahlavi2,0,0,0,0,49,0,1,543.647778,1,0,1,0,0,0,0,0.000324,0.002904,0,0.201218
1643525583140270081,Iranian_Ronin,0,0,0,0,3851,0,1,542.951447,5,0,5,0,0,0,0,0.000364,0.046333,0,0.321479
1643605068921421825,maripahlavi,0,0,0,0,4704,0,1,542.732153,3,0,3,0,0,0,0,0.000326,0.009415,0,0.44552
1643719098839302145,AzatAlsalim,0,0,0,0,149369,0,1,542.417488,3,0,3,0,0,0,0,0.000325,0.029797,0,0.13593
1643754455354028035,day19146,0,0,0,0,1600,0,1,542.319769,2,0,2,0,0,0,0,0.000323,0.025224,0,0.216787
1643833711614410752,muhamad95311702,0,0,0,0,3614,0,1,542.100567,1,0,1,0,0,0,0,0.000323,0.004345,0,0.08673
1644063650045480973,nerde_dog,0,0,0,0,8831,0,1,541.466667,1,0,1,0,0,0,0,0.000326,0.000635,0,0.038203
1644296399087972352,hengamehchoobin,0,0,0,0,4034,0,1,540.823877,1,0,1,0,0,0,0,0.000323,0.020879,0,0.130057
1644781158176116738,JokerIrani1401,0,0,0,0,2088,0,1,539.486586,2,0,2,0,0,0,0,0.000325,0.023044,0,0.287629
1644831537500770304,SOULN002,0,0,0,0,390,0,1,539.347338,1,0,1,0,0,0,0,0.000323,0.007148,0,0.002936
1644861138826321920,tintinsnowy_,0,0,0,0,106,0,1,539.266111,2,0,2,0,0,0,0,0.000324,0.02714,0,0.222609
1645357369298153475,PersianGW,0,0,0,0,21486,0,1,537.89647,3,0,3,0,0,0,0,0.000325,0.014398,0,0.290884
1645695880702603266,Wanheda94353,0,0,0,0,561,0,1,536.96213,1,0,1,0,0,0,0,0.000323,0.004345,0,0.08673
1645751225701347328,diyego011,0,0,0,0,2843,0,1,536.809711,1,0,1,0,0,0,0,0.000323,0.004345,0,0.08673
1645803780641001480,nimasohrabi_,0,0,0,0,137,0,1,536.664792,2,0,2,0,0,0,0,0.000324,0.020437,0,0.048709
1646044995676168193,MegabernB66177,0,0,0,0,293,0,1,535.996574,1,0,1,0,0,0,0,0.000323,0.004345,0,0.08673
1646525038756265985,beit_Hmikdash,0,0,0,0,2191,0,1,534.674491,1,0,1,0,0,0,0,0.000324,0.00177,0,0.002936
1646561546997202957,mr_m_salar,0,0,0,0,97,0,1,534.573715,1,0,1,0,0,0,0,0.000323,0.004345,0,0.08673
1646574369504731138,___deyhim__,0,0,0,0,999,0,1,534.538484,1,0,1,0,0,0,0,0.000324,0.002904,0,0.201218
1646640971101208578,mahsah1566,0,0,0,0,16096,0,1,534.354618,1,0,1,0,0,0,0,0.000323,0.013741,0,0.040338
1646741342444302337,mamad_iran2,0,0,0,0,6374,0,1,534.077685,1,0,1,0,0,0,0,0.000323,0.004345,0,0.08673
1646743874092638211,ZanoZohal82418,0,0,0,0,2033,0,1,534.069676,1,0,1,0,0,0,0,0.000323,0.004345,0,0.08673
1646983793016750080,forallofiran,0,0,0,0,341,0,1,533.408519,1,0,1,0,0,0,0,0.000323,0.020879,0,0.130057
1647263738792116225,sharroon777,0,0,0,0,159,0,1,532.632187,1,0,1,0,0,0,0,0.000323,0.004345,0,0.08673
1647332709327355905,atheistcyrus,0,0,0,0,8472,0,1,532.445567,3,0,3,0,0,0,0,0.000326,0.009415,0,0.44552
1647536982086524928,z_tondro,0,0,0,0,7243,0,1,531.881562,2,0,2,0,0,0,0,0.000323,0.028027,0,0.132994
1647573150362656768,sadi21_,0,0,0,0,1530,0,1,531.782361,1,0,1,0,0,0,0,0.000323,0.013741,0,0.040338
1647623661480984576,kiyarash_ir,0,0,0,0,574,0,1,531.642836,1,0,1,0,0,0,0,0.000323,0.004345,0,0.08673
1647639066450735104,kaykhosrow5,0,0,0,0,3400,0,1,531.600278,1,0,1,0,0,0,0,0.000323,0.004345,0,0.08673
1647746754845065220,mohamadnistam,0,0,0,0,11365,0,1,531.30272,1,0,1,0,0,0,0,0.000323,0.013741,0,0.040338
1648045714939707393,RojanAzadi2,0,0,0,0,650,0,1,530.478229,1,0,1,0,0,0,0,0.000323,0.020879,0,0.130057
1648649102786281474,lzeinabzamanl,0,0,0,0,12201,0,1,528.813148,2,0,2,0,0,0,0,0.000324,0.027576,0,0.138428
1648800637029580802,Pahlavist091339,0,0,0,0,1492,0,1,528.394664,1,0,1,0,0,0,0,0.000323,0.004345,0,0.08673
1649311242681556992,kkodaei,0,0,0,0,390,0,1,526.985509,1,0,1,0,0,0,0,0.000326,0.002042,0,0.067377
1649459985942806533,mersedeh_eye,0,0,0,0,7617,0,1,526.575602,1,0,1,0,0,0,0,0.000323,0.020879,0,0.130057
1649652938858536961,jnwyr97p5t,0,0,0,0,156,0,1,526.042894,1,0,1,0,0,0,0,0.000323,0.004345,0,0.08673
1649759281422520326,faryadeagahi,0,0,0,0,1343,0,1,525.748704,1,0,1,0,0,0,0,0.000323,0.020879,0,0.130057
1649819255628611585,HazratAadam2,0,0,0,0,5550,0,1,525.583715,1,0,1,0,0,0,0,0.000323,0.013741,0,0.040338
1649854083006709766,KHOOFHOO,0,0,0,0,3091,0,1,525.487975,1,0,1,0,0,0,0,0.000323,0.004345,0,0.08673
1650030644448075777,h__bd8,0,0,0,0,0,0,1,525.000833,1,0,1,0,0,0,0,0.000323,0.006697,0,0.008371
1650226445766066180,ContextOfidiots,0,0,0,0,3260,0,1,524.460602,1,0,1,0,0,0,0,0.000323,0.013741,0,0.040338
1650347267495174145,siyahosefid990,0,0,0,0,194,0,1,524.127234,2,0,2,0,0,0,0,0.000324,0.020002,0,0.132889
1650485888298766337,eatashi803,0,0,0,0,686,0,1,523.744664,1,0,1,0,0,0,0,0.000339,0.000011,0,0.006054
1650502816492838912,azadi_abadi_ir,0,0,0,0,1020,0,1,523.697222,2,0,2,0,0,0,0,0.000324,0.027576,0,0.138428
1650574771568926727,_paria_paria_,0,0,0,0,1906,0,1,523.499375,1,0,1,0,0,0,0,0.000323,0.013741,0,0.040338
1650590341106479104,blue_eyes_174,0,0,0,0,1629,0,1,523.456435,1,0,1,0,0,0,0,0.000325,0.001709,0,0.008371
1650749468759687168,erae_gone,0,0,0,0,122,0,1,523.017222,1,0,1,0,0,0,0,0.000323,0.006697,0,0.008371
1650756027111882753,salooooch,0,0,0,0,943,0,1,522.999167,1,0,1,0,0,0,0,0.000323,0.006697,0,0.008371
1651156435588329474,farahsahdost65,0,0,0,0,1642,0,1,521.894294,1,0,1,0,0,0,0,0.000323,0.004345,0,0.08673
1651310710104760322,sasan5066461056,0,0,0,0,1369,0,1,521.467153,2,0,2,0,0,0,0,0.000324,0.006115,0,0.089666
1652627783494017027,Iammariaak,0,0,0,0,9177,0,1,517.834178,1,0,1,0,0,0,0,0.000323,0.013741,0,0.040338
1652864429791510528,pahlavism149884,0,0,0,0,896,0,1,517.180961,1,0,1,0,0,0,0,0.000323,0.004345,0,0.08673
1653570238225555456,Lightroom999,0,0,0,0,1492,0,1,515.233461,1,0,1,0,0,0,0,0.000323,0.004345,0,0.08673
1654122637478760448,iranfreedom45,0,0,0,0,1925,0,1,513.709201,1,0,1,0,0,0,0,0.000323,0.020879,0,0.130057
1654197109501972499,voltaireiran,0,0,0,0,4644,0,1,513.503623,2,0,2,0,0,0,0,0.000326,0.003874,0,0.165943
1654318410497392642,Khashayarshah22,0,0,0,0,484,0,1,513.168449,1,0,1,0,0,0,0,0.000323,0.004345,0,0.08673
1654692959089209345,Soji_Destroyer,0,0,0,0,396,0,1,512.135382,1,0,1,0,0,0,0,0.000323,0.020879,0,0.130057
1654806921591783424,SaeedRN93,0,0,0,0,1463,0,1,511.820729,2,0,2,0,0,0,0,0.000325,0.003935,0,0.160508
1655365344540672001,ShamgahEtemad,0,0,0,0,2252,0,1,510.280058,2,0,2,0,0,0,0,0.000324,0.020002,0,0.132889
1655845648531443713,jijewar,0,0,0,0,258,0,1,508.95456,3,0,3,0,0,0,0,0.000327,0.01448,0,0.049511
1655964835664756738,AmirAnv30321338,0,0,0,0,666,0,1,508.617002,1,0,1,0,0,0,0,0.000323,0.004345,0,0.08673
1655992083939721239,siamak_azami,0,0,0,0,2674,0,1,508.550428,1,0,1,0,0,0,0,0.000325,0.001709,0,0.008371
1656166799954649089,EasternNergal,0,0,0,0,1886,0,1,508.068345,3,0,3,0,0,0,0,0.000324,0.040881,0,0.262947
1656383363605843968,azadhordis,0,0,0,0,777,0,1,507.470706,1,0,1,0,0,0,0,0.000323,0.004345,0,0.08673
1656415868337926145,SteveInmanUIC,0,0,0,0,2110876,0,1,507.381111,1,0,1,0,0,0,0,0.000325,0.001709,0,0.008371
1656468047194890243,100_resaneh,0,0,0,0,3935,0,1,507.236354,2,0,2,0,0,0,0,0.000324,0.023783,0,0.331275
1656624502397100032,Behzadhamrahi,0,0,0,0,4071,0,1,506.80478,4,0,4,0,0,0,0,0.000326,0.030294,0,0.575577
1657722854438232068,arghavan402,0,0,0,0,1489,0,1,503.77441,2,0,2,0,0,0,0,0.000326,0.008945,0,0.219544
1657770495939338241,SimonFrank2023,0,0,0,0,241,0,1,503.642789,1,0,1,0,0,0,0,0.000323,0.020879,0,0.130057
1657783538169643008,Mansouram_1,0,0,0,0,298,0,1,503.60603,1,0,1,0,0,0,0,0.000323,0.013741,0,0.040338
1658882421696102407,farvahar2023,0,0,0,0,6963,0,1,500.574387,1,0,1,0,0,0,0,0.000323,0.004345,0,0.08673
1659094027944484865,fosil_,0,0,0,0,169,0,1,499.990775,1,0,1,0,0,0,0,0.000344,0.000067,0,0.002936
1659104268455145472,wirgol_,0,0,0,0,244,0,1,499.962361,1,0,1,0,0,0,0,0.000344,0.000067,0,0.002936
1660049202569773056,pasargadguard,0,0,0,0,4409,0,1,497.354722,4,0,4,0,0,0,0,0.000328,0.01644,0,0.358261
1660317928644902914,ChefKhashi,0,0,0,0,1321,0,1,496.612616,5,0,5,0,0,0,0,0.000329,0.049619,0,0.338695
1660495514364780545,XLOG4RX,0,0,0,0,1440,0,1,496.123449,2,0,2,0,0,0,0,0.000324,0.027576,0,0.138428
1660702389282787328,Cheshmehvasang,0,0,0,0,1213,0,1,495.5525,1,0,1,0,0,0,0,0.000323,0.006697,0,0.008371
1661497921836023808,tym673846523716,0,0,0,0,325,0,1,493.356979,1,0,1,0,0,0,0,0.000323,0.004345,0,0.08673
1661737253553733638,hooshang_a39600,0,0,0,0,1419,0,1,492.696701,1,0,1,0,0,0,0,0.000323,0.004345,0,0.08673
1661790680589426688,the1stkhashayar,0,0,0,0,1300,0,1,492.549444,1,0,1,0,0,0,0,0.000325,0.001228,0,0.057333
1661790834180919296,sona02023,0,0,0,0,31,0,1,492.5489,1,0,1,0,0,0,0,0.000324,0.006261,0,0.092551
1661836411538907144,DharmaKarma369,0,0,0,0,491,0,1,492.422963,1,0,1,0,0,0,0,0.000323,0.020879,0,0.130057
1662120765733445632,zaki_manso29417,0,0,0,0,1108,0,1,491.638287,1,0,1,0,0,0,0,0.000323,0.020879,0,0.130057
1662307561645789184,2thplarxin,0,0,0,0,239,0,1,491.122928,1,0,1,0,0,0,0,0.000323,0.013741,0,0.040338
1662423766931058692,eb_melika,0,0,0,0,1225,0,1,490.79838,2,0,2,0,0,0,0,0.000332,0.007123,0,0.011307
1662469694962515968,MarsS895863,0,0,0,0,633,0,1,490.675683,1,0,1,0,0,0,0,0.000323,0.004345,0,0.08673
1662999168892432385,Iran_revolt14,0,0,0,0,2625,0,1,489.214016,2,0,2,0,0,0,0,0.000324,0.02714,0,0.222609
1664010688702849026,_houseofliberty,0,0,0,0,934,0,1,486.423287,1,0,1,0,0,0,0,0.000323,0.020879,0,0.130057
1664896690317344769,Yoo12212,0,0,0,0,794,0,1,483.978472,1,0,1,0,0,0,0,0.000323,0.013741,0,0.040338
1665115427549200387,noonbarbariii,0,0,0,0,1102,0,1,483.374803,1,0,1,0,0,0,0,0.000324,0.00177,0,0.002936
1665115771440119808,AbanFamilies,0,0,0,0,4819,0,1,483.373854,2,0,2,0,0,0,0,0.000323,0.03462,0,0.170395
1665584567346921472,Mollaparast,0,0,0,0,358,0,1,482.080347,2,0,2,0,0,0,0,0.000329,0.002677,0,0.10558
1665585729320398849,myfootkinbro,0,0,0,0,477,0,1,482.076956,3,0,3,0,0,0,0,0.000324,0.040881,0,0.262947
1666154912353222681,simamoradb51053,0,0,0,0,5066,0,1,480.506146,3,0,3,0,0,0,0,0.000324,0.041316,0,0.178766
1666399385016467456,fuxy_twite,0,0,0,0,4602,0,1,479.831771,1,0,1,0,0,0,0,0.000323,0.004345,0,0.08673
1667531040636690442,cj_sab00,0,0,0,0,0,0,1,476.708183,1,0,1,0,0,0,0,0.000323,0.020879,0,0.130057
1667561812810780672,DagigiS9120,0,0,0,0,259,0,1,476.624039,1,0,1,0,0,0,0,0.000323,0.020879,0,0.130057
1668192990777561089,smdshahbakhsh,0,0,0,0,3087,0,1,474.882488,2,0,2,0,0,0,0,0.000324,0.010053,0,0.204154
1668427027802726400,McGarry1731,0,0,0,0,135,0,1,474.236493,1,0,1,0,0,0,0,0.000323,0.007148,0,0.002936
1668509461676273664,fardadshirt,0,0,0,0,320,0,1,474.009144,1,0,1,0,0,0,0,0.000323,0.006697,0,0.008371
1668550825617022977,Imanvaez1,0,0,0,0,1443,0,1,473.89485,2,0,2,0,0,0,0,0.000324,0.027576,0,0.138428
1668553727928664071,Yaser_Akhtari,0,0,0,0,371,0,1,473.886921,1,0,1,0,0,0,0,0.000323,0.013741,0,0.040338
1668642969807884289,DawnAndTheX,0,0,0,0,2687,0,1,473.640683,1,0,1,0,0,0,0,0.000323,0.020879,0,0.130057
1668888408213667840,Faraz_Rqz,0,0,0,0,739,0,1,472.963449,1,0,1,0,0,0,0,0.000323,0.020879,0,0.130057
1669187804461699072,Ausiran_org,0,0,0,0,609,0,1,472.137025,2,0,2,0,0,0,0,0.000324,0.02714,0,0.222609
1669476580458987520,vianamyyy,0,0,0,0,10191,0,1,471.340451,1,0,1,0,0,0,0,0.000323,0.013741,0,0.040338
1669721903039127556,PeymnQolipor,0,0,0,0,695,0,1,470.663356,1,0,1,0,0,0,0,0.000326,0.000635,0,0.038203
1669756906141888534,HrNiko99,0,0,0,0,985,0,1,470.566794,1,0,1,0,0,0,0,0.000323,0.013741,0,0.040338
1670581461655728128,huuu0oooar,0,0,0,0,289,0,1,468.291181,1,0,1,0,0,0,0,0.000323,0.013741,0,0.040338
1670611469761925120,ShawnaAzad2,0,0,0,0,5255,0,1,468.208692,1,0,1,0,0,0,0,0.000323,0.004345,0,0.08673
1670637007067049985,Utbde_,0,0,0,0,1174,0,1,468.138137,1,0,1,0,0,0,0,0.000323,0.004345,0,0.08673
1670915963359752192,MomsPostingLs,0,0,0,0,228076,0,1,467.368333,1,0,1,0,0,0,0,0.000323,0.007148,0,0.002936
1670929475691851778,AthensTavanna,0,0,0,0,1720,0,1,467.331192,1,0,1,0,0,0,0,0.000323,0.020879,0,0.130057
1671145426299535362,AICAlliance_,0,0,0,0,58,0,1,466.735336,1,0,1,0,0,0,0,0.000323,0.020879,0,0.130057
1671155011815100420,_SC82,0,0,0,0,2317,0,1,466.708831,1,0,1,0,0,0,0,0.000324,0.006261,0,0.092551
1671176830496194561,GhaysariMo96467,0,0,0,0,1370,0,1,466.648287,1,0,1,0,0,0,0,0.000323,0.006697,0,0.008371
1671427907355287553,tousheh,0,0,0,0,2089,0,1,465.949931,1,0,1,0,0,0,0,0.000323,0.006697,0,0.008371
1671611891506970624,nsabbatooom46,0,0,0,0,442,0,1,465.447616,1,0,1,0,0,0,0,0.000323,0.020879,0,0.130057
1672165748469555200,NeedForSpeed02,0,0,0,0,1031,0,1,463.917986,2,0,2,0,0,0,0,0.000324,0.02714,0,0.222609
1672714891084406790,mahsa_300,0,0,0,0,2503,0,1,462.403322,1,0,1,0,0,0,0,0.000323,0.004345,0,0.08673
1672918930900369411,elaheshake60650,0,0,0,0,1087,0,1,461.841157,2,0,2,0,0,0,0,0.000324,0.02714,0,0.222609
1673159541327015936,rmayparast,0,0,0,0,2265,0,1,461.17662,1,0,1,0,0,0,0,0.000323,0.004345,0,0.08673
1673355710321815552,wntrintel,0,0,0,0,13777,0,1,460.635845,1,0,1,0,0,0,0,0.000323,0.020879,0,0.130057
1673403147534868499,Sakura8080136,0,0,0,0,371,0,1,460.505139,1,0,1,0,0,0,0,0.000323,0.020879,0,0.130057
1673679568220090368,sarayihastam,0,0,0,0,19535,0,1,459.742326,1,0,1,0,0,0,0,0.000323,0.013741,0,0.040338
1673680238268563462,Ghazalam23,0,0,0,0,941,0,1,459.740556,2,0,2,0,0,0,0,0.000324,0.020002,0,0.132889
1674038181002375169,PureSoul_isback,0,0,0,0,561,0,1,458.752836,1,0,1,0,0,0,0,0.000323,0.004345,0,0.08673
1674598518026108928,Hamidasadi42390,0,0,0,0,1516,0,1,457.205463,1,0,1,0,0,0,0,0.000323,0.020879,0,0.130057
1674881991592878081,Amud_Raa,0,0,0,0,243,0,1,456.42434,1,0,1,0,0,0,0,0.000324,0.00177,0,0.002936
1675230942581932032,id3bug,0,0,0,0,766,0,1,455.461389,5,0,5,0,0,0,0,0.000327,0.050262,0,0.398311
1675947598933360640,webhead383,0,0,0,0,67,0,1,453.483808,1,0,1,0,0,0,0,0.000323,0.013741,0,0.040338
1675957763568988160,mohammadaleph,0,0,0,0,7424,0,1,453.455706,1,0,1,0,0,0,0,0.000323,0.006697,0,0.008371
1675979674827075585,pesarrrr,0,0,0,0,4156,0,1,453.395058,1,0,1,0,0,0,0,0.000323,0.004345,0,0.08673
1676213344062021632,agha_rashti2,3894,3844,1312,447,15633,6202513,19.065321,452.750451,8,252,260,3,0.572614,0.628882,0.001028,0.000335,0.035667,0.101949,0.674432
1677068554905026561,Dexter_mgn,0,0,0,0,620,0,1,450.39059,1,0,1,0,0,0,0,0.000323,0.013741,0,0.040338
1677442620778225664,JaveedRezaShah,0,0,0,0,5930,0,1,449.357488,1,0,1,0,0,0,0,0.000324,0.002904,0,0.201218
1677617658915610625,Banjjjjo,0,0,0,0,425,0,1,448.875069,1,0,1,0,0,0,0,0.000323,0.020879,0,0.130057
1677698645272010752,zz_4bol,0,0,0,0,5172,0,1,448.651713,1,0,1,0,0,0,0,0.000323,0.013741,0,0.040338
1678078591786000384,roohkhaste,0,0,0,0,443,0,1,447.602975,1,0,1,0,0,0,0,0.000323,0.020879,0,0.130057
1678403219980967942,Marde_kohan,0,0,0,0,1737,0,1,446.707396,1,0,1,0,0,0,0,0.000323,0.004345,0,0.08673
1678669020617375745,HomayounHassan,0,0,0,0,501,0,1,445.972315,1,0,1,0,0,0,0,0.000323,0.006697,0,0.008371
1678670558416760832,tahminehmolaei,0,0,0,0,5141,0,1,445.969664,4,0,4,0,0,0,0,0.000327,0.032876,0,0.417559
1679484670302646275,amini_sali85687,0,0,0,0,3525,0,1,443.723333,5,0,5,0,0,0,0,0.000328,0.027729,0,0.405
1679604927470108678,ToomajSale53904,0,0,0,0,664,0,1,443.391192,1,0,1,0,0,0,0,0.000324,0.006261,0,0.092551
1679790290998112256,Warrior03005,0,0,0,0,5212,0,1,442.879896,1,0,1,0,0,0,0,0.000323,0.004345,0,0.08673
1679871070524829697,1tyranno,0,0,0,0,796,0,1,442.657025,3,0,3,0,0,0,0,0.000326,0.029824,0,0.349602
1680026173797982209,abban98192288,0,0,0,0,657,0,1,442.228958,2,0,2,0,0,0,0,0.000325,0.023563,0,0.25705
1680518972037292037,Angellwarrior,0,0,0,0,3091,0,1,440.868935,2,0,2,0,0,0,0,0.000323,0.025224,0,0.216787
1680520222669963266,pishecheshm,0,0,0,0,186,0,1,440.865764,1,0,1,0,0,0,0,0.000323,0.004345,0,0.08673
1680984618755842048,BachehayeIran,0,0,0,0,626,0,1,439.584294,1,0,1,0,0,0,0,0.000323,0.020879,0,0.130057
1681327842624151553,Yn3082,0,0,0,0,1271,0,1,438.637176,1,0,1,0,0,0,0,0.000323,0.013741,0,0.040338
1681421952546684928,Tommyshofazhi,0,0,0,0,1175,0,1,438.377442,1,0,1,0,0,0,0,0.000323,0.013741,0,0.040338
1681455609118326784,SushyanPahlavi,0,0,0,0,4090,0,1,438.284468,1,0,1,0,0,0,0,0.000323,0.004345,0,0.08673
1681500568844369920,mahsakianiiii,0,0,0,0,1485,0,1,438.160428,1,0,1,0,0,0,0,0.000323,0.006697,0,0.008371
1682228795196190720,ChitchatBT,0,0,0,0,1056,0,1,436.150289,1,0,1,0,0,0,0,0.000323,0.004345,0,0.08673
1682332356420485121,TheAlef_,0,0,0,0,688,0,1,435.865127,3,0,3,0,0,0,0,0.000324,0.041316,0,0.178766
1682692464623210497,mobarazan57,0,0,0,0,464,0,1,434.871412,1,0,1,0,0,0,0,0.000324,0.006261,0,0.092551
1682882603848806400,king_ariyamehr,0,0,0,0,504,0,1,434.34662,1,0,1,0,0,0,0,0.000323,0.004345,0,0.08673
1682990617926795264,mezraaaab,0,0,0,0,378,0,1,434.04875,1,0,1,0,0,0,0,0.000326,0.000635,0,0.038203
1682990924547211265,chizesoorati,0,0,0,0,511,0,1,434.047998,1,0,1,0,0,0,0,0.000324,0.006261,0,0.092551
1683000928092188672,BhFak46419,0,0,0,0,996,0,1,434.020301,1,0,1,0,0,0,0,0.000323,0.020879,0,0.130057
1683187130770632704,Navid___Azadi,0,0,0,0,125,0,1,433.506065,1,0,1,0,0,0,0,0.000323,0.020879,0,0.130057
1683470103487168512,ToonDazza,0,0,0,0,44431,0,1,432.725683,1,0,1,0,0,0,0,0.000323,0.007148,0,0.002936
1683850657927684096,sobhanyasin,0,0,0,0,315,0,1,431.675359,1,0,1,0,0,0,0,0.000323,0.020879,0,0.130057
1683983896713601024,DwstSh5,0,0,0,0,747,0,1,431.307593,1,0,1,0,0,0,0,0.000323,0.004345,0,0.08673
1684187402523250688,lordkutuleh,0,0,0,0,757,0,1,430.746157,3,0,3,0,0,0,0,0.000324,0.040881,0,0.262947
1684625172287098880,Meshkat_Iran,0,0,0,0,1674,0,1,429.537894,4,0,4,0,0,0,0,0.000328,0.014886,0,0.304571
1684825191011008513,JodieButFaster,0,0,0,0,45,0,1,428.985602,1,0,1,0,0,0,0,0.000323,0.020879,0,0.130057
1684881343581155328,TheNihlOnExile,0,0,0,0,4295,0,1,428.831308,1,0,1,0,0,0,0,0.000323,0.007148,0,0.002936
1685278239500156928,Kaboos132691,0,0,0,0,545,0,1,427.736088,1,0,1,0,0,0,0,0.000324,0.002904,0,0.201218
1685292634707755008,UTrooper63351,0,0,0,0,1744,0,1,427.695544,1,0,1,0,0,0,0,0.000323,0.004345,0,0.08673
1685321169816145920,AzadiTeheran,0,0,0,0,322,0,1,427.617593,1,0,1,0,0,0,0,0.000323,0.020879,0,0.130057
1685461198764990465,sharland57753,0,0,0,0,10935,0,1,427.23125,1,0,1,0,0,0,0,0.000323,0.020879,0,0.130057
1685660425017319425,Bbahamundoxtre1,0,0,0,0,935,0,1,426.681539,1,0,1,0,0,0,0,0.000323,0.013741,0,0.040338
1685721864079917056,g_o_ldilocksir2,0,0,0,0,405,0,1,426.511875,2,0,2,0,0,0,0,0.000324,0.020002,0,0.132889
1685964600594911232,Sheyda36,0,0,0,0,17,0,1,425.8411,1,0,1,0,0,0,0,0.000323,0.020879,0,0.130057
1686026636095832064,AsalJazideh,0,0,0,0,5473,0,1,425.67059,3,0,3,0,0,0,0,0.000327,0.035255,0,0.208599
1686095799640276992,barzan_arbaba,0,0,0,0,0,0,1,425.480116,1,0,1,0,0,0,0,0.000323,0.013741,0,0.040338
1686311954946867200,fuckbehamechii,0,0,0,0,51,0,1,424.883414,1,0,1,0,0,0,0,0.000323,0.020879,0,0.130057
1686354204971966465,PahlaviNewsLine,0,0,0,0,922,0,1,424.767025,1,0,1,0,0,0,0,0.000323,0.004345,0,0.08673
1686861426114101248,abolfazladz,0,0,0,0,34,0,1,423.367141,1,0,1,0,0,0,0,0.000323,0.020879,0,0.130057
1687123572777439232,mmdmhd1ii_,0,0,0,0,1566,0,1,422.643924,1,0,1,0,0,0,0,0.000323,0.013741,0,0.040338
1687497542483812353,dneeyin,0,0,0,0,2903,0,1,421.612072,1,0,1,0,0,0,0,0.000331,0.000426,0,0.002936
1687662524915757056,scharminn,0,0,0,0,1343,0,1,421.156377,1,0,1,0,0,0,0,0.000324,0.006261,0,0.092551
1687682266162405376,AsedeleSexy,0,0,0,0,985,0,1,421.102269,2,0,2,0,0,0,0,0.000323,0.025224,0,0.216787
1688135722081894400,ForFreedom1401,0,0,0,0,1200,0,1,419.850683,1,0,1,0,0,0,0,0.000323,0.004345,0,0.08673
1688169909337964544,QXMRD,0,0,0,0,347,0,1,419.756597,1,0,1,0,0,0,0,0.000324,0.00177,0,0.002936
1688429377552592896,GoneTroppo23,0,0,0,0,894,0,1,419.040475,1,0,1,0,0,0,0,0.000323,0.020879,0,0.130057
1690323538501066752,IRN_GRL,0,0,0,0,973,0,1,413.813264,1,0,1,0,0,0,0,0.000324,0.006261,0,0.092551
1690345573516275712,ErosNavall,0,0,0,0,128,0,1,413.752141,1,0,1,0,0,0,0,0.000323,0.004345,0,0.08673
1690529247528734720,MahsaMalke34036,0,0,0,0,36,0,1,413.245706,1,0,1,0,0,0,0,0.000324,0.006261,0,0.092551
1690861584510259200,Farid1242040519,0,0,0,0,999,0,1,412.329039,1,0,1,0,0,0,0,0.000323,0.004345,0,0.08673
1691223269234348032,Anahid9854,0,0,0,0,555,0,1,411.330266,1,0,1,0,0,0,0,0.000323,0.013741,0,0.040338
1691230489086980096,wilson293364,0,0,0,0,595,0,1,411.310856,1,0,1,0,0,0,0,0.000329,0.000343,0,0.119935
1691650643579318273,SenatorClaire,0,0,0,0,5691,0,1,410.150856,2,0,2,0,0,0,0,0.000324,0.02714,0,0.222609
1692475127991001088,RayMegah,0,0,0,0,3409,0,1,407.876088,1,0,1,0,0,0,0,0.000323,0.007148,0,0.002936
1692553895635992577,misandristnaz,0,0,0,0,816,0,1,407.659213,1,0,1,0,0,0,0,0.000323,0.020879,0,0.130057
1693334263523872768,Rasa1403,0,0,0,0,874,0,1,405.504931,1,0,1,0,0,0,0,0.000323,0.007148,0,0.002936
1693756337849540608,Negarkorkor,0,0,0,0,2912,0,1,404.340787,3,0,3,0,0,0,0,0.000326,0.029306,0,0.380181
1694365510475915265,o2GBLrPkV777772,0,0,0,0,309,0,1,402.659688,2,0,2,0,0,0,0,0.000323,0.03462,0,0.170395
1694691026454142976,d_sargardan,0,0,0,0,379,0,1,401.76169,1,0,1,0,0,0,0,0.000323,0.013741,0,0.040338
1694793442033864704,Taraneui,0,0,0,0,827,0,1,401.479097,1,0,1,0,0,0,0,0.000323,0.013741,0,0.040338
1694887719317422080,CemalK25777Cema,0,0,0,0,1898,0,1,401.218403,1,0,1,0,0,0,0,0.000323,0.004345,0,0.08673
1695460906640039937,AzadFarsani5,0,0,0,0,3365,0,1,399.637072,2,0,2,0,0,0,0,0.000333,0.00311,0,0.129929
1695868081589940224,AnahitaMod39228,0,0,0,0,323,0,1,398.513356,1,0,1,0,0,0,0,0.000323,0.013741,0,0.040338
1695913196366819328,Keyhan_iran2023,0,0,0,0,40,0,1,398.389225,1,0,1,0,0,0,0,0.000323,0.004345,0,0.08673
1696062547533684736,farid_bela61055,0,0,0,0,453,0,1,397.975174,1,0,1,0,0,0,0,0.000323,0.004345,0,0.08673
1696158153774071808,Connman6669,0,0,0,0,235,0,1,397.713229,1,0,1,0,0,0,0,0.000324,0.00177,0,0.002936
1696235206435295233,thisismeaban,0,0,0,0,391,0,1,397.500359,1,0,1,0,0,0,0,0.000323,0.020879,0,0.130057
1696389869688549376,XkbarX,0,0,0,0,1340,0,1,397.073843,3,0,3,0,0,0,0,0.000325,0.023054,0,0.200846
1696548626124726272,Welamkondige,0,0,0,0,2744,0,1,396.635567,1,0,1,0,0,0,0,0.000323,0.013741,0,0.040338
1697196053064261632,jaber36912,0,0,0,0,149,0,1,394.849086,1,0,1,0,0,0,0,0.000323,0.004345,0,0.08673
1697657668813324288,zikaavi,0,0,0,0,139,0,1,393.575336,1,0,1,0,0,0,0,0.000324,0.002904,0,0.201218
1698107533431394304,Kolmar_kolmar,0,0,0,0,3541,0,1,392.333831,4,0,4,0,0,0,0,0.000326,0.016563,0,0.448456
1698428130766241792,Amirebrahi91824,0,0,0,0,1691,0,1,391.449236,1,0,1,0,0,0,0,0.000323,0.013741,0,0.040338
1698605021384839168,SalgardMahsa,0,0,0,0,664,0,1,390.960938,1,0,1,0,0,0,0,0.000323,0.020879,0,0.130057
1698688416404168704,danial_mir69895,0,0,0,0,900,0,1,390.730787,1,0,1,0,0,0,0,0.000323,0.004345,0,0.08673
1699476251734429697,ParsehIran,0,0,0,0,76,0,1,388.557095,1,0,1,0,0,0,0,0.000323,0.004345,0,0.08673
1699712971927162880,asmr9595amir,0,0,0,0,114,0,1,387.903009,1,0,1,0,0,0,0,0.000323,0.020879,0,0.130057
1699802214120730624,baba_kiseh,0,0,0,0,378,0,1,387.657662,1,0,1,0,0,0,0,0.000326,0.000635,0,0.038203
1699823715515498497,PartyPikp2582,0,0,0,0,5561,0,1,387.597766,1,0,1,0,0,0,0,0.000324,0.002904,0,0.201218
1699951948307345408,bardyar_,0,0,0,0,1901,0,1,387.243681,3,0,3,0,0,0,0,0.000324,0.041316,0,0.178766
1700769788765589504,_mihanparast_,0,0,0,0,409,0,1,384.987477,1,0,1,0,0,0,0,0.000323,0.004345,0,0.08673
1701156534082850816,EaglleKurdistan,0,0,0,0,294,0,1,383.920243,1,0,1,0,0,0,0,0.000323,0.013741,0,0.040338
1701247178184818689,Saeed1991apr,0,0,0,0,17737,0,1,383.670127,1,0,1,0,0,0,0,0.000331,0.000426,0,0.002936
1701250039367012352,ITACHIOCHIHA66,0,0,0,0,242,0,1,383.662257,3,0,3,0,0,0,0,0.000324,0.040881,0,0.262947
1701942233694445568,Havajegilan,0,0,0,0,639,0,1,381.751863,1,0,1,0,0,0,0,0.000323,0.020879,0,0.130057
1702059165617659904,Pinkpanther_gi,0,0,0,0,1695,0,1,381.429502,3,0,3,0,0,0,0,0.000326,0.008281,0,0.247238
1702767076887109632,mitraasef15015,0,0,0,0,1095,0,1,379.475868,3,0,3,0,0,0,0,0.000324,0.040881,0,0.262947
1703152818960404480,eyesofsarina,0,0,0,0,134,0,1,378.411713,2,0,2,0,0,0,0,0.000323,0.03462,0,0.170395
1703161059471749120,Revealed2023,0,0,0,0,466,0,1,378.388715,1,0,1,0,0,0,0,0.000323,0.013741,0,0.040338
1703176747816992768,A_khaki74,0,0,0,0,1962,0,1,378.345301,1,0,1,0,0,0,0,0.000325,0.001228,0,0.057333
1703279165154217984,mahraha99,0,0,0,0,1846,0,1,378.062164,1,0,1,0,0,0,0,0.000323,0.004345,0,0.08673
1703310582709940224,Emmanuel831908,0,0,0,0,353,0,1,377.976134,1,0,1,0,0,0,0,0.000323,0.020879,0,0.130057
1703327538171281408,Reza281207,0,0,0,0,26,0,1,377.929456,1,0,1,0,0,0,0,0.000325,0.001228,0,0.057333
1703739594775343104,NL1358,0,0,0,0,154,0,1,376.792442,1,0,1,0,0,0,0,0.000323,0.006697,0,0.008371
1703761188264321024,amirkhanbackup,0,0,0,0,1036,0,1,376.732731,3,0,3,0,0,0,0,0.000324,0.040881,0,0.262947
1704033782540455936,HilDA4535,0,0,0,0,112,0,1,375.980694,2,0,2,0,0,0,0,0.000324,0.02714,0,0.222609
1704262638283468800,Avaap812482,0,0,0,0,1965,0,1,375.349074,1,0,1,0,0,0,0,0.000324,0.002904,0,0.201218
1704397331431362560,Vicinocipresso,0,0,0,0,135,0,1,374.977373,1,0,1,0,0,0,0,0.000323,0.013741,0,0.040338
1704920945662869504,Rad6_6_6,0,0,0,0,25,0,1,373.532569,1,0,1,0,0,0,0,0.000323,0.006697,0,0.008371
1704949913971314689,navidi49,0,0,0,0,8216,0,1,373.452616,3,0,3,0,0,0,0,0.000326,0.009415,0,0.44552
1705116523029807104,dashalivafaei,0,0,0,0,947,0,1,372.992708,3,0,3,0,0,0,0,0.000324,0.041768,0,0.173332
1705254830162223104,NimaRezaee85098,0,0,0,0,122,0,1,372.610926,1,0,1,0,0,0,0,0.000323,0.006697,0,0.008371
1705422608768835584,mhrzyn1984931,0,0,0,0,458,0,1,372.147292,1,0,1,0,0,0,0,0.000323,0.004345,0,0.08673
1705499530379120640,Jafanrood123,0,0,0,0,1009,0,1,371.935544,1,0,1,0,0,0,0,0.000323,0.004345,0,0.08673
1705957057168343040,BuyniYgun,0,0,0,0,5680,0,1,370.673229,1,0,1,0,0,0,0,0.000331,0.000426,0,0.002936
1706352987441074176,mmaryamm96311,0,0,0,0,471,0,1,369.580914,1,0,1,0,0,0,0,0.000323,0.004345,0,0.08673
1706719411711696896,MaximReza3,0,0,0,0,4661,0,1,368.56978,1,0,1,0,0,0,0,0.000323,0.004345,0,0.08673
1706909483690000385,ARYMER_IRAN325,0,0,0,0,880,0,1,368.045035,1,0,1,0,0,0,0,0.000323,0.004345,0,0.08673
1706992274532401152,Tinaaa2048,0,0,0,0,3269,0,1,367.816701,1,0,1,0,0,0,0,0.000323,0.004345,0,0.08673
1707050903063392256,IranOurTemple,0,0,0,0,2225,0,1,367.655023,1,0,1,0,0,0,0,0.000323,0.004345,0,0.08673
1707217411080925184,nahidsh527641,0,0,0,0,2376,0,1,367.195556,2,0,2,0,0,0,0,0.000324,0.006115,0,0.089666
1707641725294985216,KathyMobarez,0,0,0,0,2265,0,1,366.024271,1,0,1,0,0,0,0,0.000323,0.004345,0,0.08673
1707808844720590848,persianoomer,0,0,0,0,430,0,1,365.563542,1,0,1,0,0,0,0,0.000324,0.00177,0,0.002936
1707855532881809408,khomeinishit,0,0,0,0,444,0,1,365.434664,1,0,1,0,0,0,0,0.000323,0.004345,0,0.08673
1708525912378028033,liloramdohr,0,0,0,0,58,0,1,363.582037,1,0,1,0,0,0,0,0.000323,0.020879,0,0.130057
1708871023737593856,NewXmotion,0,0,0,0,318,0,1,362.6325,1,0,1,0,0,0,0,0.000323,0.004345,0,0.08673
1709208943505846274,fillarrete,0,0,0,0,986,0,1,361.699537,1,0,1,0,0,0,0,0.000324,0.00177,0,0.002936
1709230436428152832,MomeniShabnam,0,0,0,0,797,0,1,361.640255,1,0,1,0,0,0,0,0.000323,0.004345,0,0.08673
1709251038975344640,Nohypocrisy_,0,0,0,0,985,0,1,361.583287,1,0,1,0,0,0,0,0.000323,0.004345,0,0.08673
1709314240345960448,gohareshghi,0,0,0,0,9749,0,1,361.409225,5,0,5,0,0,0,0,0.000326,0.050482,0,0.472535
1709581627834220544,AssociatedFress,0,0,0,0,12459,0,1,360.671597,1,0,1,0,0,0,0,0.000324,0.00177,0,0.002936
1709670290274344962,AsbeNajib,0,0,0,0,761,0,1,360.426863,1,0,1,0,0,0,0,0.000323,0.004345,0,0.08673
1709992653591285760,Naazer00,0,0,0,0,592,0,1,359.536771,1,0,1,0,0,0,0,0.000324,0.002904,0,0.201218
1710383664402485248,ThEeRossgellerR,0,0,0,0,2962,0,1,358.458299,2,0,2,0,0,0,0,0.000324,0.006115,0,0.089666
1710772330878603264,DavidDavid44401,0,0,0,0,380,0,1,357.385579,1,0,1,0,0,0,0,0.000323,0.020879,0,0.130057
1710803437548367872,Doktor_Babak_3,0,0,0,0,1781,0,1,357.300035,1,0,1,0,0,0,0,0.000323,0.004345,0,0.08673
1710969221201399808,whatthefawz,0,0,0,0,2079,0,1,356.841331,1,0,1,0,0,0,0,0.000324,0.00177,0,0.002936
1711235486751047680,THEREALJEW613,0,0,0,0,25936,0,1,356.107662,1,0,1,0,0,0,0,0.000324,0.00177,0,0.002936
1711408356395741184,ghelichbatman,0,0,0,0,179,0,1,355.630706,1,0,1,0,0,0,0,0.000323,0.013741,0,0.040338
1711788366407020544,ferdo30i,0,0,0,0,6395,0,1,354.582072,1,0,1,0,0,0,0,0.000323,0.013741,0,0.040338
1711800796575059968,Seniori18379849,0,0,0,0,93,0,1,354.547789,1,0,1,0,0,0,0,0.000323,0.013741,0,0.040338
1711955181791739904,MehranAzTehrann,0,0,0,0,835,0,1,354.121794,1,0,1,0,0,0,0,0.000324,0.00177,0,0.002936
1712056927327289346,rozbeh158202,0,0,0,0,1183,0,1,353.840787,1,0,1,0,0,0,0,0.000323,0.013741,0,0.040338
1712144859187060736,Arash_ramezani1,0,0,0,0,983,0,1,353.598356,2,0,2,0,0,0,0,0.000324,0.020889,0,0.043274
1712185579226513408,HelloMosie,0,0,0,0,411,0,1,353.485856,4,0,4,0,0,0,0,0.00033,0.031866,0,0.416979
1712243355201978368,tannaz13131313,589,8354,14,136,1596,130367,12.346663,353.32662,3,13,16,5,0.301174,0.334118,0.000342,0.000324,0.040881,0.007629,0.262947
1712407211840851968,hengamshahidi,0,0,0,0,7773,0,1,352.873009,1,0,1,0,0,0,0,0.000323,0.020879,0,0.130057
1712535792852283393,DamonHet,0,0,0,0,709,0,1,352.51963,3,0,3,0,0,0,0,0.000324,0.041768,0,0.173332
1712724643616854016,toomajam1,0,0,0,0,169,0,1,351.998472,1,0,1,0,0,0,0,0.000323,0.020879,0,0.130057
1713053359899656192,MosabHasanYOSEF,0,0,0,0,191318,0,1,351.091389,1,0,1,0,0,0,0,0.000325,0.001709,0,0.008371
1713530208114896896,NikolayTesla_,0,0,0,0,1363,0,1,349.774919,1,0,1,0,0,0,0,0.000323,0.004345,0,0.08673
1713673881171496960,wrdstn1136156,0,0,0,0,770,0,1,349.378738,1,0,1,0,0,0,0,0.000323,0.013741,0,0.040338
1713720919406137344,MewMiawMeow97,0,0,0,0,1746,0,1,349.249306,1,0,1,0,0,0,0,0.000323,0.013741,0,0.040338
1714409247642136576,ATA_2500,0,0,0,0,2301,0,1,347.349468,3,0,3,0,0,0,0,0.000325,0.00902,0,0.290884
1715204034578030592,HatIsRed,0,0,0,0,2780,0,1,345.156725,6,0,6,0,0,0,0,0.000351,0.045824,0,0.538252
1715833939015692288,Pantea_t1,0,0,0,0,352,0,1,343.418414,1,0,1,0,0,0,0,0.000323,0.020879,0,0.130057
1717188350430347264,Parsaghobadi123,0,0,0,0,3404,0,1,339.681007,1,0,1,0,0,0,0,0.000324,0.002904,0,0.201218
1717595119333818368,felfeli1957216,0,0,0,0,277,0,1,338.558368,1,0,1,0,0,0,0,0.000323,0.004345,0,0.08673
1717709678782644224,nobodySamyaza,0,0,0,0,309,0,1,338.241944,1,0,1,0,0,0,0,0.000323,0.004345,0,0.08673
1718146874551455744,saltiti60,0,0,0,0,1563,0,1,337.035556,1,0,1,0,0,0,0,0.000329,0.000343,0,0.119935
1718250682338168832,MFshfshh71601,0,0,0,0,2836,0,1,336.749433,1,0,1,0,0,0,0,0.000323,0.004345,0,0.08673
1718327808974364672,Choobinsan,0,0,0,0,880,0,1,336.536748,1,0,1,0,0,0,0,0.000323,0.020879,0,0.130057
1718768416553623552,emaeriaeem,0,0,0,0,4125,0,1,335.320706,3,0,3,0,0,0,0,0.000326,0.025949,0,0.488847
1719392781070635008,javane90sale5,0,0,0,0,1612,0,1,333.597755,2,0,2,0,0,0,0,0.000324,0.00725,0,0.287948
1720166586370179072,AryanRapist1920,0,0,0,0,561,0,1,331.462685,1,0,1,0,0,0,0,0.000324,0.00177,0,0.002936
1720375967204470784,Rass181818,0,0,0,0,877,0,1,330.884826,1,0,1,0,0,0,0,0.000323,0.020879,0,0.130057
1720399000518410240,HosseinAshtarii,0,0,0,0,3714,0,1,330.820938,5,0,5,0,0,0,0,0.000334,0.028001,0,0.617153
1720526912148197377,SorenaPatriot,0,0,0,0,1403,0,1,330.4675,1,0,1,0,0,0,0,0.000323,0.004345,0,0.08673
1721033259646074880,parva_javid,0,0,0,0,608,0,1,329.068368,2,0,2,0,0,0,0,0.000323,0.025224,0,0.216787
1721287461140099072,Farrrsh,0,0,0,0,952,0,1,328.369398,1,0,1,0,0,0,0,0.000323,0.020879,0,0.130057
1721474933925216256,RadioEspresso,0,0,0,0,311,0,1,327.852303,1,0,1,0,0,0,0,0.000324,0.002904,0,0.201218
1721521108959051776,zamiin_gerdeh,0,0,0,0,1209,0,1,327.724838,1,0,1,0,0,0,0,0.000323,0.020879,0,0.130057
1721580885923741697,IranFridom,0,0,0,0,447,0,1,327.559815,1,0,1,0,0,0,0,0.000323,0.004345,0,0.08673
1722460952527028224,Heyranam08,0,0,0,0,136,0,1,325.131088,1,0,1,0,0,0,0,0.000323,0.013741,0,0.040338
1722753969418625024,DavidADaoud,0,0,0,0,4454,0,1,324.32287,1,0,1,0,0,0,0,0.000323,0.020879,0,0.130057
1724342779361329152,Mia795806987870,0,0,0,0,1749,0,1,319.937627,1,0,1,0,0,0,0,0.000323,0.004345,0,0.08673
1724496577111138304,RastVaIrani,0,0,0,0,330,0,1,319.514178,1,0,1,0,0,0,0,0.000324,0.00177,0,0.002936
1724825204663443456,anti_dictatoris,0,0,0,0,988,0,1,318.607315,2,0,2,0,0,0,0,0.000323,0.028027,0,0.132994
1725266918255341568,ayhan_shms59379,0,0,0,0,1080,0,1,317.38735,2,0,2,0,0,0,0,0.000324,0.00725,0,0.287948
1725439312072736768,callmer_ya,0,0,0,0,94,0,1,316.912431,1,0,1,0,0,0,0,0.000324,0.00177,0,0.002936
1726309293455233024,CooperSasan,0,0,0,0,1360,0,1,314.5114,1,0,1,0,0,0,0,0.000323,0.013741,0,0.040338
1726522282107908097,pishibia2,0,0,0,0,501,0,1,313.924282,1,0,1,0,0,0,0,0.000326,0.000635,0,0.038203
1726928550983299072,mohammadparsi1,0,0,0,0,10584,0,1,312.802801,1,0,1,0,0,0,0,0.000323,0.007148,0,0.002936
1727054489587249152,foad_choobin,0,0,0,0,600,0,1,312.454317,1,0,1,0,0,0,0,0.000323,0.020879,0,0.130057
1727070892839030785,ahora_mazdai,0,0,0,0,479,0,1,312.41015,1,0,1,0,0,0,0,0.000323,0.004345,0,0.08673
1727075143686475776,RZareei22382,0,0,0,0,1053,0,1,312.398449,1,0,1,0,0,0,0,0.000323,0.004345,0,0.08673
1727735258244911106,SabriBokht,0,0,0,0,3265,0,1,310.573032,1,0,1,0,0,0,0,0.000324,0.00177,0,0.002936
1728230319781031936,TheNursesofIran,0,0,0,0,1241,0,1,309.210741,1,0,1,0,0,0,0,0.000323,0.004345,0,0.08673
1728307431527055360,Maarjaun,0,0,0,0,503,0,1,308.998079,2,0,2,0,0,0,0,0.000324,0.020002,0,0.132889
1728654283254513664,hitasb19,0,0,0,0,548,0,1,308.040914,1,0,1,0,0,0,0,0.000323,0.004345,0,0.08673
1729673064131051520,amgadizeina,0,0,0,0,1419,0,1,305.229711,1,0,1,0,0,0,0,0.000323,0.004345,0,0.08673
1731567517796069376,Affogato1987,0,0,0,0,125,0,1,299.997627,1,0,1,0,0,0,0,0.000323,0.020879,0,0.130057
1732362013555204096,ataeiai,0,0,0,0,1129,0,1,297.80941,2,0,2,0,0,0,0,0.000323,0.03462,0,0.170395
1732666086733078528,North_Forebilth,0,0,0,0,526,0,1,296.970613,1,0,1,0,0,0,0,0.000324,0.00177,0,0.002936
1732745049421615105,zootoxiic,0,0,0,0,333,0,1,296.751817,1,0,1,0,0,0,0,0.000325,0.001228,0,0.057333
1732774852354826240,SirAleQtheGreat,0,0,0,0,470,0,1,296.670058,1,0,1,0,0,0,0,0.000323,0.020879,0,0.130057
1734336665613668352,A3mooon1,0,0,0,0,701,0,1,292.360579,1,0,1,0,0,0,0,0.000323,0.004345,0,0.08673
1735240497881354240,Lavender_F_002,0,0,0,0,436,0,1,289.86662,1,0,1,0,0,0,0,0.000339,0.000011,0,0.006054
1735585756364591104,Sia_awer5,0,0,0,0,558,0,1,288.913866,2,0,2,0,0,0,0,0.000324,0.006115,0,0.089666
1736098032259584000,sau312112265020,0,0,0,0,200,0,1,287.500266,1,0,1,0,0,0,0,0.000323,0.013741,0,0.040338
1736457101155651584,Kiansa_Music,0,0,0,0,1219,0,1,286.509375,1,0,1,0,0,0,0,0.000323,0.004345,0,0.08673
1736869691283357696,sog_m_y,0,0,0,0,1344,0,1,285.370833,1,0,1,0,0,0,0,0.000323,0.004345,0,0.08673
1737715002826522624,plasticartman2,0,0,0,0,2479,0,1,283.038229,1,0,1,0,0,0,0,0.000323,0.013741,0,0.040338
1739043168513912833,JJSUKUNA,0,0,0,0,21,0,1,279.373137,1,0,1,0,0,0,0,0.000323,0.020879,0,0.130057
1739317408639115264,maryanamobarez,0,0,0,0,2219,0,1,278.616424,1,0,1,0,0,0,0,0.000323,0.004345,0,0.08673
1740481664168472576,anticharandiat,0,0,0,0,738,0,1,275.403646,2,0,2,0,0,0,0,0.000324,0.020002,0,0.132889
1740775697373675520,NavayePahlavi,0,0,0,0,1330,0,1,274.592292,1,0,1,0,0,0,0,0.000324,0.002904,0,0.201218
1741442948116480000,TheIslamHub,0,0,0,0,5233,0,1,272.751007,1,0,1,0,0,0,0,0.000323,0.007148,0,0.002936
1741705343279730688,famp137,0,0,0,0,456,0,1,272.027002,1,0,1,0,0,0,0,0.000324,0.00177,0,0.002936
1742204989529858048,Robonass,0,0,0,0,115,0,1,270.646435,1,0,1,0,0,0,0,0.000323,0.020879,0,0.130057
1742701726308724736,tidehaaa,0,0,0,0,743,0,1,269.277373,1,0,1,0,0,0,0,0.000323,0.004345,0,0.08673
1742837319114100737,ghoroobghorbat,0,0,0,0,724,0,1,268.903345,1,0,1,0,0,0,0,0.000323,0.013741,0,0.040338
1743356436518711296,adam_hesabi1,0,0,0,0,3352,0,1,267.470729,1,0,1,0,0,0,0,0.000324,0.002904,0,0.201218
1743513189600391168,minoobanoo9,0,0,0,0,1083,0,1,267.037928,1,0,1,0,0,0,0,0.000323,0.004345,0,0.08673
1744326840699781120,tehran445522,0,0,0,0,882,0,1,264.792801,3,0,3,0,0,0,0,0.000325,0.027389,0,0.374359
1744419333344821248,Kernel_Ronin,0,0,0,0,1878,0,1,264.53772,1,0,1,0,0,0,0,0.000323,0.004345,0,0.08673
1745128237485699073,InternetMiles,0,0,0,0,143,0,1,262.58044,2,0,2,0,0,0,0,0.000324,0.02714,0,0.222609
1745675927558696960,jahan_bi_khoda,0,0,0,0,162,0,1,261.07015,1,0,1,0,0,0,0,0.000323,0.004345,0,0.08673
1745791816144703488,shekast57t,0,0,0,0,1738,0,1,260.749907,1,0,1,0,0,0,0,0.000323,0.004345,0,0.08673
1746454776668135424,brmn151301,0,0,0,0,38,0,1,258.920914,1,0,1,0,0,0,0,0.000325,0.001228,0,0.057333
1746558343093657600,Mohtashampoone,0,0,0,0,1806,0,1,258.634838,1,0,1,0,0,0,0,0.000323,0.004345,0,0.08673
1747199742843510784,mirbaluch_,0,0,0,0,2189,0,1,256.865243,1,0,1,0,0,0,0,0.000323,0.004345,0,0.08673
1747210778338263040,armzozan31,0,0,0,0,762,0,1,256.834861,1,0,1,0,0,0,0,0.000324,0.00177,0,0.002936
1747303454060490753,PourrezaeiVahid,0,0,0,0,457,0,1,256.57713,1,0,1,0,0,0,0,0.000323,0.004345,0,0.08673
1748730669671370752,Mersedeh666,0,0,0,0,1437,0,1,252.640602,1,0,1,0,0,0,0,0.000323,0.004345,0,0.08673
1750110426296156160,akhondkosh_3,0,0,0,0,1866,0,1,248.832975,2,0,2,0,0,0,0,0.000323,0.018086,0,0.127068
1750155332536471552,PitchforkNo3,0,0,0,0,181,0,1,248.708206,1,0,1,0,0,0,0,0.000323,0.020879,0,0.130057
1750219478703468544,dyswn377418,0,0,0,0,757,0,1,248.532373,1,0,1,0,0,0,0,0.000324,0.00177,0,0.002936
1752602984142274560,Calling_Parisa,0,0,0,0,9285,0,1,241.955093,1,0,1,0,0,0,0,0.000323,0.004345,0,0.08673
1753140471008813056,geraldpersian,0,0,0,0,802,0,1,240.471736,2,0,2,0,0,0,0,0.000324,0.020002,0,0.132889
1755566268814618624,shouresh284,0,0,0,0,96,0,1,233.777546,1,0,1,0,0,0,0,0.000323,0.013741,0,0.040338
1757072289344962561,Katierebel2nd,0,0,0,0,3780,0,1,229.622118,2,0,2,0,0,0,0,0.000324,0.00725,0,0.287948
1757094380492484608,fireofGod1978,0,0,0,0,3041,0,1,229.561343,2,0,2,0,0,0,0,0.000323,0.025224,0,0.216787
1757495988833386497,nergalnemesis,0,0,0,0,1941,0,1,228.452998,1,0,1,0,0,0,0,0.000323,0.013741,0,0.040338
1757683670561783808,NewSamawal,0,0,0,0,5022,0,1,227.935035,1,0,1,0,0,0,0,0.000324,0.00177,0,0.002936
1759200975900860416,YasamanKhodajo,0,0,0,0,1524,0,1,223.747882,1,0,1,0,0,0,0,0.000324,0.00177,0,0.002936
1759270130045931520,bibinkarada,0,0,0,0,2829,0,1,223.557338,1,0,1,0,0,0,0,0.000323,0.020879,0,0.130057
1760064390089359360,azarthepersian,0,0,0,0,3762,0,1,221.365035,1,0,1,0,0,0,0,0.000324,0.00177,0,0.002936
1760182151491035136,RusseellAdlleer,0,0,0,0,1142,0,1,221.040382,1,0,1,0,0,0,0,0.000323,0.004345,0,0.08673
1760382583311896576,kirtopalestine,0,0,0,0,425,0,1,220.487211,1,0,1,0,0,0,0,0.000324,0.00177,0,0.002936
1760429294545670145,erteash9,0,0,0,0,321,0,1,220.358611,1,0,1,0,0,0,0,0.000324,0.00177,0,0.002936
1761842237204320256,ascendorrope,0,0,0,0,360,0,1,216.459803,1,0,1,0,0,0,0,0.000324,0.00177,0,0.002936
1763535092276686848,BarfiiIran,0,0,0,0,2591,0,1,211.788206,1,0,1,0,0,0,0,0.000323,0.004345,0,0.08673
1763980581581266944,Yasna25iran,0,0,0,0,538,0,1,210.558854,2,0,2,0,0,0,0,0.000324,0.027576,0,0.138428
1766032331758784512,superzanl,0,0,0,0,2441,0,1,204.897292,1,0,1,0,0,0,0,0.000324,0.00177,0,0.002936
1766139320379830272,baviarthur,0,0,0,0,1071,0,1,204.60191,1,0,1,0,0,0,0,0.000324,0.00177,0,0.002936
1766249770698276865,MissVeronica007,0,0,0,0,638,0,1,204.297106,1,0,1,0,0,0,0,0.000323,0.004345,0,0.08673
1767405320022700033,seti56705,0,0,0,0,945,0,1,201.108588,1,0,1,0,0,0,0,0.000323,0.004345,0,0.08673
1768073787088510976,JJToji,0,0,0,0,424,0,1,199.26397,1,0,1,0,0,0,0,0.000323,0.020879,0,0.130057
1769383089640214528,aatusaa1,0,0,0,0,377,0,1,195.650926,1,0,1,0,0,0,0,0.000323,0.020879,0,0.130057
1769667263194365952,Ghjkl13591359,0,0,0,0,656,0,1,194.866204,1,0,1,0,0,0,0,0.000323,0.004345,0,0.08673
1771277006438612993,IspahbadhSina,223,2130,625,984,1602,278143,12.401562,190.424757,0,221,221,4,0.348932,0.455714,0,0.000323,0,0.062125,0
1773642111474139136,Jz666Mer,0,0,0,0,1370,0,1,183.898275,1,0,1,0,0,0,0,0.000323,0.004345,0,0.08673
1773982376827187200,JavidShah0000,0,0,0,0,2043,0,1,182.959225,1,0,1,0,0,0,0,0.000323,0.004345,0,0.08673
1776590026714832896,negaran67,0,0,0,0,1057,0,1,175.763565,1,0,1,0,0,0,0,0.000323,0.004345,0,0.08673
1777078405457993728,GNforWLF,0,0,0,0,1334,0,1,174.415116,1,0,1,0,0,0,0,0.000323,0.020879,0,0.130057
1777304841116631042,Celia90008,0,0,0,0,95,0,1,173.791065,1,0,1,0,0,0,0,0.000323,0.013741,0,0.040338
1778753470046040065,GM_Mostaghel,0,0,0,0,239,0,1,169.793542,1,0,1,0,0,0,0,0.000323,0.006697,0,0.008371
1781710798299017216,tiiimsar,0,0,0,0,171,0,1,161.633009,1,0,1,0,0,0,0,0.000324,0.00177,0,0.002936
1783563759685931008,ApadanaTel,0,0,0,0,1030,0,1,156.519653,1,0,1,0,0,0,0,0.000323,0.020879,0,0.130057
1783880031774584832,its_only_me06,0,0,0,0,167,0,1,155.646968,1,0,1,0,0,0,0,0.000324,0.00177,0,0.002936
1785694630547488768,Rast_O_Irani,0,0,0,0,247,0,1,150.639688,1,0,1,0,0,0,0,0.000324,0.00177,0,0.002936
1786001687561342976,kosareftekharii,0,0,0,0,1855,0,1,149.791725,1,0,1,0,0,0,0,0.000323,0.020879,0,0.130057
1788239792162893824,Pahlavi0211,0,0,0,0,234,0,1,143.616296,1,0,1,0,0,0,0,0.000323,0.004345,0,0.08673
1792423369855676416,LucidIran,0,0,0,0,2743,0,1,132.071944,2,0,2,0,0,0,0,0.000324,0.022649,0,0.132994
1792504435324616704,faryaddarkhafa2,0,0,0,0,2325,0,1,131.848113,1,0,1,0,0,0,0,0.000323,0.013741,0,0.040338
1792650848998195201,pahlavikhah43,0,0,0,0,1604,0,1,131.444063,1,0,1,0,0,0,0,0.000323,0.004345,0,0.08673
1793245017584074752,hanaa411448,0,0,0,0,644,0,1,129.802812,1,0,1,0,0,0,0,0.000324,0.00177,0,0.002936
1794379179808440321,BearVAK,0,0,0,0,844,0,1,126.674664,1,0,1,0,0,0,0,0.000324,0.00177,0,0.002936
1794681516758278144,AFreedomWarrior,0,0,0,0,1345,0,1,125.84037,2,0,2,0,0,0,0,0.000323,0.03462,0,0.170395
1797254909970030592,OMINA_98,0,0,0,0,361,0,1,118.73919,1,0,1,0,0,0,0,0.000323,0.006697,0,0.008371
1797885633190629376,Alex47778556934,0,0,0,0,1884,0,1,116.998866,1,0,1,0,0,0,0,0.000323,0.004345,0,0.08673
1804690072555683840,israelifihther,0,0,0,0,26436,0,1,98.221968,1,0,1,0,0,0,0,0.000324,0.00177,0,0.002936
1804878696072802304,BaghanianPiruz,0,0,0,0,226,0,1,97.701736,1,0,1,0,0,0,0,0.000324,0.00177,0,0.002936
1805612783976730624,Behmorrie,0,0,0,0,3,0,1,95.675961,1,0,1,0,0,0,0,0.000323,0.004345,0,0.08673
1807132209809092609,_manticore_,0,0,0,0,82,0,1,91.48309,1,0,1,0,0,0,0,0.000324,0.00177,0,0.002936
1810765787847872513,2002Kingfox,0,0,0,0,10921,0,1,81.456273,1,0,1,0,0,0,0,0.000323,0.004345,0,0.08673
1814387846440202241,GeraldAzadikhah,0,0,0,0,337,0,1,71.461528,1,0,1,0,0,0,0,0.000323,0.013741,0,0.040338
1816920850525765632,TrumpIranians,0,0,0,0,4087,0,1,64.471655,1,0,1,0,0,0,0,0.000324,0.00177,0,0.002936
1817628312069439489,shakouri87,0,0,0,0,1781,0,1,62.519421,1,0,1,0,0,0,0,0.000323,0.004345,0,0.08673
1820881850409349121,Sohrab15740321,0,0,0,0,244,0,1,53.541331,1,0,1,0,0,0,0,0.000323,0.004345,0,0.08673
1821214017979039744,MoradiAshg78422,0,0,0,0,180,0,1,52.624734,1,0,1,0,0,0,0,0.000323,0.004345,0,0.08673
1823272616720826368,itsmesirenn,0,0,0,0,52,0,1,46.944178,1,0,1,0,0,0,0,0.000323,0.004345,0,0.08673
1823332595394113536,IranMonarchists,0,0,0,0,231,0,1,46.778356,2,0,2,0,0,0,0,0.000324,0.006115,0,0.089666
